{
"type": "FeatureCollection",
"name": "arc_gdf",
"crs": { "type": "name", "properties": { "name": "urn:ogc:def:crs:OGC:1.3:CRS84" } },
"features": [
{ "type": "Feature", "properties": { "arc_id": "(1, 2)", "length": 85.006274837017457 }, "geometry": { "type": "MultiPolygon", "coordinates": [ [ [ [ 116.324787907899449, 39.996208702384145 ], [ 116.32465728015454, 39.996208702384145 ], [ 116.32465728015454, 39.996090170838357 ], [ 116.324657234863864, 39.996090168948015 ], [ 116.324657234863864, 39.996209599327955 ], [ 116.324787547606348, 39.996209599327955 ], [ 116.324787907899449, 39.996208702384145 ] ] ], [ [ [ 116.323720715080796, 39.996051080583079 ], [ 116.323720715080796, 39.996211391354379 ], [ 116.323611315826327, 39.996211391354379 ], [ 116.323611937808039, 39.996211788074895 ], [ 116.323621463122819, 39.996216737788103 ], [ 116.323631573368914, 39.99622094558466 ], [ 116.323642171178861, 39.996224370941022 ], [ 116.323653154489705, 39.996226980868997 ], [ 116.323664417525762, 39.996228750233492 ], [ 116.323675851817441, 39.996229661994434 ], [ 116.324657234863849, 39.996270622878114 ], [ 116.324657234863849, 39.996209599327955 ], [ 116.324189020859649, 39.996209599327955 ], [ 116.324189020859649, 39.99607062668079 ], [ 116.323720715080796, 39.996051080583079 ] ] ] ] } },
{ "type": "Feature", "properties": { "arc_id": "(1, 3)", "length": 1282.607045612172 }, "geometry": { "type": "MultiPolygon", "coordinates": [ [ [ [ 116.321887211695497, 39.998204455298477 ], [ 116.320944158909967, 39.9982282541175 ], [ 116.320943427099039, 39.998228274343703 ], [ 116.320721601847097, 39.998234939052239 ], [ 116.319908793892694, 39.998246801233719 ], [ 116.319436010585349, 39.998244906912333 ], [ 116.319309602581185, 39.998244406881831 ], [ 116.319303449672432, 39.998244506873952 ], [ 116.318239751067154, 39.99828330683529 ], [ 116.318237234846151, 39.998283419484331 ], [ 116.317952735217972, 39.998298519467895 ], [ 116.317939026408993, 39.998299875674277 ], [ 116.317537095269358, 39.998358350792152 ], [ 116.315750963794102, 39.998349407645861 ], [ 116.315739806178186, 39.998349761065512 ], [ 116.315728743015271, 39.998350929982116 ], [ 116.315717874840885, 39.998352903773259 ], [ 116.315707300418666, 39.998355664502284 ], [ 116.315697115842795, 39.998359187081284 ], [ 116.315687413664833, 39.998363439499101 ], [ 116.315678282052659, 39.998368383112265 ], [ 116.315669803989152, 39.998373972996042 ], [ 116.315662056518235, 39.998380158352823 ], [ 116.315655110044659, 39.998386882973648 ], [ 116.315649027694278, 39.998394085748991 ], [ 116.315643864740267, 39.99840170122414 ], [ 116.3156396681009, 39.998409660193985 ], [ 116.31563647591328, 39.998417890331886 ], [ 116.31563431718655, 39.998426316846995 ], [ 116.315633211538383, 39.998434863163808 ], [ 116.315613511038521, 39.998728863139924 ], [ 116.315613472267614, 39.998729483301723 ], [ 116.315549006686624, 39.999840410875002 ], [ 116.315358918434157, 40.000916471377479 ], [ 116.315358620974635, 40.00091829438351 ], [ 116.315306961127746, 40.001263337521642 ], [ 116.315542806210459, 40.001263337521642 ], [ 116.315591242421021, 40.000939818169599 ], [ 116.315781879818644, 39.999860628302599 ], [ 116.315782829645713, 39.999852516660766 ], [ 116.315847509752615, 39.998737826712478 ], [ 116.315861424909599, 39.99853015389067 ], [ 116.317546938564135, 39.998538592384293 ], [ 116.317558255185901, 39.998538227812617 ], [ 116.317569473129083, 39.998537024393144 ], [ 116.317975771330111, 39.998477913970824 ], [ 116.318252107847272, 39.998463247248715 ], [ 116.319311475586403, 39.998424605294716 ], [ 116.319434793416505, 39.998425093102313 ], [ 116.31990899003452, 39.998426993093929 ], [ 116.31991182194578, 39.998426978107069 ], [ 116.3207272230173, 39.998415078100578 ], [ 116.32072957261866, 39.998415025661075 ], [ 116.320952207045579, 39.998408336647543 ], [ 116.321894942336826, 39.998384545860489 ], [ 116.321942983819739, 39.998383304260571 ], [ 116.322000132085009, 39.998383592403123 ], [ 116.322011377261248, 39.998383233264484 ], [ 116.322022525722829, 39.998382045808256 ], [ 116.322033474559362, 39.998380040995769 ], [ 116.32204412270309, 39.998377237333251 ], [ 116.322054371862023, 39.998373660701027 ], [ 116.322064127427197, 39.998369344114693 ], [ 116.322073299346016, 39.998364327420227 ], [ 116.32208180295352, 39.99835865692625 ], [ 116.322089559753863, 39.998352384976542 ], [ 116.322096498145072, 39.998345569466828 ], [ 116.322102554079777, 39.998338273310381 ], [ 116.32210767165661, 39.998330563857245 ], [ 116.322111803636062, 39.998322512272523 ], [ 116.322114911876653, 39.998314192879526 ], [ 116.322116967686981, 39.998305682473593 ], [ 116.322228208541517, 39.997678773382589 ], [ 116.322523077316561, 39.996232998074021 ], [ 116.323676257419265, 39.996281858024098 ], [ 116.32368750646971, 39.996281918516061 ], [ 116.323698711193074, 39.996281148824927 ], [ 116.3237097682551, 39.996279556049082 ], [ 116.323720575683339, 39.996277154877703 ], [ 116.323731033807604, 39.996273967455302 ], [ 116.323741046179109, 39.996270023177509 ], [ 116.323750520460081, 39.996265358419933 ], [ 116.323759369275223, 39.99626001620274 ], [ 116.323767511017564, 39.996254045793854 ], [ 116.323774870601127, 39.996247502254612 ], [ 116.323781380153306, 39.996240445931974 ], [ 116.323786979640914, 39.996232941901951 ], [ 116.323791617423751, 39.996225059369415 ], [ 116.323795250730768, 39.996216871029951 ], [ 116.323797846054717, 39.996208452399379 ], [ 116.323799379460965, 39.996199881117299 ], [ 116.32379983680832, 39.996191236231112 ], [ 116.323799336719091, 39.996139036230872 ], [ 116.323798688074916, 39.996130208872358 ], [ 116.323796917587345, 39.996121472919135 ], [ 116.32379404230754, 39.996112912503158 ], [ 116.323790089926433, 39.996104610065828 ], [ 116.323785098507912, 39.996096645564066 ], [ 116.323779116122353, 39.996089095700228 ], [ 116.323772200383615, 39.996082033183527 ], [ 116.323764417894168, 39.996075526029664 ], [ 116.323755843603664, 39.996069636905915 ], [ 116.323746560087173, 39.996064422527638 ], [ 116.323736656749915, 39.996059933111951 ], [ 116.323726228966208, 39.996056211894256 ], [ 116.323720715080796, 39.996054729651469 ], [ 116.323720715080796, 39.996211391354379 ], [ 116.32325249855252, 39.996211391354379 ], [ 116.32325249855252, 39.996083441684249 ], [ 116.32325245327884, 39.996083439765975 ], [ 116.32325245327884, 39.996212286277441 ], [ 116.322784235333572, 39.996212286277441 ], [ 116.322784235333572, 39.996063601067611 ], [ 116.322784190065548, 39.996063599149579 ], [ 116.322784190065548, 39.996213180367562 ], [ 116.322315970600187, 39.996213180367562 ], [ 116.322315970600187, 39.996110319717609 ], [ 116.322315630727417, 39.996111008046867 ], [ 116.322312567697125, 39.996119796294174 ], [ 116.322300067626074, 39.996164596281353 ], [ 116.322298875138983, 39.996169538397695 ], [ 116.321996572706951, 39.997651738079028 ], [ 116.321996233395922, 39.997653517529429 ], [ 116.321898523278662, 39.998204162953186 ], [ 116.321887211695497, 39.998204455298477 ] ] ], [ [ [ 116.315291025372616, 40.001360356879154 ], [ 116.315291025372616, 40.001623053754159 ], [ 116.3154826949458, 40.001623053754159 ], [ 116.31548284272229, 40.001622183696647 ], [ 116.315291070563958, 40.001622183696647 ], [ 116.315291070563958, 40.001360090813243 ], [ 116.315291025372616, 40.001360356879154 ] ] ], [ [ [ 116.315246258849257, 40.001623921649845 ], [ 116.315290980180563, 40.001623921649845 ], [ 116.315290980180563, 40.001982769965544 ], [ 116.315193426351655, 40.001982769965544 ], [ 116.315193671283609, 40.001983637861052 ], [ 116.315290934987786, 40.001983637861052 ], [ 116.315290934987786, 40.002050497357828 ], [ 116.315291926361382, 40.002050635287887 ], [ 116.315303385396831, 40.002051348906335 ], [ 116.315314880206131, 40.002051195303494 ], [ 116.315326300087506, 40.002050175958594 ], [ 116.315337535060848, 40.002048300688543 ], [ 116.315348476926843, 40.002045587553276 ], [ 116.315359020308946, 40.002042062681845 ], [ 116.315369063668342, 40.002037760020841 ], [ 116.315378510281761, 40.002032721007367 ], [ 116.315387269173016, 40.002026994170016 ], [ 116.315395255989088, 40.002020634661527 ], [ 116.31540239381259, 40.002013703727627 ], [ 116.315408613902477, 40.00200626811715 ], [ 116.315413856356045, 40.001998399439245 ], [ 116.31541807068588, 40.001990173473708 ], [ 116.315421131056837, 40.001981899908202 ], [ 116.315291025372616, 40.001981899908202 ], [ 116.315291025372616, 40.001623053754159 ], [ 116.315246406261494, 40.001623053754159 ], [ 116.315246258849257, 40.001623921649845 ] ] ] ] } },
{ "type": "Feature", "properties": { "arc_id": "(1, 4)", "length": 1090.2717951795153 }, "geometry": { "type": "MultiPolygon", "coordinates": [ [ [ [ 116.323676257419265, 39.996281858024098 ], [ 116.32368750646971, 39.996281918516061 ], [ 116.323698711193074, 39.996281148824927 ], [ 116.3237097682551, 39.996279556049082 ], [ 116.323720575683339, 39.996277154877703 ], [ 116.323731033807604, 39.996273967455302 ], [ 116.323741046179109, 39.996270023177509 ], [ 116.323750520460081, 39.996265358419933 ], [ 116.323759369275223, 39.99626001620274 ], [ 116.323767511017564, 39.996254045793854 ], [ 116.323774870601127, 39.996247502254612 ], [ 116.323781380153306, 39.996240445931974 ], [ 116.323786979640914, 39.996232941901951 ], [ 116.323791617423751, 39.996225059369415 ], [ 116.323795250730768, 39.996216871029951 ], [ 116.323797846054717, 39.996208452399379 ], [ 116.323799379460965, 39.996199881117299 ], [ 116.32379983680832, 39.996191236231112 ], [ 116.323799336719091, 39.996139036230872 ], [ 116.323798688074916, 39.996130208872358 ], [ 116.323796917587345, 39.996121472919135 ], [ 116.32379404230754, 39.996112912503158 ], [ 116.323790089926433, 39.996104610065828 ], [ 116.323785098507912, 39.996096645564066 ], [ 116.323779116122353, 39.996089095700228 ], [ 116.323772200383615, 39.996082033183527 ], [ 116.323764417894168, 39.996075526029664 ], [ 116.323755843603664, 39.996069636905915 ], [ 116.323746560087173, 39.996064422527638 ], [ 116.323736656749915, 39.996059933111951 ], [ 116.323726228966208, 39.996056211894256 ], [ 116.323720715080796, 39.996054729651469 ], [ 116.323720715080796, 39.996211391354379 ], [ 116.32325249855252, 39.996211391354379 ], [ 116.32325249855252, 39.996083441684249 ], [ 116.32325245327884, 39.996083439765975 ], [ 116.32325245327884, 39.996212286277441 ], [ 116.322784235333572, 39.996212286277441 ], [ 116.322784235333572, 39.996063601067611 ], [ 116.322784190065548, 39.996063599149579 ], [ 116.322784190065548, 39.996213180367562 ], [ 116.322315970600187, 39.996213180367562 ], [ 116.322315970600187, 39.996110319717609 ], [ 116.322315630727417, 39.996111008046867 ], [ 116.322312567697125, 39.996119796294174 ], [ 116.322300067626074, 39.996164596281353 ], [ 116.322298875138983, 39.996169538397695 ], [ 116.321996572706951, 39.997651738079028 ], [ 116.321996233395922, 39.997653517529429 ], [ 116.321884832355934, 39.998281317410459 ], [ 116.321884283454068, 39.998284963697685 ], [ 116.321709281075115, 39.999699063503783 ], [ 116.321708936347719, 39.999702575575981 ], [ 116.321657835555868, 40.000406169959149 ], [ 116.321622459215135, 40.000892169994415 ], [ 116.321847025322072, 40.000892169994415 ], [ 116.321847025322072, 40.001021806732957 ], [ 116.32184870313408, 40.001007045761206 ], [ 116.321848965057612, 40.001004235529052 ], [ 116.321891764058606, 40.000416235478028 ], [ 116.321942735952504, 39.999714382934144 ], [ 116.322019781156726, 39.999091805110353 ], [ 116.321847342174792, 39.999091805110353 ], [ 116.321847342174792, 39.998732980918362 ], [ 116.322064186341251, 39.998732980918362 ], [ 116.322117290431777, 39.998303863630078 ], [ 116.322228208541517, 39.997678773382589 ], [ 116.322523077316561, 39.996232998074021 ], [ 116.323676257419265, 39.996281858024098 ] ] ], [ [ [ 116.321585682515618, 40.00125188624952 ], [ 116.321820873237897, 40.00125188624952 ], [ 116.321820974526744, 40.001250995135507 ], [ 116.321585783807492, 40.001250995135507 ], [ 116.321585682515618, 40.00125188624952 ] ] ], [ [ [ 116.321540623144116, 40.001611602483671 ], [ 116.321776094354448, 40.001611602483671 ], [ 116.321776210432247, 40.001610711369722 ], [ 116.321540739224943, 40.001610711369722 ], [ 116.321540623144116, 40.001611602483671 ] ] ], [ [ [ 116.321493764762863, 40.00197131869669 ], [ 116.321729237196777, 40.00197131869669 ], [ 116.321729353274577, 40.001970427582819 ], [ 116.32149388084369, 40.001970427582819 ], [ 116.321493764762863, 40.00197131869669 ] ] ], [ [ [ 116.321460587840818, 40.002331034888407 ], [ 116.321695358374669, 40.002331034888407 ], [ 116.321695431775638, 40.002330143774614 ], [ 116.321460661244785, 40.002330143774614 ], [ 116.321460587840818, 40.002331034888407 ] ] ], [ [ [ 116.321374785710461, 40.003372660625615 ], [ 116.321312599636627, 40.004116178964139 ], [ 116.321248283374288, 40.004849937583309 ], [ 116.321378259414161, 40.004849937583309 ], [ 116.321378259414161, 40.004987012087454 ], [ 116.321387891451337, 40.004985678487763 ], [ 116.321398952405872, 40.004983266501732 ], [ 116.321409652671917, 40.004980032388644 ], [ 116.321419889199788, 40.0049760072949 ], [ 116.321429563405843, 40.004971229984484 ], [ 116.321438582121971, 40.004965746465643 ], [ 116.321446858492962, 40.004959609547846 ], [ 116.32145431281279, 40.0049528783331 ], [ 116.32146087329231, 40.004945617646854 ], [ 116.321466476750729, 40.004937897413676 ], [ 116.321471069223861, 40.00492979198372 ], [ 116.321474606483989, 40.004921379416864 ], [ 116.321477054465703, 40.004912740730816 ], [ 116.32147838959402, 40.004903959120931 ], [ 116.321483280679317, 40.004848156506981 ], [ 116.321378349951615, 40.004848156506981 ], [ 116.321378349951615, 40.004489331582242 ], [ 116.321514731595116, 40.004489331582242 ], [ 116.321514809700986, 40.004488440468897 ], [ 116.32137839521927, 40.004488440468897 ], [ 116.32137839521927, 40.004129615521776 ], [ 116.32154626061876, 40.004129615521776 ], [ 116.321546388278833, 40.004128159042153 ], [ 116.321546411939593, 40.004127882766305 ], [ 116.321608610677984, 40.003384182693765 ], [ 116.32166580198475, 40.002689859944951 ], [ 116.321431030243332, 40.002689859944951 ], [ 116.321374785710461, 40.003372660625615 ] ] ] ] } },
{ "type": "Feature", "properties": { "arc_id": "(1, 5)", "length": 1003.9665574871143 }, "geometry": { "type": "MultiPolygon", "coordinates": [ [ [ [ 116.323676257419265, 39.996281858024098 ], [ 116.32368750646971, 39.996281918516061 ], [ 116.323698711193074, 39.996281148824927 ], [ 116.3237097682551, 39.996279556049082 ], [ 116.323720575683339, 39.996277154877703 ], [ 116.323731033807604, 39.996273967455302 ], [ 116.323741046179109, 39.996270023177509 ], [ 116.323750520460081, 39.996265358419933 ], [ 116.323759369275223, 39.99626001620274 ], [ 116.323767511017564, 39.996254045793854 ], [ 116.323774870601127, 39.996247502254612 ], [ 116.323781380153306, 39.996240445931974 ], [ 116.323786979640914, 39.996232941901951 ], [ 116.323791617423751, 39.996225059369415 ], [ 116.323795250730768, 39.996216871029951 ], [ 116.323797846054717, 39.996208452399379 ], [ 116.323799379460965, 39.996199881117299 ], [ 116.32379983680832, 39.996191236231112 ], [ 116.323799336719091, 39.996139036230872 ], [ 116.323798688074916, 39.996130208872358 ], [ 116.323796917587345, 39.996121472919135 ], [ 116.32379404230754, 39.996112912503158 ], [ 116.323790089926433, 39.996104610065828 ], [ 116.323785098507912, 39.996096645564066 ], [ 116.323779116122353, 39.996089095700228 ], [ 116.323772200383615, 39.996082033183527 ], [ 116.323764417894168, 39.996075526029664 ], [ 116.323755843603664, 39.996069636905915 ], [ 116.323746560087173, 39.996064422527638 ], [ 116.323736656749915, 39.996059933111951 ], [ 116.323726228966208, 39.996056211894256 ], [ 116.323720715080796, 39.996054729651469 ], [ 116.323720715080796, 39.996211391354379 ], [ 116.32325249855252, 39.996211391354379 ], [ 116.32325249855252, 39.996083441684249 ], [ 116.32325245327884, 39.996083439765975 ], [ 116.32325245327884, 39.996212286277441 ], [ 116.322784235333572, 39.996212286277441 ], [ 116.322784235333572, 39.996063601067611 ], [ 116.322784190065548, 39.996063599149579 ], [ 116.322784190065548, 39.996213180367562 ], [ 116.322315970600187, 39.996213180367562 ], [ 116.322315970600187, 39.996110319717609 ], [ 116.322315630727417, 39.996111008046867 ], [ 116.322312567697125, 39.996119796294174 ], [ 116.322300067626074, 39.996164596281353 ], [ 116.322298875138983, 39.996169538397695 ], [ 116.321996572706951, 39.997651738079028 ], [ 116.321996233395922, 39.997653517529429 ], [ 116.321884832355934, 39.998281317410459 ], [ 116.321884283454068, 39.998284963697685 ], [ 116.321709281075115, 39.999699063503783 ], [ 116.321708936347719, 39.999702575575981 ], [ 116.321657835555868, 40.000406169959149 ], [ 116.321622459215135, 40.000892169994415 ], [ 116.321847025322072, 40.000892169994415 ], [ 116.321847025322072, 40.001021806732957 ], [ 116.32184870313408, 40.001007045761206 ], [ 116.321848965057612, 40.001004235529052 ], [ 116.321891764058606, 40.000416235478028 ], [ 116.321942735952504, 39.999714382934144 ], [ 116.322019781156726, 39.999091805110353 ], [ 116.321847342174792, 39.999091805110353 ], [ 116.321847342174792, 39.998732980918362 ], [ 116.322064186341251, 39.998732980918362 ], [ 116.322117290431777, 39.998303863630078 ], [ 116.322228208541517, 39.997678773382589 ], [ 116.322523077316561, 39.996232998074021 ], [ 116.323676257419265, 39.996281858024098 ] ] ], [ [ [ 116.321585682515618, 40.00125188624952 ], [ 116.321820873237897, 40.00125188624952 ], [ 116.321820974526744, 40.001250995135507 ], [ 116.321585783807492, 40.001250995135507 ], [ 116.321585682515618, 40.00125188624952 ] ] ], [ [ [ 116.321540623144116, 40.001611602483671 ], [ 116.321776094354448, 40.001611602483671 ], [ 116.321776210432247, 40.001610711369722 ], [ 116.321540739224943, 40.001610711369722 ], [ 116.321540623144116, 40.001611602483671 ] ] ], [ [ [ 116.321493764762863, 40.00197131869669 ], [ 116.321729237196777, 40.00197131869669 ], [ 116.321729353274577, 40.001970427582819 ], [ 116.32149388084369, 40.001970427582819 ], [ 116.321493764762863, 40.00197131869669 ] ] ], [ [ [ 116.321460587840818, 40.002331034888407 ], [ 116.321695358374669, 40.002331034888407 ], [ 116.321695431775638, 40.002330143774614 ], [ 116.321460661244785, 40.002330143774614 ], [ 116.321460587840818, 40.002331034888407 ] ] ], [ [ [ 116.321374785710461, 40.003372660625615 ], [ 116.321312588081824, 40.004116317115894 ], [ 116.321312413973857, 40.004125157531838 ], [ 116.321313367468477, 40.004133968502622 ], [ 116.321315439383397, 40.004142665173767 ], [ 116.32131860976537, 40.004151163791533 ], [ 116.321322848082261, 40.004159382509485 ], [ 116.321328113517069, 40.004167242176777 ], [ 116.32133435536106, 40.004174667100365 ], [ 116.321341513502034, 40.004181585774042 ], [ 116.321349519003249, 40.004187931567024 ], [ 116.321358294767407, 40.00419364336571 ], [ 116.321367756279031, 40.004198666162196 ], [ 116.321377812418461, 40.00420295158402 ], [ 116.32137839521927, 40.004203145232616 ], [ 116.32137839521927, 40.004129615521776 ], [ 116.32154615551849, 40.004129615521776 ], [ 116.321546411939593, 40.004127882766305 ], [ 116.321608610677984, 40.003384182693765 ], [ 116.32166580198475, 40.002689859944951 ], [ 116.321431030243332, 40.002689859944951 ], [ 116.321374785710461, 40.003372660625615 ] ] ] ] } },
{ "type": "Feature", "properties": { "arc_id": "(1, 6)", "length": 1678.906074323454 }, "geometry": { "type": "MultiPolygon", "coordinates": [ [ [ [ 116.323676257419265, 39.996281858024098 ], [ 116.32368750646971, 39.996281918516061 ], [ 116.323698711193074, 39.996281148824927 ], [ 116.3237097682551, 39.996279556049082 ], [ 116.323720575683339, 39.996277154877703 ], [ 116.323731033807604, 39.996273967455302 ], [ 116.323741046179109, 39.996270023177509 ], [ 116.323750520460081, 39.996265358419933 ], [ 116.323759369275223, 39.99626001620274 ], [ 116.323767511017564, 39.996254045793854 ], [ 116.323774870601127, 39.996247502254612 ], [ 116.323781380153306, 39.996240445931974 ], [ 116.323786979640914, 39.996232941901951 ], [ 116.323791617423751, 39.996225059369415 ], [ 116.323795250730768, 39.996216871029951 ], [ 116.323797846054717, 39.996208452399379 ], [ 116.323799379460965, 39.996199881117299 ], [ 116.32379983680832, 39.996191236231112 ], [ 116.323799336719091, 39.996139036230872 ], [ 116.323798688074916, 39.996130208872358 ], [ 116.323796917587345, 39.996121472919135 ], [ 116.32379404230754, 39.996112912503158 ], [ 116.323790089926433, 39.996104610065828 ], [ 116.323785098507912, 39.996096645564066 ], [ 116.323779116122353, 39.996089095700228 ], [ 116.323772200383615, 39.996082033183527 ], [ 116.323764417894168, 39.996075526029664 ], [ 116.323755843603664, 39.996069636905915 ], [ 116.323746560087173, 39.996064422527638 ], [ 116.323736656749915, 39.996059933111951 ], [ 116.323726228966208, 39.996056211894256 ], [ 116.323720715080796, 39.996054729651469 ], [ 116.323720715080796, 39.996211391354379 ], [ 116.32325249855252, 39.996211391354379 ], [ 116.32325249855252, 39.996083441684249 ], [ 116.32325245327884, 39.996083439765975 ], [ 116.32325245327884, 39.996212286277441 ], [ 116.322784235333572, 39.996212286277441 ], [ 116.322784235333572, 39.996063601067611 ], [ 116.322784190065548, 39.996063599149579 ], [ 116.322784190065548, 39.996213180367562 ], [ 116.322315970600187, 39.996213180367562 ], [ 116.322315970600187, 39.996110319717609 ], [ 116.322315630727417, 39.996111008046867 ], [ 116.322312567697125, 39.996119796294174 ], [ 116.322300067626074, 39.996164596281353 ], [ 116.322298875138983, 39.996169538397695 ], [ 116.321996572706951, 39.997651738079028 ], [ 116.321996233395922, 39.997653517529429 ], [ 116.321884832355934, 39.998281317410459 ], [ 116.321884283454068, 39.998284963697685 ], [ 116.321709281075115, 39.999699063503783 ], [ 116.321708936347719, 39.999702575575981 ], [ 116.321657835555868, 40.000406169959149 ], [ 116.321622459215135, 40.000892169994415 ], [ 116.321847025322072, 40.000892169994415 ], [ 116.321847025322072, 40.001021806732957 ], [ 116.32184870313408, 40.001007045761206 ], [ 116.321848965057612, 40.001004235529052 ], [ 116.321891764058606, 40.000416235478028 ], [ 116.321942735952504, 39.999714382934144 ], [ 116.322019781156726, 39.999091805110353 ], [ 116.321847342174792, 39.999091805110353 ], [ 116.321847342174792, 39.998732980918362 ], [ 116.322064186341251, 39.998732980918362 ], [ 116.322117290431777, 39.998303863630078 ], [ 116.322228208541517, 39.997678773382589 ], [ 116.322523077316561, 39.996232998074021 ], [ 116.323676257419265, 39.996281858024098 ] ] ], [ [ [ 116.321585682515618, 40.00125188624952 ], [ 116.321820873237897, 40.00125188624952 ], [ 116.321820974526744, 40.001250995135507 ], [ 116.321585783807492, 40.001250995135507 ], [ 116.321585682515618, 40.00125188624952 ] ] ], [ [ [ 116.321540623144116, 40.001611602483671 ], [ 116.321776094354448, 40.001611602483671 ], [ 116.321776210432247, 40.001610711369722 ], [ 116.321540739224943, 40.001610711369722 ], [ 116.321540623144116, 40.001611602483671 ] ] ], [ [ [ 116.321493764762863, 40.00197131869669 ], [ 116.321729237196777, 40.00197131869669 ], [ 116.321729353274577, 40.001970427582819 ], [ 116.32149388084369, 40.001970427582819 ], [ 116.321493764762863, 40.00197131869669 ] ] ], [ [ [ 116.321460587840818, 40.002331034888407 ], [ 116.321695358374669, 40.002331034888407 ], [ 116.321695431775638, 40.002330143774614 ], [ 116.321460661244785, 40.002330143774614 ], [ 116.321460587840818, 40.002331034888407 ] ] ], [ [ [ 116.321374785710461, 40.003372660625615 ], [ 116.321312599636627, 40.004116178964139 ], [ 116.321248283374288, 40.004849937583309 ], [ 116.321378259414161, 40.004849937583309 ], [ 116.321378259414161, 40.005208763635608 ], [ 116.321222084699897, 40.005208763635608 ], [ 116.32119032506202, 40.005655790315146 ], [ 116.321187434166561, 40.005694966027086 ], [ 116.321150536433706, 40.006189224364448 ], [ 116.321147837273173, 40.006225212352881 ], [ 116.321147798883757, 40.006225752393171 ], [ 116.321124721706923, 40.006569303889833 ], [ 116.321111248327711, 40.006743655548433 ], [ 116.321111210489036, 40.006744170039866 ], [ 116.321069809480804, 40.007337169990144 ], [ 116.321067143294613, 40.007375581794435 ], [ 116.321014399108449, 40.008000607749089 ], [ 116.320999312885633, 40.008170149667308 ], [ 116.320999202798703, 40.00817154591045 ], [ 116.320965001952317, 40.008669245869257 ], [ 116.320964994514071, 40.008678644741877 ], [ 116.320966260475231, 40.008687993065273 ], [ 116.320968786058515, 40.008697189099315 ], [ 116.320972543777899, 40.008706132761255 ], [ 116.320977492737626, 40.008714726714942 ], [ 116.320983579077293, 40.008722877430145 ], [ 116.320990736558088, 40.008730496200471 ], [ 116.321147036484618, 40.008879796321537 ], [ 116.321155655999078, 40.008887160966474 ], [ 116.321165275055733, 40.008893753243441 ], [ 116.322314250126311, 40.009597952141071 ], [ 116.322314250126311, 40.009523570698889 ], [ 116.322561796121178, 40.009523570698889 ], [ 116.322560652970864, 40.009522677523435 ], [ 116.32231429541514, 40.009522677523435 ], [ 116.32231429541514, 40.009367559637049 ], [ 116.321321446655773, 40.008759050438655 ], [ 116.321201362509839, 40.008644344530524 ], [ 116.321233149225989, 40.00818175242182 ], [ 116.321248186849331, 40.008012750197501 ], [ 116.321248214254979, 40.008012434032089 ], [ 116.321301013193477, 40.007386733970584 ], [ 116.321301092555416, 40.007385701854496 ], [ 116.321303791516229, 40.007346815870839 ], [ 116.321345171567359, 40.006754087129593 ], [ 116.321358651395499, 40.006579644317732 ], [ 116.321358701718665, 40.006578947516758 ], [ 116.321381782993896, 40.00623531755334 ], [ 116.321384462685003, 40.006199587525991 ], [ 116.321421363642088, 40.005705263467455 ], [ 116.321424267971125, 40.005665904237063 ], [ 116.321424281683335, 40.005665714885467 ], [ 116.32147843972399, 40.004903387192869 ], [ 116.321483280679885, 40.004848156506981 ], [ 116.321378349951615, 40.004848156506981 ], [ 116.321378349951615, 40.004489331582242 ], [ 116.321514731595414, 40.004489331582242 ], [ 116.32151480970127, 40.004488440468897 ], [ 116.32137839521927, 40.004488440468897 ], [ 116.32137839521927, 40.004129615521776 ], [ 116.32154626061876, 40.004129615521776 ], [ 116.321546388278833, 40.004128159042153 ], [ 116.321546411939593, 40.004127882766305 ], [ 116.321608610677984, 40.003384182693765 ], [ 116.32166580198475, 40.002689859944951 ], [ 116.321431030243332, 40.002689859944951 ], [ 116.321374785710461, 40.003372660625615 ] ] ] ] } },
{ "type": "Feature", "properties": { "arc_id": "(1, 7)", "length": 512.0898217782443 }, "geometry": { "type": "MultiPolygon", "coordinates": [ [ [ [ 116.324574535615653, 39.996268591714291 ], [ 116.32458102988079, 39.996275905549304 ], [ 116.324588426453573, 39.996282693622646 ], [ 116.324596653855423, 39.996288890335904 ], [ 116.324605632578823, 39.996294435805432 ], [ 116.324615275855479, 39.996299276441029 ], [ 116.32462549049508, 39.996303365463845 ], [ 116.324636177785578, 39.996306663358453 ], [ 116.324647234447411, 39.996309138254716 ], [ 116.324657234863849, 39.996310576564078 ], [ 116.324657234863849, 39.996209599327955 ], [ 116.324189020859649, 39.996209599327955 ], [ 116.324189020859649, 39.99607062668079 ], [ 116.323720715080796, 39.996051080583079 ], [ 116.323720715080796, 39.996211391354379 ], [ 116.323611315826327, 39.996211391354379 ], [ 116.323611937808039, 39.996211788074895 ], [ 116.323621463122819, 39.996216737788103 ], [ 116.323631573368914, 39.99622094558466 ], [ 116.323642171178861, 39.996224370941022 ], [ 116.323653154489705, 39.996226980868997 ], [ 116.323664417525762, 39.996228750233492 ], [ 116.323675851817441, 39.996229661994434 ], [ 116.324573493937578, 39.996267128082657 ], [ 116.324574535615653, 39.996268591714291 ] ] ], [ [ [ 116.325719210490689, 39.996341679421931 ], [ 116.326281297369391, 39.996371283928248 ], [ 116.326290476024056, 39.996371489876523 ], [ 116.326316298513504, 39.996371290475345 ], [ 116.326505200438447, 39.996370023990906 ], [ 116.326597748606545, 39.996375390465893 ], [ 116.326611005042608, 39.996376307651389 ], [ 116.326568220556126, 39.997382254489501 ], [ 116.326568408328797, 39.997391087662727 ], [ 116.326569720027166, 39.997399864226033 ], [ 116.32657214303957, 39.997408499791788 ], [ 116.326575654068861, 39.997416911328102 ], [ 116.326580219356529, 39.997425017957099 ], [ 116.326585795007148, 39.997432741732567 ], [ 116.326592327410467, 39.997440008389496 ], [ 116.326599753756938, 39.99744674805806 ], [ 116.326608002641549, 39.99745289593551 ], [ 116.326616994750424, 39.997458392909174 ], [ 116.326626643623385, 39.997463186124939 ], [ 116.326636856485408, 39.997467229495413 ], [ 116.326647535138463, 39.997470484143001 ], [ 116.326658576905942, 39.997472918773859 ], [ 116.326669875619729, 39.997474509978623 ], [ 116.326681322641093, 39.997475242457647 ], [ 116.326765089118425, 39.9974774311315 ], [ 116.327466635131955, 39.997499759500108 ], [ 116.327466635131955, 39.997319416547249 ], [ 116.326806196364117, 39.997298396618007 ], [ 116.326848777595671, 39.996297145330558 ], [ 116.32684856771354, 39.996288058415992 ], [ 116.326847168594043, 39.996279033998327 ], [ 116.326844594475006, 39.996270163909401 ], [ 116.326840871550928, 39.996261538410494 ], [ 116.326836037706371, 39.996253245273991 ], [ 116.326830142130547, 39.996245368890129 ], [ 116.326823244816623, 39.996237989408293 ], [ 116.326815415951387, 39.996231181921402 ], [ 116.326806735200819, 39.996225015701768 ], [ 116.326797290899663, 39.996219553496239 ], [ 116.326787179152305, 39.996214850887689 ], [ 116.326776502854941, 39.996210955729339 ], [ 116.326765370648587, 39.996207907657912 ], [ 116.326753895813354, 39.996205737690246 ], [ 116.326742195115997, 39.99620446790771 ], [ 116.326617895277053, 39.996195867920179 ], [ 116.326616206446332, 39.996195760538747 ], [ 116.326517906574225, 39.996190060547193 ], [ 116.326508078785722, 39.996189809002971 ], [ 116.326314179040537, 39.996191109003384 ], [ 116.326314023943311, 39.996191110122084 ], [ 116.326292718544309, 39.996191274643209 ], [ 116.325733403342767, 39.99616181611421 ], [ 116.325729772658349, 39.996161668378619 ], [ 116.325125493051999, 39.996144304944657 ], [ 116.325125493051999, 39.996208702384145 ], [ 116.32465728015454, 39.996208702384145 ], [ 116.32465728015454, 39.996090170838357 ], [ 116.324657234863864, 39.996090168948015 ], [ 116.324657234863864, 39.996209599327955 ], [ 116.3251254477549, 39.996209599327955 ], [ 116.3251254477549, 39.996324617912805 ], [ 116.325719210490689, 39.996341679421931 ] ] ], [ [ [ 116.327934888878971, 39.997514662788078 ], [ 116.327934888878971, 39.997334319761762 ], [ 116.327934843545222, 39.99733431831892 ], [ 116.327934843545222, 39.997514661345221 ], [ 116.327934888878971, 39.997514662788078 ] ] ] ] } },
{ "type": "Feature", "properties": { "arc_id": "(1, 8)", "length": 1392.7850556220576 }, "geometry": { "type": "MultiPolygon", "coordinates": [ [ [ [ 116.324574535615653, 39.996268591714291 ], [ 116.32458102988079, 39.996275905549304 ], [ 116.324588426453573, 39.996282693622646 ], [ 116.324596653855423, 39.996288890335904 ], [ 116.324605632578823, 39.996294435805432 ], [ 116.324615275855479, 39.996299276441029 ], [ 116.32462549049508, 39.996303365463845 ], [ 116.324636177785578, 39.996306663358453 ], [ 116.324647234447411, 39.996309138254716 ], [ 116.324657234863849, 39.996310576564078 ], [ 116.324657234863849, 39.996209599327955 ], [ 116.324189020859649, 39.996209599327955 ], [ 116.324189020859649, 39.99607062668079 ], [ 116.323720715080796, 39.996051080583079 ], [ 116.323720715080796, 39.996211391354379 ], [ 116.323611315826327, 39.996211391354379 ], [ 116.323611937808039, 39.996211788074895 ], [ 116.323621463122819, 39.996216737788103 ], [ 116.323631573368914, 39.99622094558466 ], [ 116.323642171178861, 39.996224370941022 ], [ 116.323653154489705, 39.996226980868997 ], [ 116.323664417525762, 39.996228750233492 ], [ 116.323675851817441, 39.996229661994434 ], [ 116.324573493937578, 39.996267128082657 ], [ 116.324574535615653, 39.996268591714291 ] ] ], [ [ [ 116.325719210490689, 39.996341679421931 ], [ 116.326281297369391, 39.996371283928248 ], [ 116.326290476024056, 39.996371489876523 ], [ 116.326316298513504, 39.996371290475345 ], [ 116.326505200438447, 39.996370023990906 ], [ 116.326597748606545, 39.996375390465893 ], [ 116.326611005042608, 39.996376307651389 ], [ 116.326568220556126, 39.997382254489501 ], [ 116.326568408328797, 39.997391087662727 ], [ 116.326569720027166, 39.997399864226033 ], [ 116.32657214303957, 39.997408499791788 ], [ 116.326575654068861, 39.997416911328102 ], [ 116.326580219356529, 39.997425017957099 ], [ 116.326585795007148, 39.997432741732567 ], [ 116.326592327410467, 39.997440008389496 ], [ 116.326599753756938, 39.99744674805806 ], [ 116.326608002641549, 39.99745289593551 ], [ 116.326616994750424, 39.997458392909174 ], [ 116.326626643623385, 39.997463186124939 ], [ 116.326636856485408, 39.997467229495413 ], [ 116.326647535138463, 39.997470484143001 ], [ 116.326650405314595, 39.997471116996458 ], [ 116.326642291017109, 39.997822335097055 ], [ 116.326607417697389, 39.998646870955127 ], [ 116.32660739522214, 39.998647462036978 ], [ 116.326588594271769, 39.999204462010333 ], [ 116.32658886170509, 39.999213317161882 ], [ 116.326590258456292, 39.999222109321387 ], [ 116.32659277102529, 39.99923075350695 ], [ 116.326596375126854, 39.999239166166831 ], [ 116.326601035925364, 39.999247265987172 ], [ 116.327031535163044, 39.999905866365161 ], [ 116.327037113193043, 39.999913459965356 ], [ 116.327043619790018, 39.999920603184805 ], [ 116.327050993979299, 39.999927229082544 ], [ 116.327059166655744, 39.999933275565681 ], [ 116.327068061231358, 39.99993868597106 ], [ 116.327077594352915, 39.999943409596405 ], [ 116.327087676683178, 39.999947402175373 ], [ 116.327098213738182, 39.999950626292495 ], [ 116.327109106772426, 39.999953051733705 ], [ 116.32712025370445, 39.999954655769578 ], [ 116.327131550073446, 39.99995542336822 ], [ 116.328071995794389, 39.999984151295557 ], [ 116.328000839461978, 40.001392000635022 ], [ 116.328000824164178, 40.0013923176814 ], [ 116.327963022762091, 40.002214817632051 ], [ 116.327953022182143, 40.002432722158744 ], [ 116.327953178052965, 40.002441527740423 ], [ 116.327954451038295, 40.002450279553202 ], [ 116.327956828975985, 40.002458893979068 ], [ 116.327960289146731, 40.002467288712666 ], [ 116.327964798491266, 40.002475383547583 ], [ 116.327970313925888, 40.002483101142751 ], [ 116.327976782754462, 40.002490367761382 ], [ 116.327984143171605, 40.002497113975416 ], [ 116.327990202863347, 40.002501677328731 ], [ 116.327932341095661, 40.003614394834088 ], [ 116.327887339894588, 40.00447728961754 ], [ 116.327887441877948, 40.004486110581304 ], [ 116.327888665110578, 40.004494881593068 ], [ 116.327890997866106, 40.004503518567219 ], [ 116.327894417781309, 40.004511938703104 ], [ 116.327898892070678, 40.004520061278868 ], [ 116.327904377840611, 40.004527808425244 ], [ 116.32791082250057, 40.00453510587208 ], [ 116.327918164267388, 40.00454188366038 ], [ 116.327926332757329, 40.004548076812966 ], [ 116.327935249661138, 40.004553625957442 ], [ 116.327944829494513, 40.004558477895344 ], [ 116.327954980417772, 40.004562586112172 ], [ 116.327965605116262, 40.004565911223331 ], [ 116.327976601733241, 40.004568421351628 ], [ 116.327987864846449, 40.004570092433028 ], [ 116.327999286478814, 40.004570908447192 ], [ 116.328644687177388, 40.004592590903584 ], [ 116.328870488316952, 40.00461061782481 ], [ 116.328870488316952, 40.004474989812408 ], [ 116.329338695778148, 40.004474989812408 ], [ 116.329338695778148, 40.004636024281346 ], [ 116.32933874114363, 40.004636017084145 ], [ 116.32933874114363, 40.00447409113184 ], [ 116.329386999431819, 40.00447409113184 ], [ 116.329378314725304, 40.004469696776631 ], [ 116.329368137097305, 40.004465584392825 ], [ 116.329357484327815, 40.004462258974179 ], [ 116.329346459008519, 40.004459752546147 ], [ 116.32933516731886, 40.004458089246931 ], [ 116.329323718003607, 40.004457285094951 ], [ 116.329147815616224, 40.004451601345508 ], [ 116.328665397549543, 40.004413087308158 ], [ 116.328658412656338, 40.004412691515753 ], [ 116.328126137878584, 40.004394809851142 ], [ 116.328166458649235, 40.003621610207254 ], [ 116.328227857174937, 40.002440799809065 ], [ 116.328227752967194, 40.002431967404789 ], [ 116.328226524647079, 40.002423185294987 ], [ 116.328224184021181, 40.00241453789036 ], [ 116.328220753587217, 40.002406108306751 ], [ 116.328216266317753, 40.002397977566439 ], [ 116.328210765343144, 40.002390223819233 ], [ 116.328204303537248, 40.002382921591384 ], [ 116.328196943008848, 40.002376141069334 ], [ 116.328190296756887, 40.002371113958112 ], [ 116.328197177354667, 40.002221179981625 ], [ 116.328234968562924, 40.001398840733934 ], [ 116.328310657999737, 39.999901199150152 ], [ 116.328310540651501, 39.999892362906692 ], [ 116.328309298308142, 39.999883578007811 ], [ 116.328306942921728, 39.999874928966172 ], [ 116.328303497152021, 39.999866498987451 ], [ 116.328298994148454, 39.999858369169857 ], [ 116.328293477231227, 39.999850617723922 ], [ 116.328286999474557, 39.999843319220155 ], [ 116.328279623196082, 39.999836543871695 ], [ 116.32827141935735, 39.999830356858695 ], [ 116.328262466881142, 39.99982481770148 ], [ 116.328252851892159, 39.999819979687821 ], [ 116.328242666888613, 39.999815889360349 ], [ 116.328232009852286, 39.999812586068771 ], [ 116.32822098330594, 39.999810101591386 ], [ 116.328209693327068, 39.999808459829353 ], [ 116.328198248527386, 39.999807676576708 ], [ 116.327209848899997, 39.999777484610519 ], [ 116.326823568597575, 39.999186535194063 ], [ 116.326841594811981, 39.998652433414087 ], [ 116.326876480907359, 39.99782752888018 ], [ 116.326876524338587, 39.997826200442816 ], [ 116.326886623592145, 39.997389000426537 ], [ 116.326886273029416, 39.997380254209681 ], [ 116.326884820928015, 39.997371575400791 ], [ 116.326882280986254, 39.997363045868397 ], [ 116.326878677164203, 39.997354746072936 ], [ 116.326874043457622, 39.997346754307628 ], [ 116.326868423577295, 39.997339145959963 ], [ 116.326861870536717, 39.997331992800611 ], [ 116.326854446151941, 39.997325362306327 ], [ 116.326846220458435, 39.997319317023504 ], [ 116.326837271050508, 39.99731391397809 ], [ 116.326827682349276, 39.99730920413775 ], [ 116.326817544806346, 39.997305231931023 ], [ 116.326806954050582, 39.997302034828259 ], [ 116.326806050038115, 39.997301837255172 ], [ 116.326848777595671, 39.996297145330558 ], [ 116.32684856771354, 39.996288058415992 ], [ 116.326847168594043, 39.996279033998327 ], [ 116.326844594475006, 39.996270163909401 ], [ 116.326840871550928, 39.996261538410494 ], [ 116.326836037706371, 39.996253245273991 ], [ 116.326830142130547, 39.996245368890129 ], [ 116.326823244816623, 39.996237989408293 ], [ 116.326815415951387, 39.996231181921402 ], [ 116.326806735200819, 39.996225015701768 ], [ 116.326797290899663, 39.996219553496239 ], [ 116.326787179152305, 39.996214850887689 ], [ 116.326776502854941, 39.996210955729339 ], [ 116.326765370648587, 39.996207907657912 ], [ 116.326753895813354, 39.996205737690246 ], [ 116.326742195115997, 39.99620446790771 ], [ 116.326617895277053, 39.996195867920179 ], [ 116.326616206446332, 39.996195760538747 ], [ 116.326517906574225, 39.996190060547193 ], [ 116.326508078785722, 39.996189809002971 ], [ 116.326314179040537, 39.996191109003384 ], [ 116.326314023943311, 39.996191110122084 ], [ 116.326292718544309, 39.996191274643209 ], [ 116.325733403342767, 39.99616181611421 ], [ 116.325729772658349, 39.996161668378619 ], [ 116.325125493051999, 39.996144304944657 ], [ 116.325125493051999, 39.996208702384145 ], [ 116.32465728015454, 39.996208702384145 ], [ 116.32465728015454, 39.996090170838357 ], [ 116.324657234863864, 39.996090168948015 ], [ 116.324657234863864, 39.996209599327955 ], [ 116.3251254477549, 39.996209599327955 ], [ 116.3251254477549, 39.996324617912805 ], [ 116.325719210490689, 39.996341679421931 ] ] ] ] } },
{ "type": "Feature", "properties": { "arc_id": "(1, 9)", "length": 1622.482213678418 }, "geometry": { "type": "MultiPolygon", "coordinates": [ [ [ [ 116.323676257419265, 39.996281858024098 ], [ 116.32368750646971, 39.996281918516061 ], [ 116.323698711193074, 39.996281148824927 ], [ 116.3237097682551, 39.996279556049082 ], [ 116.323720575683339, 39.996277154877703 ], [ 116.323731033807604, 39.996273967455302 ], [ 116.323741046179109, 39.996270023177509 ], [ 116.323750520460081, 39.996265358419933 ], [ 116.323759369275223, 39.99626001620274 ], [ 116.323767511017564, 39.996254045793854 ], [ 116.323774870601127, 39.996247502254612 ], [ 116.323781380153306, 39.996240445931974 ], [ 116.323786979640914, 39.996232941901951 ], [ 116.323791617423751, 39.996225059369415 ], [ 116.323795250730768, 39.996216871029951 ], [ 116.323797846054717, 39.996208452399379 ], [ 116.323799379460965, 39.996199881117299 ], [ 116.32379983680832, 39.996191236231112 ], [ 116.323799336719091, 39.996139036230872 ], [ 116.323798688074916, 39.996130208872358 ], [ 116.323796917587345, 39.996121472919135 ], [ 116.32379404230754, 39.996112912503158 ], [ 116.323790089926433, 39.996104610065828 ], [ 116.323785098507912, 39.996096645564066 ], [ 116.323779116122353, 39.996089095700228 ], [ 116.323772200383615, 39.996082033183527 ], [ 116.323764417894168, 39.996075526029664 ], [ 116.323755843603664, 39.996069636905915 ], [ 116.323746560087173, 39.996064422527638 ], [ 116.323736656749915, 39.996059933111951 ], [ 116.323726228966208, 39.996056211894256 ], [ 116.323720715080796, 39.996054729651469 ], [ 116.323720715080796, 39.996211391354379 ], [ 116.32325249855252, 39.996211391354379 ], [ 116.32325249855252, 39.996083441684249 ], [ 116.32325245327884, 39.996083439765975 ], [ 116.32325245327884, 39.996212286277441 ], [ 116.322784235333572, 39.996212286277441 ], [ 116.322784235333572, 39.996063601067611 ], [ 116.322784190065548, 39.996063599149579 ], [ 116.322784190065548, 39.996213180367562 ], [ 116.322315970600187, 39.996213180367562 ], [ 116.322315970600187, 39.996110319717609 ], [ 116.322315630727417, 39.996111008046867 ], [ 116.322312567697125, 39.996119796294174 ], [ 116.322300067626074, 39.996164596281353 ], [ 116.322298875138983, 39.996169538397695 ], [ 116.321996572706951, 39.997651738079028 ], [ 116.321996233395922, 39.997653517529429 ], [ 116.321884832355934, 39.998281317410459 ], [ 116.321884283454068, 39.998284963697685 ], [ 116.321709281075115, 39.999699063503783 ], [ 116.321708936347719, 39.999702575575981 ], [ 116.321657835555868, 40.000406169959149 ], [ 116.321622459215135, 40.000892169994415 ], [ 116.321847025322072, 40.000892169994415 ], [ 116.321847025322072, 40.001021806732957 ], [ 116.32184870313408, 40.001007045761206 ], [ 116.321848965057612, 40.001004235529052 ], [ 116.321891764058606, 40.000416235478028 ], [ 116.321942735952504, 39.999714382934144 ], [ 116.322019781156726, 39.999091805110353 ], [ 116.321847342174792, 39.999091805110353 ], [ 116.321847342174792, 39.998732980918362 ], [ 116.322064186341251, 39.998732980918362 ], [ 116.322117290431777, 39.998303863630078 ], [ 116.322228208541517, 39.997678773382589 ], [ 116.322523077316561, 39.996232998074021 ], [ 116.323676257419265, 39.996281858024098 ] ] ], [ [ [ 116.321585682515618, 40.00125188624952 ], [ 116.321820873237897, 40.00125188624952 ], [ 116.321820974526744, 40.001250995135507 ], [ 116.321585783807492, 40.001250995135507 ], [ 116.321585682515618, 40.00125188624952 ] ] ], [ [ [ 116.321540623144116, 40.001611602483671 ], [ 116.321776094354448, 40.001611602483671 ], [ 116.321776210432247, 40.001610711369722 ], [ 116.321540739224943, 40.001610711369722 ], [ 116.321540623144116, 40.001611602483671 ] ] ], [ [ [ 116.321493764762863, 40.00197131869669 ], [ 116.321729237196777, 40.00197131869669 ], [ 116.321729353274577, 40.001970427582819 ], [ 116.32149388084369, 40.001970427582819 ], [ 116.321493764762863, 40.00197131869669 ] ] ], [ [ [ 116.321460587840818, 40.002331034888407 ], [ 116.321695358374669, 40.002331034888407 ], [ 116.321695431775638, 40.002330143774614 ], [ 116.321460661244785, 40.002330143774614 ], [ 116.321460587840818, 40.002331034888407 ] ] ], [ [ [ 116.321374785710461, 40.003372660625615 ], [ 116.321312599636627, 40.004116178964139 ], [ 116.321248283374288, 40.004849937583309 ], [ 116.321378259414161, 40.004849937583309 ], [ 116.321378259414161, 40.005208763635608 ], [ 116.321222084699897, 40.005208763635608 ], [ 116.32119032506202, 40.005655790315146 ], [ 116.321187434166561, 40.005694966027086 ], [ 116.321150536433706, 40.006189224364448 ], [ 116.321147837273173, 40.006225212352881 ], [ 116.321147798883757, 40.006225752393171 ], [ 116.321124721706923, 40.006569303889833 ], [ 116.321111248327711, 40.006743655548433 ], [ 116.321111210489036, 40.006744170039866 ], [ 116.321069809480804, 40.007337169990144 ], [ 116.321067143294613, 40.007375581794435 ], [ 116.321014399108449, 40.008000607749089 ], [ 116.320999312885633, 40.008170149667308 ], [ 116.320999202798703, 40.00817154591045 ], [ 116.320965001952317, 40.008669245869257 ], [ 116.320964994514071, 40.008678644741877 ], [ 116.320966260475231, 40.008687993065273 ], [ 116.320968786058515, 40.008697189099315 ], [ 116.320972543777899, 40.008706132761255 ], [ 116.320977492737626, 40.008714726714942 ], [ 116.320983579077293, 40.008722877430145 ], [ 116.320990736558088, 40.008730496200471 ], [ 116.321073792395751, 40.008809832535349 ], [ 116.320829054801123, 40.008962291699859 ], [ 116.320686159626291, 40.009051288638105 ], [ 116.320499829373787, 40.009167416958533 ], [ 116.320872005708594, 40.009167416958533 ], [ 116.320976540576822, 40.009102311225952 ], [ 116.321312050197491, 40.008893305100528 ], [ 116.321320602238458, 40.008887421426842 ], [ 116.321328364759822, 40.008880922642163 ], [ 116.321335263296476, 40.008873871088916 ], [ 116.321341231671553, 40.008866334412097 ], [ 116.32134621263117, 40.008858384910482 ], [ 116.321350158393741, 40.008850098843006 ], [ 116.321353031108316, 40.008841555697188 ], [ 116.321354803217531, 40.008832837426745 ], [ 116.321355457722177, 40.008824027665199 ], [ 116.321354988344055, 40.008815210923792 ], [ 116.321353399586314, 40.008806471780638 ], [ 116.321350706690154, 40.008797894069467 ], [ 116.321346935488663, 40.008789560075378 ], [ 116.321342122158924, 40.008781549745429 ], [ 116.32133631287509, 40.008773939921852 ], [ 116.321329563365211, 40.008766803604793 ], [ 116.321201362509839, 40.008644344530524 ], [ 116.321233149225989, 40.00818175242182 ], [ 116.321248186849331, 40.008012750197501 ], [ 116.321248214254979, 40.008012434032089 ], [ 116.321301013193477, 40.007386733970584 ], [ 116.321301092555416, 40.007385701854496 ], [ 116.321303791516229, 40.007346815870839 ], [ 116.321345171567359, 40.006754087129593 ], [ 116.321358651395499, 40.006579644317732 ], [ 116.321358701718665, 40.006578947516758 ], [ 116.321381782993896, 40.00623531755334 ], [ 116.321384462685003, 40.006199587525991 ], [ 116.321421363642088, 40.005705263467455 ], [ 116.321424267971125, 40.005665904237063 ], [ 116.321424281683335, 40.005665714885467 ], [ 116.32147843972399, 40.004903387192869 ], [ 116.321483280679885, 40.004848156506981 ], [ 116.321378349951615, 40.004848156506981 ], [ 116.321378349951615, 40.004489331582242 ], [ 116.321514731595414, 40.004489331582242 ], [ 116.32151480970127, 40.004488440468897 ], [ 116.32137839521927, 40.004488440468897 ], [ 116.32137839521927, 40.004129615521776 ], [ 116.32154626061876, 40.004129615521776 ], [ 116.321546388278833, 40.004128159042153 ], [ 116.321546411939593, 40.004127882766305 ], [ 116.321608610677984, 40.003384182693765 ], [ 116.32166580198475, 40.002689859944951 ], [ 116.321431030243332, 40.002689859944951 ], [ 116.321374785710461, 40.003372660625615 ] ] ], [ [ [ 116.320441174839104, 40.00919985836348 ], [ 116.320441174839104, 40.009385575788421 ], [ 116.320441220105636, 40.009385567099372 ], [ 116.320441220105636, 40.009199849674438 ], [ 116.320441174839104, 40.00919985836348 ] ] ] ] } },
{ "type": "Feature", "properties": { "arc_id": "(1, 10)", "length": 1424.330549686842 }, "geometry": { "type": "MultiPolygon", "coordinates": [ [ [ [ 116.323676257419265, 39.996281858024098 ], [ 116.32368750646971, 39.996281918516061 ], [ 116.323698711193074, 39.996281148824927 ], [ 116.3237097682551, 39.996279556049082 ], [ 116.323720575683339, 39.996277154877703 ], [ 116.323731033807604, 39.996273967455302 ], [ 116.323741046179109, 39.996270023177509 ], [ 116.323750520460081, 39.996265358419933 ], [ 116.323759369275223, 39.99626001620274 ], [ 116.323767511017564, 39.996254045793854 ], [ 116.323774870601127, 39.996247502254612 ], [ 116.323781380153306, 39.996240445931974 ], [ 116.323786979640914, 39.996232941901951 ], [ 116.323791617423751, 39.996225059369415 ], [ 116.323795250730768, 39.996216871029951 ], [ 116.323797846054717, 39.996208452399379 ], [ 116.323799379460965, 39.996199881117299 ], [ 116.32379983680832, 39.996191236231112 ], [ 116.323799336719091, 39.996139036230872 ], [ 116.323798688074916, 39.996130208872358 ], [ 116.323796917587345, 39.996121472919135 ], [ 116.32379404230754, 39.996112912503158 ], [ 116.323790089926433, 39.996104610065828 ], [ 116.323785098507912, 39.996096645564066 ], [ 116.323779116122353, 39.996089095700228 ], [ 116.323772200383615, 39.996082033183527 ], [ 116.323764417894168, 39.996075526029664 ], [ 116.323755843603664, 39.996069636905915 ], [ 116.323746560087173, 39.996064422527638 ], [ 116.323736656749915, 39.996059933111951 ], [ 116.323726228966208, 39.996056211894256 ], [ 116.323720715080796, 39.996054729651469 ], [ 116.323720715080796, 39.996211391354379 ], [ 116.32325249855252, 39.996211391354379 ], [ 116.32325249855252, 39.996083441684249 ], [ 116.32325245327884, 39.996083439765975 ], [ 116.32325245327884, 39.996212286277441 ], [ 116.322784235333572, 39.996212286277441 ], [ 116.322784235333572, 39.996063601067611 ], [ 116.322784190065548, 39.996063599149579 ], [ 116.322784190065548, 39.996213180367562 ], [ 116.322315970600187, 39.996213180367562 ], [ 116.322315970600187, 39.996110319717609 ], [ 116.322315630727417, 39.996111008046867 ], [ 116.322312567697125, 39.996119796294174 ], [ 116.322300067626074, 39.996164596281353 ], [ 116.322298875138983, 39.996169538397695 ], [ 116.321996572706951, 39.997651738079028 ], [ 116.321996233395922, 39.997653517529429 ], [ 116.321884832355934, 39.998281317410459 ], [ 116.321884283454068, 39.998284963697685 ], [ 116.321709281075115, 39.999699063503783 ], [ 116.321708936347719, 39.999702575575981 ], [ 116.321657835555868, 40.000406169959149 ], [ 116.321622459215135, 40.000892169994415 ], [ 116.321847025322072, 40.000892169994415 ], [ 116.321847025322072, 40.001021806732957 ], [ 116.32184870313408, 40.001007045761206 ], [ 116.321848965057612, 40.001004235529052 ], [ 116.321891764058606, 40.000416235478028 ], [ 116.321942735952504, 39.999714382934144 ], [ 116.322019781156726, 39.999091805110353 ], [ 116.321847342174792, 39.999091805110353 ], [ 116.321847342174792, 39.998732980918362 ], [ 116.322064186341251, 39.998732980918362 ], [ 116.322117290431777, 39.998303863630078 ], [ 116.322228208541517, 39.997678773382589 ], [ 116.322523077316561, 39.996232998074021 ], [ 116.323676257419265, 39.996281858024098 ] ] ], [ [ [ 116.321585682555707, 40.00125188624952 ], [ 116.321820873237897, 40.00125188624952 ], [ 116.321820974526744, 40.001250995135507 ], [ 116.321585783847453, 40.001250995135507 ], [ 116.321585682555707, 40.00125188624952 ] ] ], [ [ [ 116.320904689465053, 40.001240780302965 ], [ 116.320892926687151, 40.001240671425506 ], [ 116.320881209015454, 40.001241470344524 ], [ 116.320869654603968, 40.001243169004162 ], [ 116.320858379960441, 40.001245750276176 ], [ 116.32084749877167, 40.001249188132533 ], [ 116.320837120757105, 40.00125344790797 ], [ 116.320827350562595, 40.001258486649427 ], [ 116.320818286705091, 40.001264253549223 ], [ 116.320810020579344, 40.001270690457375 ], [ 116.320802635536353, 40.001277732467848 ], [ 116.320796206042857, 40.001285308573166 ], [ 116.320790796930396, 40.001293342380272 ], [ 116.320786462741751, 40.001301752880927 ], [ 116.320783247180728, 40.001310455268474 ], [ 116.32070462761682, 40.001572648635673 ], [ 116.320118757976488, 40.002639806543229 ], [ 116.320049234630218, 40.002636044825309 ], [ 116.319652947586718, 40.002612963057153 ], [ 116.319641187385557, 40.002612733602767 ], [ 116.31962945655404, 40.002613412345028 ], [ 116.319617873381361, 40.002614992439788 ], [ 116.319606554667672, 40.00261745795396 ], [ 116.319595614546515, 40.002620784026256 ], [ 116.319585163333855, 40.002624937117858 ], [ 116.3195753064158, 40.002629875350607 ], [ 116.31956614318581, 40.002635548929234 ], [ 116.319557766042564, 40.002641900643575 ], [ 116.319550259458268, 40.002648866445327 ], [ 116.319543699126726, 40.002656376094002 ], [ 116.319538151200163, 40.002664353865072 ], [ 116.319533671622182, 40.002672719313686 ], [ 116.319530305563617, 40.002681388085726 ], [ 116.319528086966955, 40.002690272768433 ], [ 116.319527038204242, 40.002699283771875 ], [ 116.319518643808664, 40.002864563952265 ], [ 116.318162007267546, 40.004067160116811 ], [ 116.318155217738891, 40.004073780658715 ], [ 116.318149262755412, 40.004080860324969 ], [ 116.318144194475067, 40.00408833710712 ], [ 116.31814005728954, 40.004096145518574 ], [ 116.318136887435358, 40.004104217168013 ], [ 116.318134712676596, 40.004112481358504 ], [ 116.318133552061667, 40.004120865706696 ], [ 116.318093875993412, 40.004635287535855 ], [ 116.317805166848814, 40.004616139032592 ], [ 116.317804016718156, 40.004616067135693 ], [ 116.316807518014542, 40.004557567222378 ], [ 116.316796204629938, 40.004557324649241 ], [ 116.316784913600543, 40.004557922720558 ], [ 116.316773750301635, 40.004559355854731 ], [ 116.31676281891643, 40.004561610676788 ], [ 116.316752221463858, 40.00456466614326 ], [ 116.316742056846337, 40.004568493738518 ], [ 116.316732419926879, 40.004573057740906 ], [ 116.316723400643696, 40.004578315556145 ], [ 116.316715083170877, 40.004584218114815 ], [ 116.316707545132772, 40.004590710330277 ], [ 116.316700856879621, 40.00459773161289 ], [ 116.316695080830954, 40.004605216435287 ], [ 116.316690270893062, 40.004613094944084 ], [ 116.31668647195589, 40.004621293611706 ], [ 116.316683719474042, 40.004629735922606 ], [ 116.316682039135969, 40.004638343087393 ], [ 116.316681446624116, 40.004647034778067 ], [ 116.316680330355183, 40.004858756678587 ], [ 116.3166954630574, 40.004858756678587 ], [ 116.3166954630574, 40.005186742410544 ], [ 116.316695508271792, 40.005186800958725 ], [ 116.316695508271792, 40.004857882528903 ], [ 116.31691464629246, 40.004857882528903 ], [ 116.316915243147605, 40.00474460438204 ], [ 116.31778560796019, 40.00479569909146 ], [ 116.318193633653308, 40.004822761004448 ], [ 116.318205318945303, 40.004823085594822 ], [ 116.318216988110052, 40.004822512793211 ], [ 116.31822852490437, 40.004821048305629 ], [ 116.318239814403597, 40.004818706720648 ], [ 116.318250744146582, 40.004815511364164 ], [ 116.318261205256007, 40.004811494066928 ], [ 116.318271093522839, 40.004806694847531 ], [ 116.318280310444592, 40.004801161513704 ], [ 116.318288764206443, 40.004794949186135 ], [ 116.318296370595931, 40.0047881197493 ], [ 116.318303053841831, 40.004780741235052 ], [ 116.318308747368846, 40.004772887144895 ], [ 116.318313394460972, 40.004764635717763 ], [ 116.318316948826379, 40.004756069150652 ], [ 116.318319375058479, 40.004747272779838 ], [ 116.31832064898866, 40.004738334230765 ], [ 116.318365090128722, 40.004162106308101 ], [ 116.319722592523348, 40.002958738768932 ], [ 116.319729577972623, 40.002951906582055 ], [ 116.319735674882821, 40.002944588550271 ], [ 116.319740826515002, 40.002936852776791 ], [ 116.319744984927297, 40.002928771252385 ], [ 116.319748111421006, 40.002920419185472 ], [ 116.319750176900669, 40.002911874302114 ], [ 116.319751162144925, 40.002903216122775 ], [ 116.319756419551013, 40.002799694478881 ], [ 116.320031852904421, 40.002815736974839 ], [ 116.320032477911667, 40.002815772084674 ], [ 116.320185878111488, 40.002824072097098 ], [ 116.32019705924435, 40.002824265502561 ], [ 116.320208213407327, 40.002823638072201 ], [ 116.320219238943693, 40.002822195524296 ], [ 116.320230035369079, 40.002819951005904 ], [ 116.32024050428717, 40.002816924973096 ], [ 116.320250550286559, 40.002813145004453 ], [ 116.320260081810204, 40.002808645549848 ], [ 116.320269011989993, 40.002803467616303 ], [ 116.320277259438328, 40.002797658394378 ], [ 116.320284748989991, 40.002791270828034 ], [ 116.320291412387078, 40.002784363132108 ], [ 116.320297188901151, 40.002776998261808 ], [ 116.320302025886676, 40.002769243338868 ], [ 116.320924424436143, 40.001635542753817 ], [ 116.320927954895453, 40.001628247298427 ], [ 116.320930653311407, 40.001620744701881 ], [ 116.320989235778043, 40.001425372404583 ], [ 116.321378757334841, 40.001444047258751 ], [ 116.321378757334841, 40.001263508994988 ], [ 116.320904689465053, 40.001240780302965 ] ] ], [ [ [ 116.316735228777503, 40.005217598543084 ], [ 116.316856782605413, 40.005217598543084 ], [ 116.316858700874405, 40.00521672246218 ], [ 116.316733345451922, 40.00521672246218 ], [ 116.316735228777503, 40.005217598543084 ] ] ] ] } },
{ "type": "Feature", "properties": { "arc_id": "(1, 11)", "length": 342.75058008902664 }, "geometry": { "type": "MultiPolygon", "coordinates": [ [ [ [ 116.322388363392719, 39.994982023607228 ], [ 116.322388954389623, 39.994990648672477 ], [ 116.322390616486132, 39.994999190577452 ], [ 116.32239333440738, 39.995007570818672 ], [ 116.322397083174948, 39.995015712378446 ], [ 116.322401828336552, 39.995023540432562 ], [ 116.322407526282561, 39.995030983038085 ], [ 116.322414124646869, 39.995037971794453 ], [ 116.32242156278808, 39.995044442472128 ], [ 116.322429772346837, 39.995050335602954 ], [ 116.322438677874132, 39.995055597026592 ], [ 116.322448197524579, 39.995060178388414 ], [ 116.322458243808796, 39.995064037583774 ], [ 116.32246872439724, 39.995067139145029 ], [ 116.322479542968949, 39.995069454567549 ], [ 116.322490600096799, 39.995070962571624 ], [ 116.322501794161056, 39.995071649298055 ], [ 116.322555120824376, 39.9950729475133 ], [ 116.323604505002251, 39.995099502466019 ], [ 116.323589570029668, 39.99549285319636 ], [ 116.323720760360132, 39.99549285319636 ], [ 116.323720760360132, 39.995851674823029 ], [ 116.323575946078464, 39.995851674823029 ], [ 116.3235759120995, 39.995852569746127 ], [ 116.323720715080796, 39.995852569746127 ], [ 116.323720715080796, 39.996211391354379 ], [ 116.323611456358222, 39.996211391354379 ], [ 116.323614305249393, 39.996213117784926 ], [ 116.323623988624377, 39.996217882621529 ], [ 116.323634232608626, 39.996221894516069 ], [ 116.323644938546778, 39.996225114831631 ], [ 116.323656003334435, 39.996227512554732 ], [ 116.323667320411303, 39.996229064593898 ], [ 116.323678780787304, 39.996229756002066 ], [ 116.323690274092371, 39.996229580120577 ], [ 116.323701689639208, 39.99622853864328 ], [ 116.323712917489487, 39.996226641600181 ], [ 116.323723849512419, 39.996223907260905 ], [ 116.323734380426345, 39.996220361958777 ], [ 116.323744408812473, 39.996216039837066 ], [ 116.323753838091775, 39.996210982520324 ], [ 116.323762577454929, 39.996205238713415 ], [ 116.323770542737037, 39.996198863732523 ], [ 116.323777657228106, 39.99619191897235 ], [ 116.323783852411765, 39.996184471314898 ], [ 116.323789068625231, 39.996176592485327 ], [ 116.323793255633746, 39.996168358361217 ], [ 116.323796373114419, 39.996159848241795 ], [ 116.323798391044619, 39.996151144084251 ], [ 116.323799289990944, 39.996142329714438 ], [ 116.323842088068503, 39.995015029655718 ], [ 116.323841861142625, 39.995006209720586 ], [ 116.323840513811518, 39.994997449135276 ], [ 116.323838058993076, 39.994988831891803 ], [ 116.323834520223286, 39.994980440607897 ], [ 116.323829931430438, 39.994972355734838 ], [ 116.323824336609832, 39.994964654786131 ], [ 116.323817789402014, 39.994957411594534 ], [ 116.323810352578477, 39.994950695603876 ], [ 116.323802097439767, 39.994944571203561 ], [ 116.323793103131976, 39.994939097111072 ], [ 116.32378345588792, 39.994934325809055 ], [ 116.323773248200283, 39.99493030304221 ], [ 116.323762577934957, 39.994927067378647 ], [ 116.32375154739276, 39.994924649840165 ], [ 116.323740262328585, 39.994923073604816 ], [ 116.323728830937512, 39.994922353784681 ], [ 116.323669241085, 39.9949208540407 ], [ 116.32263247088332, 39.994894618877709 ], [ 116.322631984532421, 39.994887998601342 ], [ 116.322630206755903, 39.994879240420602 ], [ 116.322627318579364, 39.994870658999389 ], [ 116.322623347961695, 39.994862337408712 ], [ 116.32261833334023, 39.994854356204343 ], [ 116.322612323258483, 39.994846792646939 ], [ 116.32260537589633, 39.994839719954207 ], [ 116.322597558506757, 39.994833206592112 ], [ 116.322588946764796, 39.994827315612049 ], [ 116.322579624035043, 39.994822104040544 ], [ 116.322569680564627, 39.994817622327311 ], [ 116.322559212609505, 39.994813913856667 ], [ 116.32254832150285, 39.994811014527791 ], [ 116.32253711267397, 39.99480895240707 ], [ 116.322525694627771, 39.994807747456463 ], [ 116.322475094693388, 39.994804347461404 ], [ 116.322470532904262, 39.994804109831414 ], [ 116.321847794760927, 39.99478104743951 ], [ 116.321847794760927, 39.994961445149329 ], [ 116.322388394777875, 39.994981465827415 ], [ 116.322388363392719, 39.994982023607228 ] ] ], [ [ [ 116.321714188808542, 39.994776099496512 ], [ 116.321379617176333, 39.994776099496512 ], [ 116.321379617176333, 39.994763709020376 ], [ 116.321379571927935, 39.994763707344653 ], [ 116.321379571927935, 39.994776990611797 ], [ 116.321231630942023, 39.994776990611797 ], [ 116.321229902837615, 39.994777880577111 ], [ 116.321379526678825, 39.994777880577111 ], [ 116.321379526678825, 39.994944103225109 ], [ 116.321379571927935, 39.994944104900874 ], [ 116.321379571927935, 39.994776990611804 ], [ 116.321738250991018, 39.994776990611804 ], [ 116.321714188808542, 39.994776099496512 ] ] ] ] } },
{ "type": "Feature", "properties": { "arc_id": "(1, 12)", "length": 474.28995679273373 }, "geometry": { "type": "MultiPolygon", "coordinates": [ [ [ [ 116.320996703706186, 39.996679269674935 ], [ 116.320849331034466, 39.996665346935409 ], [ 116.31944466162706, 39.99647852341117 ], [ 116.319433080165823, 39.996477436503504 ], [ 116.319421415569792, 39.996477241082104 ], [ 116.319409783556736, 39.996477939085651 ], [ 116.319398299521154, 39.996479523589635 ], [ 116.31938707738955, 39.996481978875103 ], [ 116.319376228490256, 39.996485280584579 ], [ 116.319365860449025, 39.996489395963685 ], [ 116.31935607612138, 39.996494284186106 ], [ 116.319346972572177, 39.996499896758564 ], [ 116.319338640112733, 39.99650617800193 ], [ 116.319331161404875, 39.996513065603523 ], [ 116.319324610640919, 39.99652049123533 ], [ 116.319319052807657, 39.996528381231791 ], [ 116.319314543041571, 39.996536657320668 ], [ 116.319311126081956, 39.996545237399438 ], [ 116.319308835827002, 39.996554036349877 ], [ 116.319303809245156, 39.996580010107643 ], [ 116.31950620895546, 39.996580010107643 ], [ 116.31950620895546, 39.996758090212275 ], [ 116.319522909155666, 39.996671794211991 ], [ 116.320812240080954, 39.996843276837957 ], [ 116.320817918323755, 39.996843922254151 ], [ 116.320973518523132, 39.996858622274793 ], [ 116.320984312029864, 39.996859254403752 ], [ 116.322128113530056, 39.996885454450286 ], [ 116.322130020159776, 39.996885486169568 ], [ 116.32217822022308, 39.996885986170746 ], [ 116.322189656346794, 39.996885674878101 ], [ 116.322200998411603, 39.996884506867751 ], [ 116.322212138180376, 39.99688249328598 ], [ 116.322222969346612, 39.996879653348373 ], [ 116.322233388548682, 39.996876014156378 ], [ 116.322243296356504, 39.996871610438717 ], [ 116.322252598220189, 39.996866484219964 ], [ 116.322261205372442, 39.996860684419488 ], [ 116.322269035675603, 39.996854266384631 ], [ 116.322276014405574, 39.996847291362478 ], [ 116.32228207496486, 39.996839825915451 ], [ 116.322287159518027, 39.996831941286011 ], [ 116.322291219543729, 39.996823712716875 ], [ 116.32229421629772, 39.996815218732955 ], [ 116.322461151864005, 39.99623037398181 ], [ 116.323676257419265, 39.996281858024098 ], [ 116.32368750646971, 39.996281918516061 ], [ 116.323698711193074, 39.996281148824927 ], [ 116.3237097682551, 39.996279556049082 ], [ 116.323720575683339, 39.996277154877703 ], [ 116.323731033807604, 39.996273967455302 ], [ 116.323741046179109, 39.996270023177509 ], [ 116.323750520460081, 39.996265358419933 ], [ 116.323759369275223, 39.99626001620274 ], [ 116.323767511017564, 39.996254045793854 ], [ 116.323774870601127, 39.996247502254612 ], [ 116.323781380153306, 39.996240445931974 ], [ 116.323786979640914, 39.996232941901951 ], [ 116.323791617423751, 39.996225059369415 ], [ 116.323795250730768, 39.996216871029951 ], [ 116.323797846054717, 39.996208452399379 ], [ 116.323799379460965, 39.996199881117299 ], [ 116.32379983680832, 39.996191236231112 ], [ 116.323799336719091, 39.996139036230872 ], [ 116.323798688074916, 39.996130208872358 ], [ 116.323796917587345, 39.996121472919135 ], [ 116.32379404230754, 39.996112912503158 ], [ 116.323790089926433, 39.996104610065828 ], [ 116.323785098507912, 39.996096645564066 ], [ 116.323779116122353, 39.996089095700228 ], [ 116.323772200383615, 39.996082033183527 ], [ 116.323764417894168, 39.996075526029664 ], [ 116.323755843603664, 39.996069636905915 ], [ 116.323746560087173, 39.996064422527638 ], [ 116.323736656749915, 39.996059933111951 ], [ 116.323726228966208, 39.996056211894256 ], [ 116.323720715080796, 39.996054729651469 ], [ 116.323720715080796, 39.996211391354379 ], [ 116.32325249855252, 39.996211391354379 ], [ 116.32325249855252, 39.996083441684249 ], [ 116.32325245327884, 39.996083439765975 ], [ 116.32325245327884, 39.996212286277441 ], [ 116.322784235333572, 39.996212286277441 ], [ 116.322784235333572, 39.996063601067611 ], [ 116.322784190065548, 39.996063599149579 ], [ 116.322784190065548, 39.996213180367562 ], [ 116.322315970600187, 39.996213180367562 ], [ 116.322315970600187, 39.996055576032006 ], [ 116.322306957080627, 39.996059352496708 ], [ 116.322297222385288, 39.996064469254527 ], [ 116.322288205793669, 39.996070312761347 ], [ 116.322279998658473, 39.996076823813077 ], [ 116.322272684131377, 39.996083936442304 ], [ 116.322266336320595, 39.996091578586672 ], [ 116.322261019540036, 39.996099672818936 ], [ 116.322256787657608, 39.996108137131479 ], [ 116.322253683549519, 39.996116885767073 ], [ 116.322241984116033, 39.996157883542821 ], [ 116.322086037980071, 39.996704222271184 ], [ 116.320996703706186, 39.996679269674935 ] ] ], [ [ [ 116.319234194967208, 39.99693972660085 ], [ 116.319471058264298, 39.99693972660085 ], [ 116.319471229449746, 39.996938842023468 ], [ 116.319234366155399, 39.996938842023468 ], [ 116.319234194967208, 39.99693972660085 ] ] ] ] } },
{ "type": "Feature", "properties": { "arc_id": "(1, 13)", "length": 322.56716421150281 }, "geometry": { "type": "Polygon", "coordinates": [ [ [ 116.323349360590328, 39.998730301465713 ], [ 116.323583853782239, 39.998730301465713 ], [ 116.323605941439197, 39.998323862305824 ], [ 116.323605868976344, 39.998315182267426 ], [ 116.323604710746537, 39.998306547878506 ], [ 116.323602477501439, 39.99829803928796 ], [ 116.323599189971631, 39.998289735476945 ], [ 116.323594878674015, 39.998281713525643 ], [ 116.323589583628561, 39.998274047897915 ], [ 116.323583353986891, 39.998266809749992 ], [ 116.323576247576014, 39.998260066269999 ], [ 116.323569639223635, 39.998254902750482 ], [ 116.323585336121312, 39.997815000292327 ], [ 116.323594715690476, 39.997814959142303 ], [ 116.323606150465764, 39.997814042210123 ], [ 116.323617413303324, 39.997812267615394 ], [ 116.323628395718288, 39.997809652451238 ], [ 116.323638991926785, 39.997806221907183 ], [ 116.323649099865008, 39.997802009026621 ], [ 116.323658622172275, 39.997797054388478 ], [ 116.323667467128843, 39.997791405716377 ], [ 116.323675549539288, 39.997785117418907 ], [ 116.323682791553239, 39.997778250065586 ], [ 116.323689123415164, 39.997770869803489 ], [ 116.323694484136183, 39.997763047719992 ], [ 116.323698822081695, 39.997754859158171 ], [ 116.32370209546859, 39.997746382990989 ], [ 116.323704272767714, 39.997737700861627 ], [ 116.323705333007553, 39.997728896397113 ], [ 116.323757200356766, 39.996807348569675 ], [ 116.323791259666379, 39.996336100431471 ], [ 116.323791334668215, 39.996334923959253 ], [ 116.323796108580893, 39.99624849357955 ], [ 116.323799676182801, 39.996196662967719 ], [ 116.32379983680832, 39.996191236231112 ], [ 116.323799336719091, 39.996139036230872 ], [ 116.323798688074916, 39.996130208872358 ], [ 116.323796917587345, 39.996121472919135 ], [ 116.32379404230754, 39.996112912503158 ], [ 116.323790089926433, 39.996104610065828 ], [ 116.323785098507912, 39.996096645564066 ], [ 116.323779116122353, 39.996089095700228 ], [ 116.323772200383615, 39.996082033183527 ], [ 116.323764417894168, 39.996075526029664 ], [ 116.323755843603664, 39.996069636905915 ], [ 116.323746560087173, 39.996064422527638 ], [ 116.323736656749915, 39.996059933111951 ], [ 116.323726228966208, 39.996056211894256 ], [ 116.323720715080796, 39.996054729651469 ], [ 116.323720715080796, 39.996211391354379 ], [ 116.323564054272182, 39.996211391354379 ], [ 116.323562123746257, 39.996239436910017 ], [ 116.323562065494414, 39.996240375928664 ], [ 116.323557297849675, 39.996326687498019 ], [ 116.323523239550852, 39.996797899409927 ], [ 116.323523168577182, 39.99679900354969 ], [ 116.323476333510413, 39.997631091604447 ], [ 116.323464968788784, 39.997631145775316 ], [ 116.323453420739938, 39.997632085101841 ], [ 116.323442050354686, 39.997633899173579 ], [ 116.323430969369014, 39.99763657016377 ], [ 116.323420286674974, 39.997640071824776 ], [ 116.323410107250766, 39.99764436974602 ], [ 116.323400531128968, 39.997649421692124 ], [ 116.323391652413633, 39.997655178017915 ], [ 116.323383558355516, 39.997661582156368 ], [ 116.32337632849466, 39.99766857117443 ], [ 116.323370033878717, 39.997676076391407 ], [ 116.32336473636488, 39.997684024053932 ], [ 116.323360488011886, 39.997692336060759 ], [ 116.32335733056847, 39.997700930730211 ], [ 116.323355295063081, 39.997709723602838 ], [ 116.323354401499017, 39.997718628271464 ], [ 116.323333100480767, 39.998315528241704 ], [ 116.323333327497025, 39.998324126060922 ], [ 116.323334619325394, 39.998332668066837 ], [ 116.323336964196557, 39.998341076434173 ], [ 116.323340340747009, 39.998349274555217 ], [ 116.323344718213733, 39.998357187737753 ], [ 116.323350056714432, 39.998364743885588 ], [ 116.323356307610894, 39.998371874155417 ], [ 116.323363413951995, 39.998378513584015 ], [ 116.323368275779174, 39.998382261731408 ], [ 116.323349360590328, 39.998730301465713 ] ] ] } },
{ "type": "Feature", "properties": { "arc_id": "(1, 14)", "length": 773.80827811996096 }, "geometry": { "type": "MultiPolygon", "coordinates": [ [ [ [ 116.323676257419265, 39.996281858024098 ], [ 116.32368750646971, 39.996281918516061 ], [ 116.323698711193074, 39.996281148824927 ], [ 116.3237097682551, 39.996279556049082 ], [ 116.323720575683339, 39.996277154877703 ], [ 116.323731033807604, 39.996273967455302 ], [ 116.323741046179109, 39.996270023177509 ], [ 116.323750520460081, 39.996265358419933 ], [ 116.323759369275223, 39.99626001620274 ], [ 116.323767511017564, 39.996254045793854 ], [ 116.323774870601127, 39.996247502254612 ], [ 116.323781380153306, 39.996240445931974 ], [ 116.323786979640914, 39.996232941901951 ], [ 116.323791617423751, 39.996225059369415 ], [ 116.323795250730768, 39.996216871029951 ], [ 116.323797846054717, 39.996208452399379 ], [ 116.323799379460965, 39.996199881117299 ], [ 116.32379983680832, 39.996191236231112 ], [ 116.323799336719091, 39.996139036230872 ], [ 116.323798688074916, 39.996130208872358 ], [ 116.323796917587345, 39.996121472919135 ], [ 116.32379404230754, 39.996112912503158 ], [ 116.323790089926433, 39.996104610065828 ], [ 116.323785098507912, 39.996096645564066 ], [ 116.323779116122353, 39.996089095700228 ], [ 116.323772200383615, 39.996082033183527 ], [ 116.323764417894168, 39.996075526029664 ], [ 116.323755843603664, 39.996069636905915 ], [ 116.323746560087173, 39.996064422527638 ], [ 116.323736656749915, 39.996059933111951 ], [ 116.323726228966208, 39.996056211894256 ], [ 116.323720715080796, 39.996054729651469 ], [ 116.323720715080796, 39.996211391354379 ], [ 116.32325249855252, 39.996211391354379 ], [ 116.32325249855252, 39.996083441684249 ], [ 116.32325245327884, 39.996083439765975 ], [ 116.32325245327884, 39.996212286277441 ], [ 116.322784235333572, 39.996212286277441 ], [ 116.322784235333572, 39.996063601067611 ], [ 116.322784190065548, 39.996063599149579 ], [ 116.322784190065548, 39.996213180367562 ], [ 116.322315970600187, 39.996213180367562 ], [ 116.322315970600187, 39.996110319717609 ], [ 116.322315630727417, 39.996111008046867 ], [ 116.322312567697125, 39.996119796294174 ], [ 116.322300067626074, 39.996164596281353 ], [ 116.322298875138983, 39.996169538397695 ], [ 116.321996572706951, 39.997651738079028 ], [ 116.321996233395922, 39.997653517529429 ], [ 116.321884832355934, 39.998281317410459 ], [ 116.321884283454068, 39.998284963697685 ], [ 116.321709281075115, 39.999699063503783 ], [ 116.321708936347719, 39.999702575575981 ], [ 116.321657835555868, 40.000406169959149 ], [ 116.321622459215135, 40.000892169994415 ], [ 116.321847025322072, 40.000892169994415 ], [ 116.321847025322072, 40.001021806732957 ], [ 116.32184870313408, 40.001007045761206 ], [ 116.321848965057612, 40.001004235529052 ], [ 116.321891764058606, 40.000416235478028 ], [ 116.321942735952504, 39.999714382934144 ], [ 116.322019781156726, 39.999091805110353 ], [ 116.321847342174792, 39.999091805110353 ], [ 116.321847342174792, 39.998732980918362 ], [ 116.322064186341251, 39.998732980918362 ], [ 116.322117290431777, 39.998303863630078 ], [ 116.322228208541517, 39.997678773382589 ], [ 116.322523077316561, 39.996232998074021 ], [ 116.323676257419265, 39.996281858024098 ] ] ], [ [ [ 116.321585682515618, 40.00125188624952 ], [ 116.321820873237897, 40.00125188624952 ], [ 116.321820974526744, 40.001250995135507 ], [ 116.321585783807492, 40.001250995135507 ], [ 116.321585682515618, 40.00125188624952 ] ] ], [ [ [ 116.321540623144116, 40.001611602483671 ], [ 116.321776094353666, 40.001611602483671 ], [ 116.321776210431466, 40.001610711369722 ], [ 116.321540739224943, 40.001610711369722 ], [ 116.321540623144116, 40.001611602483671 ] ] ], [ [ [ 116.321493764762863, 40.00197131869669 ], [ 116.321729237194802, 40.00197131869669 ], [ 116.321729353272602, 40.001970427582819 ], [ 116.32149388084369, 40.001970427582819 ], [ 116.321493764762863, 40.00197131869669 ] ] ] ] } },
{ "type": "Feature", "properties": { "arc_id": "(1, 15)", "length": 790.96750073315332 }, "geometry": { "type": "MultiPolygon", "coordinates": [ [ [ [ 116.323118832576085, 40.001967748131733 ], [ 116.322884331880516, 40.001967748131733 ], [ 116.322884283713208, 40.001968642221073 ], [ 116.323118784411861, 40.001968642221073 ], [ 116.323118832576085, 40.001967748131733 ] ] ], [ [ [ 116.323141178909324, 40.001552925411616 ], [ 116.323179188065396, 40.00113720337815 ], [ 116.323947469023977, 40.001168170850015 ], [ 116.323959006274677, 40.001168198328067 ], [ 116.323970491088701, 40.00116735289425 ], [ 116.323981812072262, 40.001165642748617 ], [ 116.323992859420613, 40.001163084478222 ], [ 116.324003525983031, 40.001159702896331 ], [ 116.324013708302232, 40.00115553080164 ], [ 116.32402330761775, 40.001150608660225 ], [ 116.324032230823804, 40.001144984213006 ], [ 116.324040391372449, 40.00113871201274 ], [ 116.324047710112993, 40.001131852894829 ], [ 116.324054116059699, 40.001124473387307 ], [ 116.324059547080196, 40.001116645065579 ], [ 116.324063950498285, 40.001108443858179 ], [ 116.324067283604634, 40.001099949310216 ], [ 116.324069514071226, 40.00109124381207 ], [ 116.324070620264749, 40.001082411800034 ], [ 116.324149818049975, 39.999780911702572 ], [ 116.324149911054704, 39.999778904241808 ], [ 116.324171888590428, 39.999088227244449 ], [ 116.323937528551497, 39.999088227244449 ], [ 116.323915720910023, 39.999773491510901 ], [ 116.32384208723073, 40.000983487559921 ], [ 116.323076532113049, 40.000952629203937 ], [ 116.323065166224538, 40.000952595649267 ], [ 116.323053849602999, 40.000953409332745 ], [ 116.323042688775004, 40.000955062594997 ], [ 116.323031788800506, 40.000957539873376 ], [ 116.323021252284036, 40.000960817848544 ], [ 116.323011178408876, 40.000964865664038 ], [ 116.323001662003321, 40.000969645216593 ], [ 116.322992792648108, 40.000975111514933 ], [ 116.322984653833174, 40.000981213103238 ], [ 116.322977322171724, 40.000987892545474 ], [ 116.3229708666791, 40.000995086966121 ], [ 116.322965348122963, 40.001002728641986 ], [ 116.32296081845152, 40.001010745639697 ], [ 116.322957320304198, 40.00101906249283 ], [ 116.322954886610574, 40.001027600912366 ], [ 116.322953540280096, 40.001036280523522 ], [ 116.322907339424177, 40.001541580470352 ], [ 116.322907151286117, 40.001544170553757 ], [ 116.322903662713898, 40.001608926007854 ], [ 116.323138162179703, 40.001608926007854 ], [ 116.323141178909324, 40.001552925411616 ] ] ], [ [ [ 116.32418808246986, 39.998619762670948 ], [ 116.324230656990565, 39.997764145353642 ], [ 116.32423050921841, 39.997755014913537 ], [ 116.324229160553983, 39.997745942871255 ], [ 116.324226624851292, 39.997737022414903 ], [ 116.324222928157496, 39.997728345175375 ], [ 116.324218108445493, 39.997720000285256 ], [ 116.32421221522371, 39.997712073463212 ], [ 116.324205309027633, 39.997704646133457 ], [ 116.32419746079789, 39.997697794589435 ], [ 116.324188751151667, 39.997691589210071 ], [ 116.324179269554477, 39.99768609373691 ], [ 116.324169113401268, 39.997681364619311 ], [ 116.324158387015899, 39.997677450434658 ], [ 116.324147200579603, 39.997674391389317 ], [ 116.324135668999148, 39.997672218905763 ], [ 116.324123910726655, 39.99767095529964 ], [ 116.323710176706385, 39.997642837660088 ], [ 116.323757200356766, 39.996807348569675 ], [ 116.323791259666379, 39.996336100431471 ], [ 116.323791334668215, 39.996334923959253 ], [ 116.323796108580893, 39.99624849357955 ], [ 116.323799676182801, 39.996196662967719 ], [ 116.32379983680832, 39.996191236231112 ], [ 116.323799336719091, 39.996139036230872 ], [ 116.323798688074916, 39.996130208872358 ], [ 116.323796917587345, 39.996121472919135 ], [ 116.32379404230754, 39.996112912503158 ], [ 116.323790089926433, 39.996104610065828 ], [ 116.323785098507912, 39.996096645564066 ], [ 116.323779116122353, 39.996089095700228 ], [ 116.323772200383615, 39.996082033183527 ], [ 116.323764417894168, 39.996075526029664 ], [ 116.323755843603664, 39.996069636905915 ], [ 116.323746560087173, 39.996064422527638 ], [ 116.323736656749915, 39.996059933111951 ], [ 116.323726228966208, 39.996056211894256 ], [ 116.323720715080796, 39.996054729651469 ], [ 116.323720715080796, 39.996211391354379 ], [ 116.323564054272182, 39.996211391354379 ], [ 116.323562123746257, 39.996239436910017 ], [ 116.323562065494414, 39.996240375928664 ], [ 116.323557297849675, 39.996326687498019 ], [ 116.323523239550852, 39.996797899409927 ], [ 116.323523168577182, 39.99679900354969 ], [ 116.323471267007434, 39.997721103484821 ], [ 116.323471316385934, 39.997729692443571 ], [ 116.323472428975236, 39.997738238755375 ], [ 116.323474594663949, 39.997746664746664 ], [ 116.323477793769456, 39.997754893837417 ], [ 116.323481997216902, 39.997762851237098 ], [ 116.323487166803361, 39.997770464624431 ], [ 116.32349325554506, 39.997777664804694 ], [ 116.323500208104349, 39.997784386338616 ], [ 116.323507961292691, 39.99779056813707 ], [ 116.323516444644952, 39.997796154016399 ], [ 116.323525581059741, 39.997801093208906 ], [ 116.323535287500206, 39.997805340824428 ], [ 116.323545475748787, 39.997808858258161 ], [ 116.323556053208847, 39.997811613541664 ], [ 116.323566923746384, 39.997813581633324 ], [ 116.323577988563713, 39.997814744645979 ], [ 116.323992281133883, 39.997842900657446 ], [ 116.323953941564355, 39.998613354473555 ], [ 116.323953900251908, 39.99861432011857 ], [ 116.323949779677207, 39.998729406542928 ], [ 116.324184157135733, 39.998729406542928 ], [ 116.32418808246986, 39.998619762670948 ] ] ] ] } },
{ "type": "Feature", "properties": { "arc_id": "(2, 3)", "length": 1366.0127361301882 }, "geometry": { "type": "MultiPolygon", "coordinates": [ [ [ [ 116.321887211695497, 39.998204455298477 ], [ 116.320944158909967, 39.9982282541175 ], [ 116.320943427099039, 39.998228274343703 ], [ 116.320721601847097, 39.998234939052239 ], [ 116.319908793892694, 39.998246801233719 ], [ 116.319436010585349, 39.998244906912333 ], [ 116.319309602581185, 39.998244406881831 ], [ 116.319303449672432, 39.998244506873952 ], [ 116.318239751067154, 39.99828330683529 ], [ 116.318237234846151, 39.998283419484331 ], [ 116.317952735217972, 39.998298519467895 ], [ 116.317939026408993, 39.998299875674277 ], [ 116.317537095269358, 39.998358350792152 ], [ 116.315750963794102, 39.998349407645861 ], [ 116.315739806178186, 39.998349761065512 ], [ 116.315728743015271, 39.998350929982116 ], [ 116.315717874840885, 39.998352903773259 ], [ 116.315707300418666, 39.998355664502284 ], [ 116.315697115842795, 39.998359187081284 ], [ 116.315687413664833, 39.998363439499101 ], [ 116.315678282052659, 39.998368383112265 ], [ 116.315669803989152, 39.998373972996042 ], [ 116.315662056518235, 39.998380158352823 ], [ 116.315655110044659, 39.998386882973648 ], [ 116.315649027694278, 39.998394085748991 ], [ 116.315643864740267, 39.99840170122414 ], [ 116.3156396681009, 39.998409660193985 ], [ 116.31563647591328, 39.998417890331886 ], [ 116.31563431718655, 39.998426316846995 ], [ 116.315633211538383, 39.998434863163808 ], [ 116.315613511038521, 39.998728863139924 ], [ 116.315613472267614, 39.998729483301723 ], [ 116.315549006686624, 39.999840410875002 ], [ 116.315358918434157, 40.000916471377479 ], [ 116.315358620974635, 40.00091829438351 ], [ 116.315306961127746, 40.001263337521642 ], [ 116.315542806210459, 40.001263337521642 ], [ 116.315591242421021, 40.000939818169599 ], [ 116.315781879818644, 39.999860628302599 ], [ 116.315782829645713, 39.999852516660766 ], [ 116.315847509752615, 39.998737826712478 ], [ 116.315861424909599, 39.99853015389067 ], [ 116.317546938564135, 39.998538592384293 ], [ 116.317558255185901, 39.998538227812617 ], [ 116.317569473129083, 39.998537024393144 ], [ 116.317975771330111, 39.998477913970824 ], [ 116.318252107847272, 39.998463247248715 ], [ 116.319311475586403, 39.998424605294716 ], [ 116.319434793416505, 39.998425093102313 ], [ 116.31990899003452, 39.998426993093929 ], [ 116.31991182194578, 39.998426978107069 ], [ 116.3207272230173, 39.998415078100578 ], [ 116.32072957261866, 39.998415025661075 ], [ 116.320952207045579, 39.998408336647543 ], [ 116.321894942336826, 39.998384545860489 ], [ 116.321942983819739, 39.998383304260571 ], [ 116.322000132085009, 39.998383592403123 ], [ 116.322011377261248, 39.998383233264484 ], [ 116.322022525722829, 39.998382045808256 ], [ 116.322033474559362, 39.998380040995769 ], [ 116.32204412270309, 39.998377237333251 ], [ 116.322054371862023, 39.998373660701027 ], [ 116.322064127427197, 39.998369344114693 ], [ 116.322073299346016, 39.998364327420227 ], [ 116.32208180295352, 39.99835865692625 ], [ 116.322089559753863, 39.998352384976542 ], [ 116.322096498145072, 39.998345569466828 ], [ 116.322102554079777, 39.998338273310381 ], [ 116.32210767165661, 39.998330563857245 ], [ 116.322111803636062, 39.998322512272523 ], [ 116.322114911876653, 39.998314192879526 ], [ 116.322116967686981, 39.998305682473593 ], [ 116.322228208541517, 39.997678773382589 ], [ 116.322523077316561, 39.996232998074021 ], [ 116.323676257419265, 39.996281858024098 ], [ 116.323678156817635, 39.996281926603785 ], [ 116.324657234863849, 39.996311149877336 ], [ 116.324657234863849, 39.996209599327955 ], [ 116.324189020859649, 39.996209599327955 ], [ 116.324189020859649, 39.996116850530605 ], [ 116.323720715080796, 39.996102872472662 ], [ 116.323720715080796, 39.996211391354379 ], [ 116.32325249855252, 39.996211391354379 ], [ 116.32325249855252, 39.996083441296001 ], [ 116.32325245327884, 39.996083439377749 ], [ 116.32325245327884, 39.996212286277441 ], [ 116.322784235333572, 39.996212286277441 ], [ 116.322784235333572, 39.996063600901358 ], [ 116.322784190065548, 39.996063598983348 ], [ 116.322784190065548, 39.996213180367562 ], [ 116.322315970600187, 39.996213180367562 ], [ 116.322315970600187, 39.996110319717609 ], [ 116.322315630727417, 39.996111008046867 ], [ 116.322312567697125, 39.996119796294174 ], [ 116.322300067626074, 39.996164596281353 ], [ 116.322298875138983, 39.996169538397695 ], [ 116.321996572706951, 39.997651738079028 ], [ 116.321996233395922, 39.997653517529429 ], [ 116.321898523278662, 39.998204162953186 ], [ 116.321887211695497, 39.998204455298477 ] ] ], [ [ [ 116.315291025372616, 40.001360356879154 ], [ 116.315291025372616, 40.001623053754159 ], [ 116.3154826949458, 40.001623053754159 ], [ 116.31548284272229, 40.001622183696647 ], [ 116.315291070563958, 40.001622183696647 ], [ 116.315291070563958, 40.001360090813243 ], [ 116.315291025372616, 40.001360356879154 ] ] ], [ [ [ 116.315246258849257, 40.001623921649845 ], [ 116.315290980180563, 40.001623921649845 ], [ 116.315290980180563, 40.001982769965544 ], [ 116.315193426351655, 40.001982769965544 ], [ 116.315193671283609, 40.001983637861052 ], [ 116.315290934987786, 40.001983637861052 ], [ 116.315290934987786, 40.002050497357828 ], [ 116.315291926361382, 40.002050635287887 ], [ 116.315303385396831, 40.002051348906335 ], [ 116.315314880206131, 40.002051195303494 ], [ 116.315326300087506, 40.002050175958594 ], [ 116.315337535060848, 40.002048300688543 ], [ 116.315348476926843, 40.002045587553276 ], [ 116.315359020308946, 40.002042062681845 ], [ 116.315369063668342, 40.002037760020841 ], [ 116.315378510281761, 40.002032721007367 ], [ 116.315387269173016, 40.002026994170016 ], [ 116.315395255989088, 40.002020634661527 ], [ 116.31540239381259, 40.002013703727627 ], [ 116.315408613902477, 40.00200626811715 ], [ 116.315413856356045, 40.001998399439245 ], [ 116.31541807068588, 40.001990173473708 ], [ 116.315421131056837, 40.001981899908202 ], [ 116.315291025372616, 40.001981899908202 ], [ 116.315291025372616, 40.001623053754159 ], [ 116.315246406261494, 40.001623053754159 ], [ 116.315246258849257, 40.001623921649845 ] ] ], [ [ [ 116.32479230094151, 39.996208702384145 ], [ 116.32465728015454, 39.996208702384145 ], [ 116.32465728015454, 39.996092361751664 ], [ 116.324657234863864, 39.996092369008174 ], [ 116.324657234863864, 39.996209599327955 ], [ 116.324792254204027, 39.996209599327955 ], [ 116.32479230094151, 39.996208702384145 ] ] ] ] } },
{ "type": "Feature", "properties": { "arc_id": "(2, 4)", "length": 1173.6774856975317 }, "geometry": { "type": "MultiPolygon", "coordinates": [ [ [ [ 116.323676257419265, 39.996281858024098 ], [ 116.323678156817635, 39.996281926603785 ], [ 116.324657234863849, 39.996311149877336 ], [ 116.324657234863849, 39.996209599327955 ], [ 116.324189020859649, 39.996209599327955 ], [ 116.324189020859649, 39.996116850530605 ], [ 116.323720715080796, 39.996102872472662 ], [ 116.323720715080796, 39.996211391354379 ], [ 116.32325249855252, 39.996211391354379 ], [ 116.32325249855252, 39.996083441296001 ], [ 116.32325245327884, 39.996083439377749 ], [ 116.32325245327884, 39.996212286277441 ], [ 116.322784235333572, 39.996212286277441 ], [ 116.322784235333572, 39.996063600901358 ], [ 116.322784190065548, 39.996063598983348 ], [ 116.322784190065548, 39.996213180367562 ], [ 116.322315970600187, 39.996213180367562 ], [ 116.322315970600187, 39.996110319717609 ], [ 116.322315630727417, 39.996111008046867 ], [ 116.322312567697125, 39.996119796294174 ], [ 116.322300067626074, 39.996164596281353 ], [ 116.322298875138983, 39.996169538397695 ], [ 116.321996572706951, 39.997651738079028 ], [ 116.321996233395922, 39.997653517529429 ], [ 116.321884832355934, 39.998281317410459 ], [ 116.321884283454068, 39.998284963697685 ], [ 116.321709281075115, 39.999699063503783 ], [ 116.321708936347719, 39.999702575575981 ], [ 116.321657835555868, 40.000406169959149 ], [ 116.321622459215135, 40.000892169994415 ], [ 116.321847025322072, 40.000892169994415 ], [ 116.321847025322072, 40.001021806732957 ], [ 116.32184870313408, 40.001007045761206 ], [ 116.321848965057612, 40.001004235529052 ], [ 116.321891764058606, 40.000416235478028 ], [ 116.321942735952504, 39.999714382934144 ], [ 116.322019781156726, 39.999091805110353 ], [ 116.321847342174792, 39.999091805110353 ], [ 116.321847342174792, 39.998732980918362 ], [ 116.322064186341251, 39.998732980918362 ], [ 116.322117290431777, 39.998303863630078 ], [ 116.322228208541517, 39.997678773382589 ], [ 116.322523077316561, 39.996232998074021 ], [ 116.323676257419265, 39.996281858024098 ] ] ], [ [ [ 116.32479230094151, 39.996208702384145 ], [ 116.32465728015454, 39.996208702384145 ], [ 116.32465728015454, 39.996092361751664 ], [ 116.324657234863864, 39.996092369008174 ], [ 116.324657234863864, 39.996209599327955 ], [ 116.324792254204027, 39.996209599327955 ], [ 116.32479230094151, 39.996208702384145 ] ] ], [ [ [ 116.321585682515618, 40.00125188624952 ], [ 116.321820873237897, 40.00125188624952 ], [ 116.321820974526744, 40.001250995135507 ], [ 116.321585783807492, 40.001250995135507 ], [ 116.321585682515618, 40.00125188624952 ] ] ], [ [ [ 116.321540623144116, 40.001611602483671 ], [ 116.321776094354448, 40.001611602483671 ], [ 116.321776210432247, 40.001610711369722 ], [ 116.321540739224943, 40.001610711369722 ], [ 116.321540623144116, 40.001611602483671 ] ] ], [ [ [ 116.321493764762863, 40.00197131869669 ], [ 116.321729237196777, 40.00197131869669 ], [ 116.321729353274577, 40.001970427582819 ], [ 116.32149388084369, 40.001970427582819 ], [ 116.321493764762863, 40.00197131869669 ] ] ], [ [ [ 116.321460587840818, 40.002331034888407 ], [ 116.321695358374669, 40.002331034888407 ], [ 116.321695431775638, 40.002330143774614 ], [ 116.321460661244785, 40.002330143774614 ], [ 116.321460587840818, 40.002331034888407 ] ] ], [ [ [ 116.321374785710461, 40.003372660625615 ], [ 116.321312599636627, 40.004116178964139 ], [ 116.321248283374288, 40.004849937583309 ], [ 116.321378259414161, 40.004849937583309 ], [ 116.321378259414161, 40.004987012087454 ], [ 116.321387891451337, 40.004985678487763 ], [ 116.321398952405872, 40.004983266501732 ], [ 116.321409652671917, 40.004980032388644 ], [ 116.321419889199788, 40.0049760072949 ], [ 116.321429563405843, 40.004971229984484 ], [ 116.321438582121971, 40.004965746465643 ], [ 116.321446858492962, 40.004959609547846 ], [ 116.32145431281279, 40.0049528783331 ], [ 116.32146087329231, 40.004945617646854 ], [ 116.321466476750729, 40.004937897413676 ], [ 116.321471069223861, 40.00492979198372 ], [ 116.321474606483989, 40.004921379416864 ], [ 116.321477054465703, 40.004912740730816 ], [ 116.32147838959402, 40.004903959120931 ], [ 116.321483280679317, 40.004848156506981 ], [ 116.321378349951615, 40.004848156506981 ], [ 116.321378349951615, 40.004489331582242 ], [ 116.321514731595116, 40.004489331582242 ], [ 116.321514809700986, 40.004488440468897 ], [ 116.32137839521927, 40.004488440468897 ], [ 116.32137839521927, 40.004129615521776 ], [ 116.32154626061876, 40.004129615521776 ], [ 116.321546388278833, 40.004128159042153 ], [ 116.321546411939593, 40.004127882766305 ], [ 116.321608610677984, 40.003384182693765 ], [ 116.32166580198475, 40.002689859944951 ], [ 116.321431030243332, 40.002689859944951 ], [ 116.321374785710461, 40.003372660625615 ] ] ] ] } },
{ "type": "Feature", "properties": { "arc_id": "(2, 5)", "length": 1087.3722480051306 }, "geometry": { "type": "MultiPolygon", "coordinates": [ [ [ [ 116.323676257419265, 39.996281858024098 ], [ 116.323678156817635, 39.996281926603785 ], [ 116.324657234863849, 39.996311149877336 ], [ 116.324657234863849, 39.996209599327955 ], [ 116.324189020859649, 39.996209599327955 ], [ 116.324189020859649, 39.996116850530605 ], [ 116.323720715080796, 39.996102872472662 ], [ 116.323720715080796, 39.996211391354379 ], [ 116.32325249855252, 39.996211391354379 ], [ 116.32325249855252, 39.996083441296001 ], [ 116.32325245327884, 39.996083439377749 ], [ 116.32325245327884, 39.996212286277441 ], [ 116.322784235333572, 39.996212286277441 ], [ 116.322784235333572, 39.996063600901358 ], [ 116.322784190065548, 39.996063598983348 ], [ 116.322784190065548, 39.996213180367562 ], [ 116.322315970600187, 39.996213180367562 ], [ 116.322315970600187, 39.996110319717609 ], [ 116.322315630727417, 39.996111008046867 ], [ 116.322312567697125, 39.996119796294174 ], [ 116.322300067626074, 39.996164596281353 ], [ 116.322298875138983, 39.996169538397695 ], [ 116.321996572706951, 39.997651738079028 ], [ 116.321996233395922, 39.997653517529429 ], [ 116.321884832355934, 39.998281317410459 ], [ 116.321884283454068, 39.998284963697685 ], [ 116.321709281075115, 39.999699063503783 ], [ 116.321708936347719, 39.999702575575981 ], [ 116.321657835555868, 40.000406169959149 ], [ 116.321622459215135, 40.000892169994415 ], [ 116.321847025322072, 40.000892169994415 ], [ 116.321847025322072, 40.001021806732957 ], [ 116.32184870313408, 40.001007045761206 ], [ 116.321848965057612, 40.001004235529052 ], [ 116.321891764058606, 40.000416235478028 ], [ 116.321942735952504, 39.999714382934144 ], [ 116.322019781156726, 39.999091805110353 ], [ 116.321847342174792, 39.999091805110353 ], [ 116.321847342174792, 39.998732980918362 ], [ 116.322064186341251, 39.998732980918362 ], [ 116.322117290431777, 39.998303863630078 ], [ 116.322228208541517, 39.997678773382589 ], [ 116.322523077316561, 39.996232998074021 ], [ 116.323676257419265, 39.996281858024098 ] ] ], [ [ [ 116.32479230094151, 39.996208702384145 ], [ 116.32465728015454, 39.996208702384145 ], [ 116.32465728015454, 39.996092361751664 ], [ 116.324657234863864, 39.996092369008174 ], [ 116.324657234863864, 39.996209599327955 ], [ 116.324792254204027, 39.996209599327955 ], [ 116.32479230094151, 39.996208702384145 ] ] ], [ [ [ 116.321585682515618, 40.00125188624952 ], [ 116.321820873237897, 40.00125188624952 ], [ 116.321820974526744, 40.001250995135507 ], [ 116.321585783807492, 40.001250995135507 ], [ 116.321585682515618, 40.00125188624952 ] ] ], [ [ [ 116.321540623144116, 40.001611602483671 ], [ 116.321776094354448, 40.001611602483671 ], [ 116.321776210432247, 40.001610711369722 ], [ 116.321540739224943, 40.001610711369722 ], [ 116.321540623144116, 40.001611602483671 ] ] ], [ [ [ 116.321493764762863, 40.00197131869669 ], [ 116.321729237196777, 40.00197131869669 ], [ 116.321729353274577, 40.001970427582819 ], [ 116.32149388084369, 40.001970427582819 ], [ 116.321493764762863, 40.00197131869669 ] ] ], [ [ [ 116.321460587840818, 40.002331034888407 ], [ 116.321695358374669, 40.002331034888407 ], [ 116.321695431775638, 40.002330143774614 ], [ 116.321460661244785, 40.002330143774614 ], [ 116.321460587840818, 40.002331034888407 ] ] ], [ [ [ 116.321374785710461, 40.003372660625615 ], [ 116.321312588081824, 40.004116317115894 ], [ 116.321312413973857, 40.004125157531838 ], [ 116.321313367468477, 40.004133968502622 ], [ 116.321315439383397, 40.004142665173767 ], [ 116.32131860976537, 40.004151163791533 ], [ 116.321322848082261, 40.004159382509485 ], [ 116.321328113517069, 40.004167242176777 ], [ 116.32133435536106, 40.004174667100365 ], [ 116.321341513502034, 40.004181585774042 ], [ 116.321349519003249, 40.004187931567024 ], [ 116.321358294767407, 40.00419364336571 ], [ 116.321367756279031, 40.004198666162196 ], [ 116.321377812418461, 40.00420295158402 ], [ 116.32137839521927, 40.004203145232616 ], [ 116.32137839521927, 40.004129615521776 ], [ 116.32154615551849, 40.004129615521776 ], [ 116.321546411939593, 40.004127882766305 ], [ 116.321608610677984, 40.003384182693765 ], [ 116.32166580198475, 40.002689859944951 ], [ 116.321431030243332, 40.002689859944951 ], [ 116.321374785710461, 40.003372660625615 ] ] ] ] } },
{ "type": "Feature", "properties": { "arc_id": "(2, 6)", "length": 1762.3117648414704 }, "geometry": { "type": "MultiPolygon", "coordinates": [ [ [ [ 116.323676257419265, 39.996281858024098 ], [ 116.323678156817635, 39.996281926603785 ], [ 116.324657234863849, 39.996311149877336 ], [ 116.324657234863849, 39.996209599327955 ], [ 116.324189020859649, 39.996209599327955 ], [ 116.324189020859649, 39.996116850530605 ], [ 116.323720715080796, 39.996102872472662 ], [ 116.323720715080796, 39.996211391354379 ], [ 116.32325249855252, 39.996211391354379 ], [ 116.32325249855252, 39.996083441296001 ], [ 116.32325245327884, 39.996083439377749 ], [ 116.32325245327884, 39.996212286277441 ], [ 116.322784235333572, 39.996212286277441 ], [ 116.322784235333572, 39.996063600901358 ], [ 116.322784190065548, 39.996063598983348 ], [ 116.322784190065548, 39.996213180367562 ], [ 116.322315970600187, 39.996213180367562 ], [ 116.322315970600187, 39.996110319717609 ], [ 116.322315630727417, 39.996111008046867 ], [ 116.322312567697125, 39.996119796294174 ], [ 116.322300067626074, 39.996164596281353 ], [ 116.322298875138983, 39.996169538397695 ], [ 116.321996572706951, 39.997651738079028 ], [ 116.321996233395922, 39.997653517529429 ], [ 116.321884832355934, 39.998281317410459 ], [ 116.321884283454068, 39.998284963697685 ], [ 116.321709281075115, 39.999699063503783 ], [ 116.321708936347719, 39.999702575575981 ], [ 116.321657835555868, 40.000406169959149 ], [ 116.321622459215135, 40.000892169994415 ], [ 116.321847025322072, 40.000892169994415 ], [ 116.321847025322072, 40.001021806732957 ], [ 116.32184870313408, 40.001007045761206 ], [ 116.321848965057612, 40.001004235529052 ], [ 116.321891764058606, 40.000416235478028 ], [ 116.321942735952504, 39.999714382934144 ], [ 116.322019781156726, 39.999091805110353 ], [ 116.321847342174792, 39.999091805110353 ], [ 116.321847342174792, 39.998732980918362 ], [ 116.322064186341251, 39.998732980918362 ], [ 116.322117290431777, 39.998303863630078 ], [ 116.322228208541517, 39.997678773382589 ], [ 116.322523077316561, 39.996232998074021 ], [ 116.323676257419265, 39.996281858024098 ] ] ], [ [ [ 116.32479230094151, 39.996208702384145 ], [ 116.32465728015454, 39.996208702384145 ], [ 116.32465728015454, 39.996092361751664 ], [ 116.324657234863864, 39.996092369008174 ], [ 116.324657234863864, 39.996209599327955 ], [ 116.324792254204027, 39.996209599327955 ], [ 116.32479230094151, 39.996208702384145 ] ] ], [ [ [ 116.321585682515618, 40.00125188624952 ], [ 116.321820873237897, 40.00125188624952 ], [ 116.321820974526744, 40.001250995135507 ], [ 116.321585783807492, 40.001250995135507 ], [ 116.321585682515618, 40.00125188624952 ] ] ], [ [ [ 116.321540623144116, 40.001611602483671 ], [ 116.321776094354448, 40.001611602483671 ], [ 116.321776210432247, 40.001610711369722 ], [ 116.321540739224943, 40.001610711369722 ], [ 116.321540623144116, 40.001611602483671 ] ] ], [ [ [ 116.321493764762863, 40.00197131869669 ], [ 116.321729237196777, 40.00197131869669 ], [ 116.321729353274577, 40.001970427582819 ], [ 116.32149388084369, 40.001970427582819 ], [ 116.321493764762863, 40.00197131869669 ] ] ], [ [ [ 116.321460587840818, 40.002331034888407 ], [ 116.321695358374669, 40.002331034888407 ], [ 116.321695431775638, 40.002330143774614 ], [ 116.321460661244785, 40.002330143774614 ], [ 116.321460587840818, 40.002331034888407 ] ] ], [ [ [ 116.321374785710461, 40.003372660625615 ], [ 116.321312599636627, 40.004116178964139 ], [ 116.321248283374288, 40.004849937583309 ], [ 116.321378259414161, 40.004849937583309 ], [ 116.321378259414161, 40.005208763635608 ], [ 116.321222084699897, 40.005208763635608 ], [ 116.32119032506202, 40.005655790315146 ], [ 116.321187434166561, 40.005694966027086 ], [ 116.321150536433706, 40.006189224364448 ], [ 116.321147837273173, 40.006225212352881 ], [ 116.321147798883757, 40.006225752393171 ], [ 116.321124721706923, 40.006569303889833 ], [ 116.321111248327711, 40.006743655548433 ], [ 116.321111210489036, 40.006744170039866 ], [ 116.321069809480804, 40.007337169990144 ], [ 116.321067143294613, 40.007375581794435 ], [ 116.321014399108449, 40.008000607749089 ], [ 116.320999312885633, 40.008170149667308 ], [ 116.320999202798703, 40.00817154591045 ], [ 116.320965001952317, 40.008669245869257 ], [ 116.320964994514071, 40.008678644741877 ], [ 116.320966260475231, 40.008687993065273 ], [ 116.320968786058515, 40.008697189099315 ], [ 116.320972543777899, 40.008706132761255 ], [ 116.320977492737626, 40.008714726714942 ], [ 116.320983579077293, 40.008722877430145 ], [ 116.320990736558088, 40.008730496200471 ], [ 116.321147036484618, 40.008879796321537 ], [ 116.321155655999078, 40.008887160966474 ], [ 116.321165275055733, 40.008893753243441 ], [ 116.322314250126311, 40.009597952141071 ], [ 116.322314250126311, 40.009523570698889 ], [ 116.322561796121178, 40.009523570698889 ], [ 116.322560652970864, 40.009522677523435 ], [ 116.32231429541514, 40.009522677523435 ], [ 116.32231429541514, 40.009367559637049 ], [ 116.321321446655773, 40.008759050438655 ], [ 116.321201362509839, 40.008644344530524 ], [ 116.321233149225989, 40.00818175242182 ], [ 116.321248186849331, 40.008012750197501 ], [ 116.321248214254979, 40.008012434032089 ], [ 116.321301013193477, 40.007386733970584 ], [ 116.321301092555416, 40.007385701854496 ], [ 116.321303791516229, 40.007346815870839 ], [ 116.321345171567359, 40.006754087129593 ], [ 116.321358651395499, 40.006579644317732 ], [ 116.321358701718665, 40.006578947516758 ], [ 116.321381782993896, 40.00623531755334 ], [ 116.321384462685003, 40.006199587525991 ], [ 116.321421363642088, 40.005705263467455 ], [ 116.321424267971125, 40.005665904237063 ], [ 116.321424281683335, 40.005665714885467 ], [ 116.32147843972399, 40.004903387192869 ], [ 116.321483280679885, 40.004848156506981 ], [ 116.321378349951615, 40.004848156506981 ], [ 116.321378349951615, 40.004489331582242 ], [ 116.321514731595414, 40.004489331582242 ], [ 116.32151480970127, 40.004488440468897 ], [ 116.32137839521927, 40.004488440468897 ], [ 116.32137839521927, 40.004129615521776 ], [ 116.32154626061876, 40.004129615521776 ], [ 116.321546388278833, 40.004128159042153 ], [ 116.321546411939593, 40.004127882766305 ], [ 116.321608610677984, 40.003384182693765 ], [ 116.32166580198475, 40.002689859944951 ], [ 116.321431030243332, 40.002689859944951 ], [ 116.321374785710461, 40.003372660625615 ] ] ] ] } },
{ "type": "Feature", "properties": { "arc_id": "(2, 7)", "length": 427.08354694122676 }, "geometry": { "type": "MultiPolygon", "coordinates": [ [ [ [ 116.324557458870373, 39.996226748332411 ], [ 116.324558693910703, 39.996235553920179 ], [ 116.324561047106386, 39.996244223694873 ], [ 116.324564495717183, 39.996252673873933 ], [ 116.324569006416922, 39.996260822796827 ], [ 116.324574535615653, 39.996268591714291 ], [ 116.32458102988079, 39.996275905549304 ], [ 116.324588426453573, 39.996282693622646 ], [ 116.324596653855423, 39.996288890335904 ], [ 116.324605632578823, 39.996294435805432 ], [ 116.324615275855479, 39.996299276441029 ], [ 116.32462549049508, 39.996303365463845 ], [ 116.324636177785578, 39.996306663358453 ], [ 116.324647234447411, 39.996309138254716 ], [ 116.324657234863849, 39.996310576564078 ], [ 116.324657234863849, 39.996209599327955 ], [ 116.324557786060041, 39.996209599327955 ], [ 116.324557353920156, 39.996217892026635 ], [ 116.324557458870373, 39.996226748332411 ] ] ], [ [ [ 116.325719210490689, 39.996341679421931 ], [ 116.326281297369391, 39.996371283928248 ], [ 116.326290476024056, 39.996371489876523 ], [ 116.326316298513504, 39.996371290475345 ], [ 116.326505200438447, 39.996370023990906 ], [ 116.326597748606545, 39.996375390465893 ], [ 116.326611005042608, 39.996376307651389 ], [ 116.326568220556126, 39.997382254489501 ], [ 116.326568408328797, 39.997391087662727 ], [ 116.326569720027166, 39.997399864226033 ], [ 116.32657214303957, 39.997408499791788 ], [ 116.326575654068861, 39.997416911328102 ], [ 116.326580219356529, 39.997425017957099 ], [ 116.326585795007148, 39.997432741732567 ], [ 116.326592327410467, 39.997440008389496 ], [ 116.326599753756938, 39.99744674805806 ], [ 116.326608002641549, 39.99745289593551 ], [ 116.326616994750424, 39.997458392909174 ], [ 116.326626643623385, 39.997463186124939 ], [ 116.326636856485408, 39.997467229495413 ], [ 116.326647535138463, 39.997470484143001 ], [ 116.326658576905942, 39.997472918773859 ], [ 116.326669875619729, 39.997474509978623 ], [ 116.326681322641093, 39.997475242457647 ], [ 116.326765089118425, 39.9974774311315 ], [ 116.327466635131955, 39.997499759500108 ], [ 116.327466635131955, 39.997319416547249 ], [ 116.326806196364117, 39.997298396618007 ], [ 116.326848777595671, 39.996297145330558 ], [ 116.32684856771354, 39.996288058415992 ], [ 116.326847168594043, 39.996279033998327 ], [ 116.326844594475006, 39.996270163909401 ], [ 116.326840871550928, 39.996261538410494 ], [ 116.326836037706371, 39.996253245273991 ], [ 116.326830142130547, 39.996245368890129 ], [ 116.326823244816623, 39.996237989408293 ], [ 116.326815415951387, 39.996231181921402 ], [ 116.326806735200819, 39.996225015701768 ], [ 116.326797290899663, 39.996219553496239 ], [ 116.326787179152305, 39.996214850887689 ], [ 116.326776502854941, 39.996210955729339 ], [ 116.326765370648587, 39.996207907657912 ], [ 116.326753895813354, 39.996205737690246 ], [ 116.326742195115997, 39.99620446790771 ], [ 116.326617895277053, 39.996195867920179 ], [ 116.326616206446332, 39.996195760538747 ], [ 116.326517906574225, 39.996190060547193 ], [ 116.326508078785722, 39.996189809002971 ], [ 116.326314179040537, 39.996191109003384 ], [ 116.326314023943311, 39.996191110122084 ], [ 116.326292718544309, 39.996191274643209 ], [ 116.325733403342767, 39.99616181611421 ], [ 116.325729772658349, 39.996161668378619 ], [ 116.325125493051999, 39.996144304944714 ], [ 116.325125493051999, 39.996208702384145 ], [ 116.32465728015454, 39.996208702384145 ], [ 116.32465728015454, 39.996092361751664 ], [ 116.324657234863864, 39.996092369008174 ], [ 116.324657234863864, 39.996209599327955 ], [ 116.3251254477549, 39.996209599327955 ], [ 116.3251254477549, 39.996324617912805 ], [ 116.325719210490689, 39.996341679421931 ] ] ], [ [ [ 116.327934888878971, 39.997514662788078 ], [ 116.327934888878971, 39.997334319761762 ], [ 116.327934843545222, 39.99733431831892 ], [ 116.327934843545222, 39.997514661345221 ], [ 116.327934888878971, 39.997514662788078 ] ] ] ] } },
{ "type": "Feature", "properties": { "arc_id": "(2, 8)", "length": 1307.7787807850398 }, "geometry": { "type": "MultiPolygon", "coordinates": [ [ [ [ 116.324557458870373, 39.996226748332411 ], [ 116.324558693910703, 39.996235553920179 ], [ 116.324561047106386, 39.996244223694873 ], [ 116.324564495717183, 39.996252673873933 ], [ 116.324569006416922, 39.996260822796827 ], [ 116.324574535615653, 39.996268591714291 ], [ 116.32458102988079, 39.996275905549304 ], [ 116.324588426453573, 39.996282693622646 ], [ 116.324596653855423, 39.996288890335904 ], [ 116.324605632578823, 39.996294435805432 ], [ 116.324615275855479, 39.996299276441029 ], [ 116.32462549049508, 39.996303365463845 ], [ 116.324636177785578, 39.996306663358453 ], [ 116.324647234447411, 39.996309138254716 ], [ 116.324657234863849, 39.996310576564078 ], [ 116.324657234863849, 39.996209599327955 ], [ 116.324557786060041, 39.996209599327955 ], [ 116.324557353920156, 39.996217892026635 ], [ 116.324557458870373, 39.996226748332411 ] ] ], [ [ [ 116.325719210490689, 39.996341679421931 ], [ 116.326281297369391, 39.996371283928248 ], [ 116.326290476024056, 39.996371489876523 ], [ 116.326316298513504, 39.996371290475345 ], [ 116.326505200438447, 39.996370023990906 ], [ 116.326597748606545, 39.996375390465893 ], [ 116.326611005042608, 39.996376307651389 ], [ 116.326568220556126, 39.997382254489501 ], [ 116.326568408328797, 39.997391087662727 ], [ 116.326569720027166, 39.997399864226033 ], [ 116.32657214303957, 39.997408499791788 ], [ 116.326575654068861, 39.997416911328102 ], [ 116.326580219356529, 39.997425017957099 ], [ 116.326585795007148, 39.997432741732567 ], [ 116.326592327410467, 39.997440008389496 ], [ 116.326599753756938, 39.99744674805806 ], [ 116.326608002641549, 39.99745289593551 ], [ 116.326616994750424, 39.997458392909174 ], [ 116.326626643623385, 39.997463186124939 ], [ 116.326636856485408, 39.997467229495413 ], [ 116.326647535138463, 39.997470484143001 ], [ 116.326650405314595, 39.997471116996458 ], [ 116.326642291017109, 39.997822335097055 ], [ 116.326607417697389, 39.998646870955127 ], [ 116.32660739522214, 39.998647462036978 ], [ 116.326588594271769, 39.999204462010333 ], [ 116.32658886170509, 39.999213317161882 ], [ 116.326590258456292, 39.999222109321387 ], [ 116.32659277102529, 39.99923075350695 ], [ 116.326596375126854, 39.999239166166831 ], [ 116.326601035925364, 39.999247265987172 ], [ 116.327031535163044, 39.999905866365161 ], [ 116.327037113193043, 39.999913459965356 ], [ 116.327043619790018, 39.999920603184805 ], [ 116.327050993979299, 39.999927229082544 ], [ 116.327059166655744, 39.999933275565681 ], [ 116.327068061231358, 39.99993868597106 ], [ 116.327077594352915, 39.999943409596405 ], [ 116.327087676683178, 39.999947402175373 ], [ 116.327098213738182, 39.999950626292495 ], [ 116.327109106772426, 39.999953051733705 ], [ 116.32712025370445, 39.999954655769578 ], [ 116.327131550073446, 39.99995542336822 ], [ 116.328071995794389, 39.999984151295557 ], [ 116.328000839461978, 40.001392000635022 ], [ 116.328000824164178, 40.0013923176814 ], [ 116.327963022762091, 40.002214817632051 ], [ 116.327953022182143, 40.002432722158744 ], [ 116.327953178052965, 40.002441527740423 ], [ 116.327954451038295, 40.002450279553202 ], [ 116.327956828975985, 40.002458893979068 ], [ 116.327960289146731, 40.002467288712666 ], [ 116.327964798491266, 40.002475383547583 ], [ 116.327970313925888, 40.002483101142751 ], [ 116.327976782754462, 40.002490367761382 ], [ 116.327984143171605, 40.002497113975416 ], [ 116.327990202863347, 40.002501677328731 ], [ 116.327932341095661, 40.003614394834088 ], [ 116.327887339894588, 40.00447728961754 ], [ 116.327887441877948, 40.004486110581304 ], [ 116.327888665110578, 40.004494881593068 ], [ 116.327890997866106, 40.004503518567219 ], [ 116.327894417781309, 40.004511938703104 ], [ 116.327898892070678, 40.004520061278868 ], [ 116.327904377840611, 40.004527808425244 ], [ 116.32791082250057, 40.00453510587208 ], [ 116.327918164267388, 40.00454188366038 ], [ 116.327926332757329, 40.004548076812966 ], [ 116.327935249661138, 40.004553625957442 ], [ 116.327944829494513, 40.004558477895344 ], [ 116.327954980417772, 40.004562586112172 ], [ 116.327965605116262, 40.004565911223331 ], [ 116.327976601733241, 40.004568421351628 ], [ 116.327987864846449, 40.004570092433028 ], [ 116.327999286478814, 40.004570908447192 ], [ 116.328644687177388, 40.004592590903584 ], [ 116.328870488316952, 40.00461061782481 ], [ 116.328870488316952, 40.004474989812408 ], [ 116.329338695778148, 40.004474989812408 ], [ 116.329338695778148, 40.004636024281346 ], [ 116.32933874114363, 40.004636017084145 ], [ 116.32933874114363, 40.00447409113184 ], [ 116.329386999431819, 40.00447409113184 ], [ 116.329378314725304, 40.004469696776631 ], [ 116.329368137097305, 40.004465584392825 ], [ 116.329357484327815, 40.004462258974179 ], [ 116.329346459008519, 40.004459752546147 ], [ 116.32933516731886, 40.004458089246931 ], [ 116.329323718003607, 40.004457285094951 ], [ 116.329147815616224, 40.004451601345508 ], [ 116.328665397549543, 40.004413087308158 ], [ 116.328658412656338, 40.004412691515753 ], [ 116.328126137878584, 40.004394809851142 ], [ 116.328166458649235, 40.003621610207254 ], [ 116.328227857174937, 40.002440799809065 ], [ 116.328227752967194, 40.002431967404789 ], [ 116.328226524647079, 40.002423185294987 ], [ 116.328224184021181, 40.00241453789036 ], [ 116.328220753587217, 40.002406108306751 ], [ 116.328216266317753, 40.002397977566439 ], [ 116.328210765343144, 40.002390223819233 ], [ 116.328204303537248, 40.002382921591384 ], [ 116.328196943008848, 40.002376141069334 ], [ 116.328190296756887, 40.002371113958112 ], [ 116.328197177354667, 40.002221179981625 ], [ 116.328234968562924, 40.001398840733934 ], [ 116.328310657999737, 39.999901199150152 ], [ 116.328310540651501, 39.999892362906692 ], [ 116.328309298308142, 39.999883578007811 ], [ 116.328306942921728, 39.999874928966172 ], [ 116.328303497152021, 39.999866498987451 ], [ 116.328298994148454, 39.999858369169857 ], [ 116.328293477231227, 39.999850617723922 ], [ 116.328286999474557, 39.999843319220155 ], [ 116.328279623196082, 39.999836543871695 ], [ 116.32827141935735, 39.999830356858695 ], [ 116.328262466881142, 39.99982481770148 ], [ 116.328252851892159, 39.999819979687821 ], [ 116.328242666888613, 39.999815889360349 ], [ 116.328232009852286, 39.999812586068771 ], [ 116.32822098330594, 39.999810101591386 ], [ 116.328209693327068, 39.999808459829353 ], [ 116.328198248527386, 39.999807676576708 ], [ 116.327209848899997, 39.999777484610519 ], [ 116.326823568597575, 39.999186535194063 ], [ 116.326841594811981, 39.998652433414087 ], [ 116.326876480907359, 39.99782752888018 ], [ 116.326876524338587, 39.997826200442816 ], [ 116.326886623592145, 39.997389000426537 ], [ 116.326886273029416, 39.997380254209681 ], [ 116.326884820928015, 39.997371575400791 ], [ 116.326882280986254, 39.997363045868397 ], [ 116.326878677164203, 39.997354746072936 ], [ 116.326874043457622, 39.997346754307628 ], [ 116.326868423577295, 39.997339145959963 ], [ 116.326861870536717, 39.997331992800611 ], [ 116.326854446151941, 39.997325362306327 ], [ 116.326846220458435, 39.997319317023504 ], [ 116.326837271050508, 39.99731391397809 ], [ 116.326827682349276, 39.99730920413775 ], [ 116.326817544806346, 39.997305231931023 ], [ 116.326806954050582, 39.997302034828259 ], [ 116.326806050038115, 39.997301837255172 ], [ 116.326848777595671, 39.996297145330558 ], [ 116.32684856771354, 39.996288058415992 ], [ 116.326847168594043, 39.996279033998327 ], [ 116.326844594475006, 39.996270163909401 ], [ 116.326840871550928, 39.996261538410494 ], [ 116.326836037706371, 39.996253245273991 ], [ 116.326830142130547, 39.996245368890129 ], [ 116.326823244816623, 39.996237989408293 ], [ 116.326815415951387, 39.996231181921402 ], [ 116.326806735200819, 39.996225015701768 ], [ 116.326797290899663, 39.996219553496239 ], [ 116.326787179152305, 39.996214850887689 ], [ 116.326776502854941, 39.996210955729339 ], [ 116.326765370648587, 39.996207907657912 ], [ 116.326753895813354, 39.996205737690246 ], [ 116.326742195115997, 39.99620446790771 ], [ 116.326617895277053, 39.996195867920179 ], [ 116.326616206446332, 39.996195760538747 ], [ 116.326517906574225, 39.996190060547193 ], [ 116.326508078785722, 39.996189809002971 ], [ 116.326314179040537, 39.996191109003384 ], [ 116.326314023943311, 39.996191110122084 ], [ 116.326292718544309, 39.996191274643209 ], [ 116.325733403342767, 39.99616181611421 ], [ 116.325729772658349, 39.996161668378619 ], [ 116.325125493051999, 39.996144304944714 ], [ 116.325125493051999, 39.996208702384145 ], [ 116.32465728015454, 39.996208702384145 ], [ 116.32465728015454, 39.996092361751664 ], [ 116.324657234863864, 39.996092369008174 ], [ 116.324657234863864, 39.996209599327955 ], [ 116.3251254477549, 39.996209599327955 ], [ 116.3251254477549, 39.996324617912805 ], [ 116.325719210490689, 39.996341679421931 ] ] ] ] } },
{ "type": "Feature", "properties": { "arc_id": "(2, 9)", "length": 1705.8879041964344 }, "geometry": { "type": "MultiPolygon", "coordinates": [ [ [ [ 116.323676257419265, 39.996281858024098 ], [ 116.323678156817635, 39.996281926603785 ], [ 116.324657234863849, 39.996311149877336 ], [ 116.324657234863849, 39.996209599327955 ], [ 116.324189020859649, 39.996209599327955 ], [ 116.324189020859649, 39.996116850530605 ], [ 116.323720715080796, 39.996102872472662 ], [ 116.323720715080796, 39.996211391354379 ], [ 116.32325249855252, 39.996211391354379 ], [ 116.32325249855252, 39.996083441296001 ], [ 116.32325245327884, 39.996083439377749 ], [ 116.32325245327884, 39.996212286277441 ], [ 116.322784235333572, 39.996212286277441 ], [ 116.322784235333572, 39.996063600901358 ], [ 116.322784190065548, 39.996063598983348 ], [ 116.322784190065548, 39.996213180367562 ], [ 116.322315970600187, 39.996213180367562 ], [ 116.322315970600187, 39.996110319717609 ], [ 116.322315630727417, 39.996111008046867 ], [ 116.322312567697125, 39.996119796294174 ], [ 116.322300067626074, 39.996164596281353 ], [ 116.322298875138983, 39.996169538397695 ], [ 116.321996572706951, 39.997651738079028 ], [ 116.321996233395922, 39.997653517529429 ], [ 116.321884832355934, 39.998281317410459 ], [ 116.321884283454068, 39.998284963697685 ], [ 116.321709281075115, 39.999699063503783 ], [ 116.321708936347719, 39.999702575575981 ], [ 116.321657835555868, 40.000406169959149 ], [ 116.321622459215135, 40.000892169994415 ], [ 116.321847025322072, 40.000892169994415 ], [ 116.321847025322072, 40.001021806732957 ], [ 116.32184870313408, 40.001007045761206 ], [ 116.321848965057612, 40.001004235529052 ], [ 116.321891764058606, 40.000416235478028 ], [ 116.321942735952504, 39.999714382934144 ], [ 116.322019781156726, 39.999091805110353 ], [ 116.321847342174792, 39.999091805110353 ], [ 116.321847342174792, 39.998732980918362 ], [ 116.322064186341251, 39.998732980918362 ], [ 116.322117290431777, 39.998303863630078 ], [ 116.322228208541517, 39.997678773382589 ], [ 116.322523077316561, 39.996232998074021 ], [ 116.323676257419265, 39.996281858024098 ] ] ], [ [ [ 116.32479230094151, 39.996208702384145 ], [ 116.32465728015454, 39.996208702384145 ], [ 116.32465728015454, 39.996092361751664 ], [ 116.324657234863864, 39.996092369008174 ], [ 116.324657234863864, 39.996209599327955 ], [ 116.324792254204027, 39.996209599327955 ], [ 116.32479230094151, 39.996208702384145 ] ] ], [ [ [ 116.321585682515618, 40.00125188624952 ], [ 116.321820873237897, 40.00125188624952 ], [ 116.321820974526744, 40.001250995135507 ], [ 116.321585783807492, 40.001250995135507 ], [ 116.321585682515618, 40.00125188624952 ] ] ], [ [ [ 116.321540623144116, 40.001611602483671 ], [ 116.321776094354448, 40.001611602483671 ], [ 116.321776210432247, 40.001610711369722 ], [ 116.321540739224943, 40.001610711369722 ], [ 116.321540623144116, 40.001611602483671 ] ] ], [ [ [ 116.321493764762863, 40.00197131869669 ], [ 116.321729237196777, 40.00197131869669 ], [ 116.321729353274577, 40.001970427582819 ], [ 116.32149388084369, 40.001970427582819 ], [ 116.321493764762863, 40.00197131869669 ] ] ], [ [ [ 116.321460587840818, 40.002331034888407 ], [ 116.321695358374669, 40.002331034888407 ], [ 116.321695431775638, 40.002330143774614 ], [ 116.321460661244785, 40.002330143774614 ], [ 116.321460587840818, 40.002331034888407 ] ] ], [ [ [ 116.321374785710461, 40.003372660625615 ], [ 116.321312599636627, 40.004116178964139 ], [ 116.321248283374288, 40.004849937583309 ], [ 116.321378259414161, 40.004849937583309 ], [ 116.321378259414161, 40.005208763635608 ], [ 116.321222084699897, 40.005208763635608 ], [ 116.32119032506202, 40.005655790315146 ], [ 116.321187434166561, 40.005694966027086 ], [ 116.321150536433706, 40.006189224364448 ], [ 116.321147837273173, 40.006225212352881 ], [ 116.321147798883757, 40.006225752393171 ], [ 116.321124721706923, 40.006569303889833 ], [ 116.321111248327711, 40.006743655548433 ], [ 116.321111210489036, 40.006744170039866 ], [ 116.321069809480804, 40.007337169990144 ], [ 116.321067143294613, 40.007375581794435 ], [ 116.321014399108449, 40.008000607749089 ], [ 116.320999312885633, 40.008170149667308 ], [ 116.320999202798703, 40.00817154591045 ], [ 116.320965001952317, 40.008669245869257 ], [ 116.320964994514071, 40.008678644741877 ], [ 116.320966260475231, 40.008687993065273 ], [ 116.320968786058515, 40.008697189099315 ], [ 116.320972543777899, 40.008706132761255 ], [ 116.320977492737626, 40.008714726714942 ], [ 116.320983579077293, 40.008722877430145 ], [ 116.320990736558088, 40.008730496200471 ], [ 116.321073792395751, 40.008809832535349 ], [ 116.320829054801123, 40.008962291699859 ], [ 116.320686159626291, 40.009051288638105 ], [ 116.320499829373787, 40.009167416958533 ], [ 116.320872005708594, 40.009167416958533 ], [ 116.320976540576822, 40.009102311225952 ], [ 116.321312050197491, 40.008893305100528 ], [ 116.321320602238458, 40.008887421426842 ], [ 116.321328364759822, 40.008880922642163 ], [ 116.321335263296476, 40.008873871088916 ], [ 116.321341231671553, 40.008866334412097 ], [ 116.32134621263117, 40.008858384910482 ], [ 116.321350158393741, 40.008850098843006 ], [ 116.321353031108316, 40.008841555697188 ], [ 116.321354803217531, 40.008832837426745 ], [ 116.321355457722177, 40.008824027665199 ], [ 116.321354988344055, 40.008815210923792 ], [ 116.321353399586314, 40.008806471780638 ], [ 116.321350706690154, 40.008797894069467 ], [ 116.321346935488663, 40.008789560075378 ], [ 116.321342122158924, 40.008781549745429 ], [ 116.32133631287509, 40.008773939921852 ], [ 116.321329563365211, 40.008766803604793 ], [ 116.321201362509839, 40.008644344530524 ], [ 116.321233149225989, 40.00818175242182 ], [ 116.321248186849331, 40.008012750197501 ], [ 116.321248214254979, 40.008012434032089 ], [ 116.321301013193477, 40.007386733970584 ], [ 116.321301092555416, 40.007385701854496 ], [ 116.321303791516229, 40.007346815870839 ], [ 116.321345171567359, 40.006754087129593 ], [ 116.321358651395499, 40.006579644317732 ], [ 116.321358701718665, 40.006578947516758 ], [ 116.321381782993896, 40.00623531755334 ], [ 116.321384462685003, 40.006199587525991 ], [ 116.321421363642088, 40.005705263467455 ], [ 116.321424267971125, 40.005665904237063 ], [ 116.321424281683335, 40.005665714885467 ], [ 116.32147843972399, 40.004903387192869 ], [ 116.321483280679885, 40.004848156506981 ], [ 116.321378349951615, 40.004848156506981 ], [ 116.321378349951615, 40.004489331582242 ], [ 116.321514731595414, 40.004489331582242 ], [ 116.32151480970127, 40.004488440468897 ], [ 116.32137839521927, 40.004488440468897 ], [ 116.32137839521927, 40.004129615521776 ], [ 116.32154626061876, 40.004129615521776 ], [ 116.321546388278833, 40.004128159042153 ], [ 116.321546411939593, 40.004127882766305 ], [ 116.321608610677984, 40.003384182693765 ], [ 116.32166580198475, 40.002689859944951 ], [ 116.321431030243332, 40.002689859944951 ], [ 116.321374785710461, 40.003372660625615 ] ] ], [ [ [ 116.320441174839104, 40.00919985836348 ], [ 116.320441174839104, 40.009385575788421 ], [ 116.320441220105636, 40.009385567099372 ], [ 116.320441220105636, 40.009199849674438 ], [ 116.320441174839104, 40.00919985836348 ] ] ] ] } },
{ "type": "Feature", "properties": { "arc_id": "(2, 10)", "length": 1507.7362402048584 }, "geometry": { "type": "MultiPolygon", "coordinates": [ [ [ [ 116.323676257419265, 39.996281858024098 ], [ 116.323678156817635, 39.996281926603785 ], [ 116.324657234863849, 39.996311149877336 ], [ 116.324657234863849, 39.996209599327955 ], [ 116.324189020859649, 39.996209599327955 ], [ 116.324189020859649, 39.996116850530605 ], [ 116.323720715080796, 39.996102872472662 ], [ 116.323720715080796, 39.996211391354379 ], [ 116.32325249855252, 39.996211391354379 ], [ 116.32325249855252, 39.996083441296001 ], [ 116.32325245327884, 39.996083439377749 ], [ 116.32325245327884, 39.996212286277441 ], [ 116.322784235333572, 39.996212286277441 ], [ 116.322784235333572, 39.996063600901358 ], [ 116.322784190065548, 39.996063598983348 ], [ 116.322784190065548, 39.996213180367562 ], [ 116.322315970600187, 39.996213180367562 ], [ 116.322315970600187, 39.996110319717609 ], [ 116.322315630727417, 39.996111008046867 ], [ 116.322312567697125, 39.996119796294174 ], [ 116.322300067626074, 39.996164596281353 ], [ 116.322298875138983, 39.996169538397695 ], [ 116.321996572706951, 39.997651738079028 ], [ 116.321996233395922, 39.997653517529429 ], [ 116.321884832355934, 39.998281317410459 ], [ 116.321884283454068, 39.998284963697685 ], [ 116.321709281075115, 39.999699063503783 ], [ 116.321708936347719, 39.999702575575981 ], [ 116.321657835555868, 40.000406169959149 ], [ 116.321622459215135, 40.000892169994415 ], [ 116.321847025322072, 40.000892169994415 ], [ 116.321847025322072, 40.001021806732957 ], [ 116.32184870313408, 40.001007045761206 ], [ 116.321848965057612, 40.001004235529052 ], [ 116.321891764058606, 40.000416235478028 ], [ 116.321942735952504, 39.999714382934144 ], [ 116.322019781156726, 39.999091805110353 ], [ 116.321847342174792, 39.999091805110353 ], [ 116.321847342174792, 39.998732980918362 ], [ 116.322064186341251, 39.998732980918362 ], [ 116.322117290431777, 39.998303863630078 ], [ 116.322228208541517, 39.997678773382589 ], [ 116.322523077316561, 39.996232998074021 ], [ 116.323676257419265, 39.996281858024098 ] ] ], [ [ [ 116.32479230094151, 39.996208702384145 ], [ 116.32465728015454, 39.996208702384145 ], [ 116.32465728015454, 39.996092361751664 ], [ 116.324657234863864, 39.996092369008174 ], [ 116.324657234863864, 39.996209599327955 ], [ 116.324792254204027, 39.996209599327955 ], [ 116.32479230094151, 39.996208702384145 ] ] ], [ [ [ 116.321585682555707, 40.00125188624952 ], [ 116.321820873237897, 40.00125188624952 ], [ 116.321820974526744, 40.001250995135507 ], [ 116.321585783847453, 40.001250995135507 ], [ 116.321585682555707, 40.00125188624952 ] ] ], [ [ [ 116.320904689465053, 40.001240780302965 ], [ 116.320892926687151, 40.001240671425506 ], [ 116.320881209015454, 40.001241470344524 ], [ 116.320869654603968, 40.001243169004162 ], [ 116.320858379960441, 40.001245750276176 ], [ 116.32084749877167, 40.001249188132533 ], [ 116.320837120757105, 40.00125344790797 ], [ 116.320827350562595, 40.001258486649427 ], [ 116.320818286705091, 40.001264253549223 ], [ 116.320810020579344, 40.001270690457375 ], [ 116.320802635536353, 40.001277732467848 ], [ 116.320796206042857, 40.001285308573166 ], [ 116.320790796930396, 40.001293342380272 ], [ 116.320786462741751, 40.001301752880927 ], [ 116.320783247180728, 40.001310455268474 ], [ 116.32070462761682, 40.001572648635673 ], [ 116.320118757976488, 40.002639806543229 ], [ 116.320049234630218, 40.002636044825309 ], [ 116.319652947586718, 40.002612963057153 ], [ 116.319641187385557, 40.002612733602767 ], [ 116.31962945655404, 40.002613412345028 ], [ 116.319617873381361, 40.002614992439788 ], [ 116.319606554667672, 40.00261745795396 ], [ 116.319595614546515, 40.002620784026256 ], [ 116.319585163333855, 40.002624937117858 ], [ 116.3195753064158, 40.002629875350607 ], [ 116.31956614318581, 40.002635548929234 ], [ 116.319557766042564, 40.002641900643575 ], [ 116.319550259458268, 40.002648866445327 ], [ 116.319543699126726, 40.002656376094002 ], [ 116.319538151200163, 40.002664353865072 ], [ 116.319533671622182, 40.002672719313686 ], [ 116.319530305563617, 40.002681388085726 ], [ 116.319528086966955, 40.002690272768433 ], [ 116.319527038204242, 40.002699283771875 ], [ 116.319518643808664, 40.002864563952265 ], [ 116.318162007267546, 40.004067160116811 ], [ 116.318155217738891, 40.004073780658715 ], [ 116.318149262755412, 40.004080860324969 ], [ 116.318144194475067, 40.00408833710712 ], [ 116.31814005728954, 40.004096145518574 ], [ 116.318136887435358, 40.004104217168013 ], [ 116.318134712676596, 40.004112481358504 ], [ 116.318133552061667, 40.004120865706696 ], [ 116.318093875993412, 40.004635287535855 ], [ 116.317805166848814, 40.004616139032592 ], [ 116.317804016718156, 40.004616067135693 ], [ 116.316807518014542, 40.004557567222378 ], [ 116.316796204629938, 40.004557324649241 ], [ 116.316784913600543, 40.004557922720558 ], [ 116.316773750301635, 40.004559355854731 ], [ 116.31676281891643, 40.004561610676788 ], [ 116.316752221463858, 40.00456466614326 ], [ 116.316742056846337, 40.004568493738518 ], [ 116.316732419926879, 40.004573057740906 ], [ 116.316723400643696, 40.004578315556145 ], [ 116.316715083170877, 40.004584218114815 ], [ 116.316707545132772, 40.004590710330277 ], [ 116.316700856879621, 40.00459773161289 ], [ 116.316695080830954, 40.004605216435287 ], [ 116.316690270893062, 40.004613094944084 ], [ 116.31668647195589, 40.004621293611706 ], [ 116.316683719474042, 40.004629735922606 ], [ 116.316682039135969, 40.004638343087393 ], [ 116.316681446624116, 40.004647034778067 ], [ 116.316680330355183, 40.004858756678587 ], [ 116.3166954630574, 40.004858756678587 ], [ 116.3166954630574, 40.005186742410544 ], [ 116.316695508271792, 40.005186800958725 ], [ 116.316695508271792, 40.004857882528903 ], [ 116.31691464629246, 40.004857882528903 ], [ 116.316915243147605, 40.00474460438204 ], [ 116.31778560796019, 40.00479569909146 ], [ 116.318193633653308, 40.004822761004448 ], [ 116.318205318945303, 40.004823085594822 ], [ 116.318216988110052, 40.004822512793211 ], [ 116.31822852490437, 40.004821048305629 ], [ 116.318239814403597, 40.004818706720648 ], [ 116.318250744146582, 40.004815511364164 ], [ 116.318261205256007, 40.004811494066928 ], [ 116.318271093522839, 40.004806694847531 ], [ 116.318280310444592, 40.004801161513704 ], [ 116.318288764206443, 40.004794949186135 ], [ 116.318296370595931, 40.0047881197493 ], [ 116.318303053841831, 40.004780741235052 ], [ 116.318308747368846, 40.004772887144895 ], [ 116.318313394460972, 40.004764635717763 ], [ 116.318316948826379, 40.004756069150652 ], [ 116.318319375058479, 40.004747272779838 ], [ 116.31832064898866, 40.004738334230765 ], [ 116.318365090128722, 40.004162106308101 ], [ 116.319722592523348, 40.002958738768932 ], [ 116.319729577972623, 40.002951906582055 ], [ 116.319735674882821, 40.002944588550271 ], [ 116.319740826515002, 40.002936852776791 ], [ 116.319744984927297, 40.002928771252385 ], [ 116.319748111421006, 40.002920419185472 ], [ 116.319750176900669, 40.002911874302114 ], [ 116.319751162144925, 40.002903216122775 ], [ 116.319756419551013, 40.002799694478881 ], [ 116.320031852904421, 40.002815736974839 ], [ 116.320032477911667, 40.002815772084674 ], [ 116.320185878111488, 40.002824072097098 ], [ 116.32019705924435, 40.002824265502561 ], [ 116.320208213407327, 40.002823638072201 ], [ 116.320219238943693, 40.002822195524296 ], [ 116.320230035369079, 40.002819951005904 ], [ 116.32024050428717, 40.002816924973096 ], [ 116.320250550286559, 40.002813145004453 ], [ 116.320260081810204, 40.002808645549848 ], [ 116.320269011989993, 40.002803467616303 ], [ 116.320277259438328, 40.002797658394378 ], [ 116.320284748989991, 40.002791270828034 ], [ 116.320291412387078, 40.002784363132108 ], [ 116.320297188901151, 40.002776998261808 ], [ 116.320302025886676, 40.002769243338868 ], [ 116.320924424436143, 40.001635542753817 ], [ 116.320927954895453, 40.001628247298427 ], [ 116.320930653311407, 40.001620744701881 ], [ 116.320989235778043, 40.001425372404583 ], [ 116.321378757334841, 40.001444047258751 ], [ 116.321378757334841, 40.001263508994988 ], [ 116.320904689465053, 40.001240780302965 ] ] ], [ [ [ 116.316735228777503, 40.005217598543084 ], [ 116.316856782605413, 40.005217598543084 ], [ 116.316858700874405, 40.00521672246218 ], [ 116.316733345451922, 40.00521672246218 ], [ 116.316735228777503, 40.005217598543084 ] ] ] ] } },
{ "type": "Feature", "properties": { "arc_id": "(2, 11)", "length": 431.04317632440984 }, "geometry": { "type": "MultiPolygon", "coordinates": [ [ [ [ 116.322388363392719, 39.994982023607228 ], [ 116.322388954389623, 39.994990648672477 ], [ 116.322390616486132, 39.994999190577452 ], [ 116.32239333440738, 39.995007570818672 ], [ 116.322397083174948, 39.995015712378446 ], [ 116.322401828336552, 39.995023540432562 ], [ 116.322407526282561, 39.995030983038085 ], [ 116.322414124646869, 39.995037971794453 ], [ 116.32242156278808, 39.995044442472128 ], [ 116.322429772346837, 39.995050335602954 ], [ 116.322438677874132, 39.995055597026592 ], [ 116.322448197524579, 39.995060178388414 ], [ 116.322458243808796, 39.995064037583774 ], [ 116.32246872439724, 39.995067139145029 ], [ 116.322479542968949, 39.995069454567549 ], [ 116.322490600096799, 39.995070962571624 ], [ 116.322501794161056, 39.995071649298055 ], [ 116.322555120824376, 39.9950729475133 ], [ 116.323661548872508, 39.995100945703918 ], [ 116.323721159692923, 39.995102445978212 ], [ 116.324615498440821, 39.995125061094235 ], [ 116.32461466110243, 39.995140690889734 ], [ 116.324576854263356, 39.9958507791466 ], [ 116.324657234863864, 39.9958507791466 ], [ 116.324657234863864, 39.996209599327955 ], [ 116.324787592980982, 39.996209599327955 ], [ 116.324787936374165, 39.996208702384145 ], [ 116.32465728015454, 39.996208702384145 ], [ 116.32465728015454, 39.995849882796556 ], [ 116.32481137715601, 39.995849882796556 ], [ 116.324811424908432, 39.995848985852732 ], [ 116.324657325444505, 39.995848985852732 ], [ 116.324657325444505, 39.995490166246697 ], [ 116.324830528117772, 39.995490166246697 ], [ 116.324848739526033, 39.995148097527945 ], [ 116.324854438730753, 39.995041708984978 ], [ 116.324854344332707, 39.995032821036673 ], [ 116.324853111743238, 39.995023983494541 ], [ 116.32485075295925, 39.995015282372293 ], [ 116.32484729093872, 39.995006802355839 ], [ 116.324842759376949, 39.994998625979072 ], [ 116.324837202378902, 39.994990832820626 ], [ 116.324830674029798, 39.994983498729347 ], [ 116.324823237868671, 39.994976695086073 ], [ 116.324814966270011, 39.994970488108862 ], [ 116.324805939739321, 39.994964938208625 ], [ 116.324796246129608, 39.994960099401084 ], [ 116.324785979786341, 39.994956018781011 ], [ 116.324775240629137, 39.994952736064029 ], [ 116.324764133179386, 39.994950283199891 ], [ 116.324752765542925, 39.99494868406169 ], [ 116.324741248357853, 39.994947954213387 ], [ 116.323728849685125, 39.99492235425766 ], [ 116.323669241085, 39.9949208540407 ], [ 116.32263247088332, 39.994894618877709 ], [ 116.322631984532421, 39.994887998601342 ], [ 116.322630206755903, 39.994879240420602 ], [ 116.322627318579364, 39.994870658999389 ], [ 116.322623347961695, 39.994862337408712 ], [ 116.32261833334023, 39.994854356204343 ], [ 116.322612323258483, 39.994846792646939 ], [ 116.32260537589633, 39.994839719954207 ], [ 116.322597558506757, 39.994833206592112 ], [ 116.322588946764796, 39.994827315612049 ], [ 116.322579624035043, 39.994822104040544 ], [ 116.322569680564627, 39.994817622327311 ], [ 116.322559212609505, 39.994813913856667 ], [ 116.32254832150285, 39.994811014527791 ], [ 116.32253711267397, 39.99480895240707 ], [ 116.322525694627771, 39.994807747456463 ], [ 116.322475094693388, 39.994804347461404 ], [ 116.322470532904262, 39.994804109831414 ], [ 116.321847794760927, 39.99478104743951 ], [ 116.321847794760927, 39.994961445149329 ], [ 116.322388394777875, 39.994981465827415 ], [ 116.322388363392719, 39.994982023607228 ] ] ], [ [ [ 116.32456653323058, 39.996212243112609 ], [ 116.324571018913716, 39.996220383662362 ], [ 116.324576520439095, 39.996228146852296 ], [ 116.324582984824275, 39.996235457918488 ], [ 116.324590349813818, 39.996242246451224 ], [ 116.32459854447896, 39.996248447073071 ], [ 116.3246074899006, 39.996254000068475 ], [ 116.324617099929313, 39.996258851958885 ], [ 116.324627282015172, 39.996262956017794 ], [ 116.324637938098803, 39.99626627272076 ], [ 116.324648965556023, 39.996268770125965 ], [ 116.324657234863849, 39.996269981349414 ], [ 116.324657234863849, 39.996209599327955 ], [ 116.324565459791387, 39.996209599327955 ], [ 116.32456653323058, 39.996212243112609 ] ] ], [ [ [ 116.321714188808542, 39.994776099496512 ], [ 116.321379617176333, 39.994776099496512 ], [ 116.321379617176333, 39.994763709020376 ], [ 116.321379571927935, 39.994763707344653 ], [ 116.321379571927935, 39.994776990611797 ], [ 116.321231630942023, 39.994776990611797 ], [ 116.321229902837615, 39.994777880577111 ], [ 116.321379526678825, 39.994777880577111 ], [ 116.321379526678825, 39.994944103225109 ], [ 116.321379571927935, 39.994944104900874 ], [ 116.321379571927935, 39.994776990611804 ], [ 116.321738250991018, 39.994776990611804 ], [ 116.321714188808542, 39.994776099496512 ] ] ] ] } },
{ "type": "Feature", "properties": { "arc_id": "(2, 12)", "length": 557.69564731074991 }, "geometry": { "type": "MultiPolygon", "coordinates": [ [ [ [ 116.320996703706186, 39.996679269674935 ], [ 116.320849331034466, 39.996665346935409 ], [ 116.31944466162706, 39.99647852341117 ], [ 116.319433080165823, 39.996477436503504 ], [ 116.319421415569792, 39.996477241082104 ], [ 116.319409783556736, 39.996477939085651 ], [ 116.319398299521154, 39.996479523589635 ], [ 116.31938707738955, 39.996481978875103 ], [ 116.319376228490256, 39.996485280584579 ], [ 116.319365860449025, 39.996489395963685 ], [ 116.31935607612138, 39.996494284186106 ], [ 116.319346972572177, 39.996499896758564 ], [ 116.319338640112733, 39.99650617800193 ], [ 116.319331161404875, 39.996513065603523 ], [ 116.319324610640919, 39.99652049123533 ], [ 116.319319052807657, 39.996528381231791 ], [ 116.319314543041571, 39.996536657320668 ], [ 116.319311126081956, 39.996545237399438 ], [ 116.319308835827002, 39.996554036349877 ], [ 116.319303809245156, 39.996580010107643 ], [ 116.31950620895546, 39.996580010107643 ], [ 116.31950620895546, 39.996758090212275 ], [ 116.319522909155666, 39.996671794211991 ], [ 116.320812240080954, 39.996843276837957 ], [ 116.320817918323755, 39.996843922254151 ], [ 116.320973518523132, 39.996858622274793 ], [ 116.320984312029864, 39.996859254403752 ], [ 116.322128113530056, 39.996885454450286 ], [ 116.322130020159776, 39.996885486169568 ], [ 116.32217822022308, 39.996885986170746 ], [ 116.322189656346794, 39.996885674878101 ], [ 116.322200998411603, 39.996884506867751 ], [ 116.322212138180376, 39.99688249328598 ], [ 116.322222969346612, 39.996879653348373 ], [ 116.322233388548682, 39.996876014156378 ], [ 116.322243296356504, 39.996871610438717 ], [ 116.322252598220189, 39.996866484219964 ], [ 116.322261205372442, 39.996860684419488 ], [ 116.322269035675603, 39.996854266384631 ], [ 116.322276014405574, 39.996847291362478 ], [ 116.32228207496486, 39.996839825915451 ], [ 116.322287159518027, 39.996831941286011 ], [ 116.322291219543729, 39.996823712716875 ], [ 116.32229421629772, 39.996815218732955 ], [ 116.322461151864005, 39.99623037398181 ], [ 116.323676257419265, 39.996281858024098 ], [ 116.323678156817635, 39.996281926603785 ], [ 116.324657234863849, 39.996311149877336 ], [ 116.324657234863849, 39.996209599327955 ], [ 116.324189020859649, 39.996209599327955 ], [ 116.324189020859649, 39.996116850530605 ], [ 116.323720715080796, 39.996102872472662 ], [ 116.323720715080796, 39.996211391354379 ], [ 116.32325249855252, 39.996211391354379 ], [ 116.32325249855252, 39.996083441296001 ], [ 116.32325245327884, 39.996083439377749 ], [ 116.32325245327884, 39.996212286277441 ], [ 116.322784235333572, 39.996212286277441 ], [ 116.322784235333572, 39.996063600901358 ], [ 116.322784190065548, 39.996063598983348 ], [ 116.322784190065548, 39.996213180367562 ], [ 116.322315970600187, 39.996213180367562 ], [ 116.322315970600187, 39.996055576032006 ], [ 116.322306957080627, 39.996059352496708 ], [ 116.322297222385288, 39.996064469254527 ], [ 116.322288205793669, 39.996070312761347 ], [ 116.322279998658473, 39.996076823813077 ], [ 116.322272684131377, 39.996083936442304 ], [ 116.322266336320595, 39.996091578586672 ], [ 116.322261019540036, 39.996099672818936 ], [ 116.322256787657608, 39.996108137131479 ], [ 116.322253683549519, 39.996116885767073 ], [ 116.322241984116033, 39.996157883542821 ], [ 116.322086037980071, 39.996704222271184 ], [ 116.320996703706186, 39.996679269674935 ] ] ], [ [ [ 116.319234194967208, 39.99693972660085 ], [ 116.319471058264298, 39.99693972660085 ], [ 116.319471229449746, 39.996938842023468 ], [ 116.319234366155399, 39.996938842023468 ], [ 116.319234194967208, 39.99693972660085 ] ] ], [ [ [ 116.32479230094151, 39.996208702384145 ], [ 116.32465728015454, 39.996208702384145 ], [ 116.32465728015454, 39.996092361751664 ], [ 116.324657234863864, 39.996092369008174 ], [ 116.324657234863864, 39.996209599327955 ], [ 116.324792254204027, 39.996209599327955 ], [ 116.32479230094151, 39.996208702384145 ] ] ] ] } },
{ "type": "Feature", "properties": { "arc_id": "(2, 13)", "length": 405.97285472951921 }, "geometry": { "type": "MultiPolygon", "coordinates": [ [ [ [ 116.323349360590328, 39.998730301465713 ], [ 116.323583853782239, 39.998730301465713 ], [ 116.323605941439197, 39.998323862305824 ], [ 116.323605868976344, 39.998315182267426 ], [ 116.323604710746537, 39.998306547878506 ], [ 116.323602477501439, 39.99829803928796 ], [ 116.323599189971631, 39.998289735476945 ], [ 116.323594878674015, 39.998281713525643 ], [ 116.323589583628561, 39.998274047897915 ], [ 116.323583353986891, 39.998266809749992 ], [ 116.323576247576014, 39.998260066269999 ], [ 116.323569639223635, 39.998254902750482 ], [ 116.323585336121312, 39.997815000292327 ], [ 116.323594715690476, 39.997814959142303 ], [ 116.323606150465764, 39.997814042210123 ], [ 116.323617413303324, 39.997812267615394 ], [ 116.323628395718288, 39.997809652451238 ], [ 116.323638991926785, 39.997806221907183 ], [ 116.323649099865008, 39.997802009026621 ], [ 116.323658622172275, 39.997797054388478 ], [ 116.323667467128843, 39.997791405716377 ], [ 116.323675549539288, 39.997785117418907 ], [ 116.323682791553239, 39.997778250065586 ], [ 116.323689123415164, 39.997770869803489 ], [ 116.323694484136183, 39.997763047719992 ], [ 116.323698822081695, 39.997754859158171 ], [ 116.32370209546859, 39.997746382990989 ], [ 116.323704272767714, 39.997737700861627 ], [ 116.323705333007553, 39.997728896397113 ], [ 116.323757200356766, 39.996807348569675 ], [ 116.323791259666379, 39.996336100431471 ], [ 116.323791334668215, 39.996334923959253 ], [ 116.323794070814344, 39.996285386814513 ], [ 116.324657234863849, 39.996311149883667 ], [ 116.324657234863849, 39.996209599327955 ], [ 116.324189020859649, 39.996209599327955 ], [ 116.324189020859649, 39.996116850528985 ], [ 116.323720715080796, 39.996102872469109 ], [ 116.323720715080796, 39.996211391354379 ], [ 116.323564054272097, 39.996211391354379 ], [ 116.323562123746257, 39.996239436910017 ], [ 116.323562065494414, 39.996240375928664 ], [ 116.323557297849675, 39.996326687498019 ], [ 116.323523239550852, 39.996797899409927 ], [ 116.323523168577182, 39.99679900354969 ], [ 116.323476333510413, 39.997631091604447 ], [ 116.323464968788784, 39.997631145775316 ], [ 116.323453420739938, 39.997632085101841 ], [ 116.323442050354686, 39.997633899173579 ], [ 116.323430969369014, 39.99763657016377 ], [ 116.323420286674974, 39.997640071824776 ], [ 116.323410107250766, 39.99764436974602 ], [ 116.323400531128968, 39.997649421692124 ], [ 116.323391652413633, 39.997655178017915 ], [ 116.323383558355516, 39.997661582156368 ], [ 116.32337632849466, 39.99766857117443 ], [ 116.323370033878717, 39.997676076391407 ], [ 116.32336473636488, 39.997684024053932 ], [ 116.323360488011886, 39.997692336060759 ], [ 116.32335733056847, 39.997700930730211 ], [ 116.323355295063081, 39.997709723602838 ], [ 116.323354401499017, 39.997718628271464 ], [ 116.323333100480767, 39.998315528241704 ], [ 116.323333327497025, 39.998324126060922 ], [ 116.323334619325394, 39.998332668066837 ], [ 116.323336964196557, 39.998341076434173 ], [ 116.323340340747009, 39.998349274555217 ], [ 116.323344718213733, 39.998357187737753 ], [ 116.323350056714432, 39.998364743885588 ], [ 116.323356307610894, 39.998371874155417 ], [ 116.323363413951995, 39.998378513584015 ], [ 116.323368275779174, 39.998382261731408 ], [ 116.323349360590328, 39.998730301465713 ] ] ], [ [ [ 116.32479230094151, 39.996208702384145 ], [ 116.32465728015454, 39.996208702384145 ], [ 116.32465728015454, 39.996092361751664 ], [ 116.324657234863864, 39.996092369008174 ], [ 116.324657234863864, 39.996209599327955 ], [ 116.324792254204027, 39.996209599327955 ], [ 116.32479230094151, 39.996208702384145 ] ] ] ] } },
{ "type": "Feature", "properties": { "arc_id": "(2, 14)", "length": 857.21396863797725 }, "geometry": { "type": "MultiPolygon", "coordinates": [ [ [ [ 116.323676257419265, 39.996281858024098 ], [ 116.323678156817635, 39.996281926603785 ], [ 116.324657234863849, 39.996311149877336 ], [ 116.324657234863849, 39.996209599327955 ], [ 116.324189020859649, 39.996209599327955 ], [ 116.324189020859649, 39.996116850530605 ], [ 116.323720715080796, 39.996102872472662 ], [ 116.323720715080796, 39.996211391354379 ], [ 116.32325249855252, 39.996211391354379 ], [ 116.32325249855252, 39.996083441296001 ], [ 116.32325245327884, 39.996083439377749 ], [ 116.32325245327884, 39.996212286277441 ], [ 116.322784235333572, 39.996212286277441 ], [ 116.322784235333572, 39.996063600901358 ], [ 116.322784190065548, 39.996063598983348 ], [ 116.322784190065548, 39.996213180367562 ], [ 116.322315970600187, 39.996213180367562 ], [ 116.322315970600187, 39.996110319717609 ], [ 116.322315630727417, 39.996111008046867 ], [ 116.322312567697125, 39.996119796294174 ], [ 116.322300067626074, 39.996164596281353 ], [ 116.322298875138983, 39.996169538397695 ], [ 116.321996572706951, 39.997651738079028 ], [ 116.321996233395922, 39.997653517529429 ], [ 116.321884832355934, 39.998281317410459 ], [ 116.321884283454068, 39.998284963697685 ], [ 116.321709281075115, 39.999699063503783 ], [ 116.321708936347719, 39.999702575575981 ], [ 116.321657835555868, 40.000406169959149 ], [ 116.321622459215135, 40.000892169994415 ], [ 116.321847025322072, 40.000892169994415 ], [ 116.321847025322072, 40.001021806732957 ], [ 116.32184870313408, 40.001007045761206 ], [ 116.321848965057612, 40.001004235529052 ], [ 116.321891764058606, 40.000416235478028 ], [ 116.321942735952504, 39.999714382934144 ], [ 116.322019781156726, 39.999091805110353 ], [ 116.321847342174792, 39.999091805110353 ], [ 116.321847342174792, 39.998732980918362 ], [ 116.322064186341251, 39.998732980918362 ], [ 116.322117290431777, 39.998303863630078 ], [ 116.322228208541517, 39.997678773382589 ], [ 116.322523077316561, 39.996232998074021 ], [ 116.323676257419265, 39.996281858024098 ] ] ], [ [ [ 116.32479230094151, 39.996208702384145 ], [ 116.32465728015454, 39.996208702384145 ], [ 116.32465728015454, 39.996092361751664 ], [ 116.324657234863864, 39.996092369008174 ], [ 116.324657234863864, 39.996209599327955 ], [ 116.324792254204027, 39.996209599327955 ], [ 116.32479230094151, 39.996208702384145 ] ] ], [ [ [ 116.321585682515618, 40.00125188624952 ], [ 116.321820873237897, 40.00125188624952 ], [ 116.321820974526744, 40.001250995135507 ], [ 116.321585783807492, 40.001250995135507 ], [ 116.321585682515618, 40.00125188624952 ] ] ], [ [ [ 116.321540623144116, 40.001611602483671 ], [ 116.321776094353666, 40.001611602483671 ], [ 116.321776210431466, 40.001610711369722 ], [ 116.321540739224943, 40.001610711369722 ], [ 116.321540623144116, 40.001611602483671 ] ] ], [ [ [ 116.321493764762863, 40.00197131869669 ], [ 116.321729237194802, 40.00197131869669 ], [ 116.321729353272602, 40.001970427582819 ], [ 116.32149388084369, 40.001970427582819 ], [ 116.321493764762863, 40.00197131869669 ] ] ] ] } },
{ "type": "Feature", "properties": { "arc_id": "(2, 15)", "length": 874.3731912511696 }, "geometry": { "type": "MultiPolygon", "coordinates": [ [ [ [ 116.323118832576085, 40.001967748131733 ], [ 116.322884331880516, 40.001967748131733 ], [ 116.322884283713208, 40.001968642221073 ], [ 116.323118784411861, 40.001968642221073 ], [ 116.323118832576085, 40.001967748131733 ] ] ], [ [ [ 116.323141178909324, 40.001552925411616 ], [ 116.323179188065396, 40.00113720337815 ], [ 116.323947469023977, 40.001168170850015 ], [ 116.323959006274677, 40.001168198328067 ], [ 116.323970491088701, 40.00116735289425 ], [ 116.323981812072262, 40.001165642748617 ], [ 116.323992859420613, 40.001163084478222 ], [ 116.324003525983031, 40.001159702896331 ], [ 116.324013708302232, 40.00115553080164 ], [ 116.32402330761775, 40.001150608660225 ], [ 116.324032230823804, 40.001144984213006 ], [ 116.324040391372449, 40.00113871201274 ], [ 116.324047710112993, 40.001131852894829 ], [ 116.324054116059699, 40.001124473387307 ], [ 116.324059547080196, 40.001116645065579 ], [ 116.324063950498285, 40.001108443858179 ], [ 116.324067283604634, 40.001099949310216 ], [ 116.324069514071226, 40.00109124381207 ], [ 116.324070620264749, 40.001082411800034 ], [ 116.324149818049975, 39.999780911702572 ], [ 116.324149911054704, 39.999778904241808 ], [ 116.324171888590428, 39.999088227244449 ], [ 116.323937528551497, 39.999088227244449 ], [ 116.323915720910023, 39.999773491510901 ], [ 116.32384208723073, 40.000983487559921 ], [ 116.323076532113049, 40.000952629203937 ], [ 116.323065166224538, 40.000952595649267 ], [ 116.323053849602999, 40.000953409332745 ], [ 116.323042688775004, 40.000955062594997 ], [ 116.323031788800506, 40.000957539873376 ], [ 116.323021252284036, 40.000960817848544 ], [ 116.323011178408876, 40.000964865664038 ], [ 116.323001662003321, 40.000969645216593 ], [ 116.322992792648108, 40.000975111514933 ], [ 116.322984653833174, 40.000981213103238 ], [ 116.322977322171724, 40.000987892545474 ], [ 116.3229708666791, 40.000995086966121 ], [ 116.322965348122963, 40.001002728641986 ], [ 116.32296081845152, 40.001010745639697 ], [ 116.322957320304198, 40.00101906249283 ], [ 116.322954886610574, 40.001027600912366 ], [ 116.322953540280096, 40.001036280523522 ], [ 116.322907339424177, 40.001541580470352 ], [ 116.322907151286117, 40.001544170553757 ], [ 116.322903662713898, 40.001608926007854 ], [ 116.323138162179703, 40.001608926007854 ], [ 116.323141178909324, 40.001552925411616 ] ] ], [ [ [ 116.32418808246986, 39.998619762670948 ], [ 116.324230656990565, 39.997764145353642 ], [ 116.32423050921841, 39.997755014913537 ], [ 116.324229160553983, 39.997745942871255 ], [ 116.324226624851292, 39.997737022414903 ], [ 116.324222928157496, 39.997728345175375 ], [ 116.324218108445493, 39.997720000285256 ], [ 116.32421221522371, 39.997712073463212 ], [ 116.324205309027633, 39.997704646133457 ], [ 116.32419746079789, 39.997697794589435 ], [ 116.324188751151667, 39.997691589210071 ], [ 116.324179269554477, 39.99768609373691 ], [ 116.324169113401268, 39.997681364619311 ], [ 116.324158387015899, 39.997677450434658 ], [ 116.324147200579603, 39.997674391389317 ], [ 116.324135668999148, 39.997672218905763 ], [ 116.324123910726655, 39.99767095529964 ], [ 116.323710176706385, 39.997642837660088 ], [ 116.323757200356766, 39.996807348569675 ], [ 116.323791259666379, 39.996336100431471 ], [ 116.323791334668215, 39.996334923959253 ], [ 116.323794070814344, 39.996285386814513 ], [ 116.324657234863849, 39.996311149883667 ], [ 116.324657234863849, 39.996209599327955 ], [ 116.324189020859649, 39.996209599327955 ], [ 116.324189020859649, 39.996116850528985 ], [ 116.323720715080796, 39.996102872469109 ], [ 116.323720715080796, 39.996211391354379 ], [ 116.323564054272097, 39.996211391354379 ], [ 116.323562123746257, 39.996239436910017 ], [ 116.323562065494414, 39.996240375928664 ], [ 116.323557297849675, 39.996326687498019 ], [ 116.323523239550852, 39.996797899409927 ], [ 116.323523168577182, 39.99679900354969 ], [ 116.323471267007434, 39.997721103484821 ], [ 116.323471316385934, 39.997729692443571 ], [ 116.323472428975236, 39.997738238755375 ], [ 116.323474594663949, 39.997746664746664 ], [ 116.323477793769456, 39.997754893837417 ], [ 116.323481997216902, 39.997762851237098 ], [ 116.323487166803361, 39.997770464624431 ], [ 116.32349325554506, 39.997777664804694 ], [ 116.323500208104349, 39.997784386338616 ], [ 116.323507961292691, 39.99779056813707 ], [ 116.323516444644952, 39.997796154016399 ], [ 116.323525581059741, 39.997801093208906 ], [ 116.323535287500206, 39.997805340824428 ], [ 116.323545475748787, 39.997808858258161 ], [ 116.323556053208847, 39.997811613541664 ], [ 116.323566923746384, 39.997813581633324 ], [ 116.323577988563713, 39.997814744645979 ], [ 116.323992281133883, 39.997842900657446 ], [ 116.323953941564355, 39.998613354473555 ], [ 116.323953900251908, 39.99861432011857 ], [ 116.323949779677207, 39.998729406542928 ], [ 116.324184157135733, 39.998729406542928 ], [ 116.32418808246986, 39.998619762670948 ] ] ], [ [ [ 116.32479230094151, 39.996208702384145 ], [ 116.32465728015454, 39.996208702384145 ], [ 116.32465728015454, 39.996092361751664 ], [ 116.324657234863864, 39.996092369008174 ], [ 116.324657234863864, 39.996209599327955 ], [ 116.324792254204027, 39.996209599327955 ], [ 116.32479230094151, 39.996208702384145 ] ] ] ] } },
{ "type": "Feature", "properties": { "arc_id": "(3, 4)", "length": 753.96356288469224 }, "geometry": { "type": "Polygon", "coordinates": [ [ [ 116.31512329952352, 40.002351570205718 ], [ 116.315123548386964, 40.002360630506978 ], [ 116.315124979529926, 40.002369625746333 ], [ 116.315127578472911, 40.002378464911871 ], [ 116.315131318920734, 40.002387058570783 ], [ 116.315136163028797, 40.002395319774166 ], [ 116.31514206178575, 40.00240316493683 ], [ 116.3151489555095, 40.002410514683014 ], [ 116.315156774450998, 40.002417294649369 ], [ 116.315553774428622, 40.002728494932349 ], [ 116.315562347458169, 40.002734577459613 ], [ 116.315571664501491, 40.002739974215835 ], [ 116.315581633196658, 40.002744631701674 ], [ 116.315592154721742, 40.002748503746368 ], [ 116.315603124774341, 40.002751551965368 ], [ 116.31561443460572, 40.002753746140925 ], [ 116.315625972098772, 40.002755064521665 ], [ 116.317759474857056, 40.002915864752779 ], [ 116.317763739164519, 40.002916125758553 ], [ 116.318621640284363, 40.002956525820323 ], [ 116.318623681986082, 40.002956608214433 ], [ 116.318974582445563, 40.002968408233613 ], [ 116.318974745685026, 40.002968413635031 ], [ 116.319540110566791, 40.002986815863743 ], [ 116.320107174395417, 40.004867154769194 ], [ 116.320110288391547, 40.004875591095683 ], [ 116.320114454196954, 40.004883754633923 ], [ 116.320119632341957, 40.0048915680363 ], [ 116.320125773765142, 40.004898957272573 ], [ 116.320132820278189, 40.004905852331383 ], [ 116.320140705117225, 40.00491218788359 ], [ 116.32014935357536, 40.004917903901209 ], [ 116.32015868371046, 40.004922946226181 ], [ 116.320168607121644, 40.00492726708358 ], [ 116.3201790297868, 40.004930825534203 ], [ 116.320189852953419, 40.004933587862439 ], [ 116.320200974074297, 40.004935527895817 ], [ 116.320212287779142, 40.004936627252924 ], [ 116.320441763248439, 40.004950242499291 ], [ 116.320441763248439, 40.004850826317309 ], [ 116.320909989665111, 40.004850826317309 ], [ 116.320909989665111, 40.004969767972824 ], [ 116.32091003492863, 40.004969769812597 ], [ 116.32091003492863, 40.004849937583309 ], [ 116.321378259414161, 40.004849937583309 ], [ 116.321378259414161, 40.004987067591031 ], [ 116.321378259840728, 40.004987067559952 ], [ 116.321389544222541, 40.004985374886942 ], [ 116.321400558522171, 40.004982839781917 ], [ 116.321411196665494, 40.004979486659408 ], [ 116.321421356201071, 40.004975347811921 ], [ 116.32143093928677, 40.004970463098957 ], [ 116.321439853632086, 40.00496487956314 ], [ 116.32144801338687, 40.004958650977102 ], [ 116.321455339968239, 40.004951837325734 ], [ 116.321461762817279, 40.004944504228334 ], [ 116.321467220078631, 40.004936722306859 ], [ 116.32147165919605, 40.004928566505555 ], [ 116.321475037418793, 40.004920115369387 ], [ 116.321477322213013, 40.004911450287516 ], [ 116.321478491575348, 40.004902654709483 ], [ 116.321478534244591, 40.004893813341532 ], [ 116.32147744981026, 40.004885011330892 ], [ 116.321475248716467, 40.004876333445715 ], [ 116.321471952161389, 40.00486786325871 ], [ 116.321467591892969, 40.004859682342314 ], [ 116.321462209903316, 40.004851869483133 ], [ 116.321459009661282, 40.004848156506981 ], [ 116.321378349951615, 40.004848156506981 ], [ 116.321378349951615, 40.004808770027012 ], [ 116.321367682896465, 40.00480793132386 ], [ 116.320483399071236, 40.004771988900146 ], [ 116.320316007013403, 40.004762057253956 ], [ 116.319748222454137, 40.002879345663573 ], [ 116.31974500822858, 40.002870681470718 ], [ 116.319740684803705, 40.002862307494532 ], [ 116.319735295418766, 40.002854307483595 ], [ 116.319728893973604, 40.002846761446435 ], [ 116.319721544489695, 40.002839744851315 ], [ 116.319713320469845, 40.002833327871478 ], [ 116.319704304162997, 40.002827574683437 ], [ 116.319694585741814, 40.002822542825022 ], [ 116.319684262400713, 40.002818282620005 ], [ 116.319673437383841, 40.002814836674879 ], [ 116.319662218952615, 40.002812239452624 ], [ 116.319650719302956, 40.002810516928136 ], [ 116.319639053443211, 40.002809686328433 ], [ 116.318984735927273, 40.002788389020353 ], [ 116.318634939314066, 40.002776626129965 ], [ 116.317780196062131, 40.002736374799873 ], [ 116.315691205310657, 40.002578929814504 ], [ 116.315363943627275, 40.002322396514387 ], [ 116.315421746839419, 40.001981899908202 ], [ 116.315291025372616, 40.001981899908202 ], [ 116.315291025372616, 40.001872145195001 ], [ 116.315290980180563, 40.001872149231211 ], [ 116.315290980180563, 40.001982769965544 ], [ 116.315185311221569, 40.001982769965544 ], [ 116.315185163883285, 40.001983637861052 ], [ 116.315290934987786, 40.001983637861052 ], [ 116.315290934987786, 40.002342486155619 ], [ 116.315124244005958, 40.002342486155619 ], [ 116.315124235457077, 40.002342536512728 ], [ 116.31512329952352, 40.002351570205718 ] ] ] } },
{ "type": "Feature", "properties": { "arc_id": "(3, 5)", "length": 724.35492828712211 }, "geometry": { "type": "Polygon", "coordinates": [ [ [ 116.31512329952352, 40.002351570205718 ], [ 116.315123548386964, 40.002360630506978 ], [ 116.315124979529926, 40.002369625746333 ], [ 116.315127578472911, 40.002378464911871 ], [ 116.315131318920734, 40.002387058570783 ], [ 116.315136163028797, 40.002395319774166 ], [ 116.31514206178575, 40.00240316493683 ], [ 116.3151489555095, 40.002410514683014 ], [ 116.315156774450998, 40.002417294649369 ], [ 116.315553774428622, 40.002728494932349 ], [ 116.315562347458169, 40.002734577459613 ], [ 116.315571664501491, 40.002739974215835 ], [ 116.315581633196658, 40.002744631701674 ], [ 116.315592154721742, 40.002748503746368 ], [ 116.315603124774341, 40.002751551965368 ], [ 116.31561443460572, 40.002753746140925 ], [ 116.315625972098772, 40.002755064521665 ], [ 116.317759474857056, 40.002915864752779 ], [ 116.317771074802636, 40.002916294121952 ], [ 116.317782673030464, 40.002915838133099 ], [ 116.31779415556403, 40.002914501267249 ], [ 116.317805409563832, 40.002912296661869 ], [ 116.317816324436123, 40.002909245981705 ], [ 116.317826792919931, 40.002905379205991 ], [ 116.317836712140931, 40.002900734333764 ], [ 116.317845984622494, 40.002895357010381 ], [ 116.317854519243653, 40.002889300079119 ], [ 116.317862232134445, 40.002882623061737 ], [ 116.317869047500167, 40.002875391573568 ], [ 116.317874898366227, 40.00286767667879 ], [ 116.317879727236246, 40.002859554191986 ], [ 116.317883486657095, 40.002851103933139 ], [ 116.317886139685228, 40.002842408943216 ], [ 116.317887660249696, 40.002833554668186 ], [ 116.317895092318309, 40.00276377230945 ], [ 116.318631107653601, 40.00279228020198 ], [ 116.318642608189194, 40.002792290941315 ], [ 116.318654054678277, 40.002791434433895 ], [ 116.318665336810284, 40.002789718933926 ], [ 116.318676345858478, 40.002787160973803 ], [ 116.318686975727985, 40.002783785204763 ], [ 116.318697123978055, 40.002779624159309 ], [ 116.318706692809471, 40.002774717937704 ], [ 116.318715590006889, 40.002769113821543 ], [ 116.318723729827639, 40.002762865817992 ], [ 116.318731033828016, 40.002756034139466 ], [ 116.318735661027461, 40.002750718605526 ], [ 116.319636132520941, 40.002792688205531 ], [ 116.320031852904421, 40.002815736974839 ], [ 116.320032477911667, 40.002815772084674 ], [ 116.320139129529082, 40.002821542696978 ], [ 116.320723847151839, 40.003314515983369 ], [ 116.320732674838467, 40.003321209952418 ], [ 116.320742372925864, 40.003327149036778 ], [ 116.320752832810754, 40.003332266727909 ], [ 116.320763937358862, 40.003336505715666 ], [ 116.320775562216525, 40.003339818529938 ], [ 116.321228962726536, 40.00344841866891 ], [ 116.321240928906136, 40.003450760695991 ], [ 116.321253149156036, 40.003452121144939 ], [ 116.321367468626548, 40.003460147142206 ], [ 116.321312588081824, 40.004116317115894 ], [ 116.321312413973857, 40.004125157531838 ], [ 116.321313367468477, 40.004133968502622 ], [ 116.321315439383397, 40.004142665173767 ], [ 116.32131860976537, 40.004151163791533 ], [ 116.321322848082261, 40.004159382509485 ], [ 116.321328113517069, 40.004167242176777 ], [ 116.32133435536106, 40.004174667100365 ], [ 116.321341513502034, 40.004181585774042 ], [ 116.321349519003249, 40.004187931567024 ], [ 116.321358294767407, 40.00419364336571 ], [ 116.321367756279031, 40.004198666162196 ], [ 116.321377812418461, 40.00420295158402 ], [ 116.32137839521927, 40.004203145232616 ], [ 116.32137839521927, 40.004129615521776 ], [ 116.32154615551849, 40.004129615521776 ], [ 116.321546411939593, 40.004127882766305 ], [ 116.321608610677984, 40.003384182693765 ], [ 116.321608791242127, 40.00337549314537 ], [ 116.321607882285647, 40.003366830645476 ], [ 116.321605892266675, 40.003358275797609 ], [ 116.321602839702535, 40.003349908203639 ], [ 116.321598752997318, 40.003341805722982 ], [ 116.321593670177634, 40.003334043748211 ], [ 116.321587638538844, 40.0033266945035 ], [ 116.321580714204828, 40.003319826372582 ], [ 116.321572961605824, 40.003313503262497 ], [ 116.321564452878917, 40.003307784008911 ], [ 116.321555267196828, 40.003302721828682 ], [ 116.321545490031113, 40.003298363824669 ], [ 116.32153521235702, 40.003294750547461 ], [ 116.321524529806894, 40.003291915618064 ], [ 116.321513541780277, 40.003289885415107 ], [ 116.321502350519182, 40.003288678829286 ], [ 116.32128679877701, 40.003273545767897 ], [ 116.320875553982006, 40.003175042988666 ], [ 116.320280652571768, 40.002673484404021 ], [ 116.320272761800808, 40.002667436169126 ], [ 116.320264159652609, 40.002661991713708 ], [ 116.320254923920757, 40.002657200274697 ], [ 116.320245138128627, 40.002653105183349 ], [ 116.320234890773975, 40.002649743473597 ], [ 116.32022427452867, 40.002647145546995 ], [ 116.320213385400521, 40.002645334897863 ], [ 116.320202321865267, 40.002644327900747 ], [ 116.320049234630218, 40.002636044825309 ], [ 116.319652947586718, 40.002612963057153 ], [ 116.319651186421709, 40.002612870732165 ], [ 116.318647087732558, 40.002566070803816 ], [ 116.318635513203702, 40.002565971865153 ], [ 116.318623982477916, 40.002566751842558 ], [ 116.318612608125747, 40.002568403121359 ], [ 116.318601501191068, 40.002570909580683 ], [ 116.318590770107136, 40.002574246750868 ], [ 116.318580519637933, 40.002578382052185 ], [ 116.318570849855419, 40.002583275113146 ], [ 116.3185618551625, 40.00258887816441 ], [ 116.318553623371585, 40.002595136505278 ], [ 116.318546234847091, 40.002601989037636 ], [ 116.318540646783035, 40.002608359828798 ], [ 116.317793493440305, 40.002579419848217 ], [ 116.317782226445033, 40.002579400599842 ], [ 116.317771009153361, 40.002580213817971 ], [ 116.317759945321498, 40.002581851980594 ], [ 116.317749137286199, 40.002584299935229 ], [ 116.317738685018199, 40.002587535039119 ], [ 116.317728685197565, 40.002591527368629 ], [ 116.31771923031944, 40.002596239996031 ], [ 116.317710407838419, 40.002601629331068 ], [ 116.317702299359723, 40.002607645524144 ], [ 116.317694979884351, 40.002614232927442 ], [ 116.3176885171153, 40.002621330609585 ], [ 116.317682970831427, 40.002628872919281 ], [ 116.317678392334386, 40.002636790092566 ], [ 116.317674823974173, 40.002645008898057 ], [ 116.317672298757387, 40.002653453314373 ], [ 116.317670840041885, 40.002662045233222 ], [ 116.317663857227032, 40.002727607475251 ], [ 116.315691205310657, 40.002578929814504 ], [ 116.315363943627275, 40.002322396514387 ], [ 116.315421746839419, 40.001981899908202 ], [ 116.315291025372616, 40.001981899908202 ], [ 116.315291025372616, 40.001872145195001 ], [ 116.315290980180563, 40.001872149231211 ], [ 116.315290980180563, 40.001982769965544 ], [ 116.315185311221569, 40.001982769965544 ], [ 116.315185163883285, 40.001983637861052 ], [ 116.315290934987786, 40.001983637861052 ], [ 116.315290934987786, 40.002342486155619 ], [ 116.315124244005958, 40.002342486155619 ], [ 116.315124235457077, 40.002342536512728 ], [ 116.31512329952352, 40.002351570205718 ] ] ] } },
{ "type": "Feature", "properties": { "arc_id": "(3, 6)", "length": 1313.3194765124495 }, "geometry": { "type": "MultiPolygon", "coordinates": [ [ [ [ 116.31512329952352, 40.002351570205718 ], [ 116.315123548386964, 40.002360630506978 ], [ 116.315124979529926, 40.002369625746333 ], [ 116.315127578472911, 40.002378464911871 ], [ 116.315131318920734, 40.002387058570783 ], [ 116.315136163028797, 40.002395319774166 ], [ 116.31514206178575, 40.00240316493683 ], [ 116.3151489555095, 40.002410514683014 ], [ 116.315156774450998, 40.002417294649369 ], [ 116.315523356819739, 40.002704651329218 ], [ 116.315541026860132, 40.00291097412093 ], [ 116.31551816960328, 40.003216449956653 ], [ 116.315440000114762, 40.004128675736474 ], [ 116.315439978828167, 40.004128929606225 ], [ 116.315403478072895, 40.004574029563457 ], [ 116.315403316855793, 40.004582837538948 ], [ 116.315404274920112, 40.004591615521008 ], [ 116.315406343107412, 40.004600279594634 ], [ 116.31540950164684, 40.004608746933712 ], [ 116.315413720344026, 40.004616936592825 ], [ 116.31541895886977, 40.004624770281062 ], [ 116.315425167145492, 40.004632173110508 ], [ 116.31543228582207, 40.00463907431206 ], [ 116.315440246847103, 40.004645407912072 ], [ 116.315448974115455, 40.004651113362968 ], [ 116.315458384196901, 40.004656136122129 ], [ 116.315468387133635, 40.004660428173253 ], [ 116.315478887300202, 40.004663948485423 ], [ 116.315489784317748, 40.004666663405352 ], [ 116.315500974013588, 40.004668546979069 ], [ 116.315512349416991, 40.004669581200069 ], [ 116.316681001409208, 40.004731479547701 ], [ 116.316680330359532, 40.004858756678587 ], [ 116.3166954630574, 40.004858756678587 ], [ 116.3166954630574, 40.005217598543084 ], [ 116.316909269833559, 40.005217598543084 ], [ 116.316909315153893, 40.00521672246218 ], [ 116.316695508271792, 40.00521672246218 ], [ 116.316695508271792, 40.004857882528903 ], [ 116.316914646287486, 40.004857882528903 ], [ 116.31691575337878, 40.004647765103513 ], [ 116.316915210921778, 40.004638732522892 ], [ 116.316913493852354, 40.004629787249677 ], [ 116.316910619466853, 40.004621019388857 ], [ 116.316906616719194, 40.004612517258344 ], [ 116.31690152592904, 40.004604366499322 ], [ 116.316895398375877, 40.004596649213639 ], [ 116.316888295782249, 40.004589443136766 ], [ 116.316880289692193, 40.004582820854772 ], [ 116.316871460750505, 40.004576849073246 ], [ 116.316861897890334, 40.004571587945279 ], [ 116.316851697437485, 40.004567090465663 ], [ 116.316840962140148, 40.004563401936998 ], [ 116.316829800133789, 40.004560559513415 ], [ 116.316818323852118, 40.004558591826338 ], [ 116.316806648894385, 40.004557518696018 ], [ 116.31564465269355, 40.004495974042705 ], [ 116.315673810783068, 40.004140397222343 ], [ 116.315751998359588, 40.003227924054784 ], [ 116.315752058424849, 40.003227175604074 ], [ 116.315775357895888, 40.00291577557639 ], [ 116.315775298061865, 40.002904678783203 ], [ 116.315754297644872, 40.002659478800624 ], [ 116.315752917019935, 40.002650405480104 ], [ 116.315750348737339, 40.00264148632241 ], [ 116.315746619202685, 40.002632813027475 ], [ 116.315741766760638, 40.002624474767465 ], [ 116.315735841300608, 40.002616557269882 ], [ 116.315728903743945, 40.002609141936269 ], [ 116.315721025417488, 40.002602305005325 ], [ 116.315363943627275, 40.002322396514387 ], [ 116.315421746839419, 40.001981899908202 ], [ 116.315291025372616, 40.001981899908202 ], [ 116.315291025372616, 40.001872145195001 ], [ 116.315290980180563, 40.001872149231211 ], [ 116.315290980180563, 40.001982769965544 ], [ 116.315185311221569, 40.001982769965544 ], [ 116.315185163883285, 40.001983637861052 ], [ 116.315290934987786, 40.001983637861052 ], [ 116.315290934987786, 40.002342486155619 ], [ 116.315124244005958, 40.002342486155619 ], [ 116.315124235457077, 40.002342536512728 ], [ 116.31512329952352, 40.002351570205718 ] ] ], [ [ [ 116.316674728628399, 40.005218472692604 ], [ 116.316695417842269, 40.005218472692604 ], [ 116.316695417842269, 40.005403140446646 ], [ 116.316695463057385, 40.005403183234485 ], [ 116.316695463057385, 40.005217598543084 ], [ 116.316674773851872, 40.005217598543084 ], [ 116.316674728628399, 40.005218472692604 ] ] ], [ [ [ 116.317630526710275, 40.005481444410606 ], [ 116.317613356765889, 40.005786842168121 ], [ 116.317608376356176, 40.005872502700228 ], [ 116.317572593472562, 40.006414229567135 ], [ 116.317572580463221, 40.006423169152882 ], [ 116.317573719581176, 40.006432065722272 ], [ 116.317575999611492, 40.006440831683271 ], [ 116.317579398106403, 40.006449380729677 ], [ 116.317583881606026, 40.006457628690967 ], [ 116.317589405967965, 40.006465494360924 ], [ 116.317595916801849, 40.006472900297204 ], [ 116.317603350004802, 40.006479773583784 ], [ 116.317611632392627, 40.006486046548901 ], [ 116.317620682420241, 40.00649165743129 ], [ 116.317630410984648, 40.006496550988338 ], [ 116.317640722302158, 40.006500679039867 ], [ 116.317651514851462, 40.006504000942641 ], [ 116.317662682373182, 40.006506483990393 ], [ 116.317674114915988, 40.006508103735975 ], [ 116.319047895226674, 40.006648964081634 ], [ 116.319189996365694, 40.006711622858859 ], [ 116.3192163452605, 40.006724902719959 ], [ 116.319196833428521, 40.006907939210564 ], [ 116.319196457446495, 40.006916774872387 ], [ 116.319197209347976, 40.006925596334256 ], [ 116.319199081893785, 40.00693431866047 ], [ 116.319202057054994, 40.006942857869838 ], [ 116.319206106186215, 40.006951131744238 ], [ 116.319211190301488, 40.006959060620211 ], [ 116.319217260449776, 40.006966568156059 ], [ 116.319711601293449, 40.007515889910266 ], [ 116.319700560962858, 40.0076304410454 ], [ 116.319700279209954, 40.007639415636277 ], [ 116.319701160305229, 40.007648367236648 ], [ 116.319703195501106, 40.007657206969427 ], [ 116.319706364591283, 40.007665847068196 ], [ 116.319710636111466, 40.007674201748586 ], [ 116.319715967651661, 40.007682188060024 ], [ 116.319722306277328, 40.007689726709273 ], [ 116.319729589054816, 40.007696742847813 ], [ 116.319737743676299, 40.007703166814871 ], [ 116.319746689177606, 40.007708934829111 ], [ 116.319756336742159, 40.007713989621948 ], [ 116.319766590582802, 40.007718281006099 ], [ 116.319777348892771, 40.007721766373855 ], [ 116.319788504856533, 40.007724411120229 ], [ 116.319799947710393, 40.007726188986382 ], [ 116.319811563842151, 40.007727082320535 ], [ 116.320217187733093, 40.007742638801361 ], [ 116.320199366869673, 40.007962495223175 ], [ 116.320199164688603, 40.00796624811732 ], [ 116.320194464388351, 40.008142048110116 ], [ 116.320194774532794, 40.008150707249222 ], [ 116.320196164675508, 40.008159303458982 ], [ 116.320198621965645, 40.008167757271288 ], [ 116.320202123687068, 40.008175990534475 ], [ 116.320206637468317, 40.008183927135683 ], [ 116.320212121581775, 40.008191493704587 ], [ 116.32021852532958, 40.008198620291566 ], [ 116.320225789512179, 40.008205241014437 ], [ 116.320233846975569, 40.008211294667532 ], [ 116.320242623232218, 40.008216725287397 ], [ 116.320252037149515, 40.008221482670301 ], [ 116.320262001700002, 40.008225522836298 ], [ 116.32027242476569, 40.008228808435746 ], [ 116.320283209989881, 40.008231309094668 ], [ 116.320294257667712, 40.008233001695537 ], [ 116.320305465668142, 40.008233870590985 ], [ 116.320408610529356, 40.008238029130816 ], [ 116.320992930924305, 40.00873259229914 ], [ 116.321147036484618, 40.008879796321537 ], [ 116.321155655999078, 40.008887160966474 ], [ 116.321165275055733, 40.008893753243441 ], [ 116.322314250126311, 40.009597952141071 ], [ 116.322314250126311, 40.009523570698889 ], [ 116.322561796121178, 40.009523570698889 ], [ 116.322560652970864, 40.009522677523435 ], [ 116.32231429541514, 40.009522677523435 ], [ 116.32231429541514, 40.009367559637049 ], [ 116.321321446655773, 40.008759050438655 ], [ 116.321173263291783, 40.008617503725851 ], [ 116.321168715783813, 40.008613415980378 ], [ 116.320549615654983, 40.008089416437222 ], [ 116.32054152468595, 40.008083206050479 ], [ 116.320532685150212, 40.008077631594347 ], [ 116.320523181207037, 40.008072746141877 ], [ 116.320513103341298, 40.008068596206265 ], [ 116.320502547501917, 40.008065221298011 ], [ 116.320491614188569, 40.008062653548819 ], [ 116.3204804074946, 40.008060917405544 ], [ 116.320469034116201, 40.008060029397598 ], [ 116.320431068177854, 40.008058498734407 ], [ 116.320433385112779, 40.007971829832385 ], [ 116.320458432623425, 40.007662804629447 ], [ 116.320458580632078, 40.007653894076711 ], [ 116.320457583202497, 40.007645015867475 ], [ 116.320455450093235, 40.007636256860167 ], [ 116.320452202173612, 40.007627702746987 ], [ 116.320447871219528, 40.007619437215524 ], [ 116.320442499602422, 40.007611541130125 ], [ 116.320436139874857, 40.007604091740653 ], [ 116.320428854256335, 40.007597161926761 ], [ 116.320420714024579, 40.007590819484967 ], [ 116.320411798818128, 40.00758512646528 ], [ 116.320402195857312, 40.007580138564236 ], [ 116.320391999090958, 40.007575904579951 ], [ 116.320381308277092, 40.00757246593475 ], [ 116.320370228007206, 40.00756985626991 ], [ 116.32035886668281, 40.007568101116547 ], [ 116.320347335455153, 40.007567217645814 ], [ 116.319943109828486, 40.007551715217254 ], [ 116.319948338813845, 40.007497458820851 ], [ 116.319948628064608, 40.007488721636918 ], [ 116.319947815035576, 40.007480004012784 ], [ 116.319945907378468, 40.007471387989064 ], [ 116.319942923046469, 40.007462954650215 ], [ 116.319938890125172, 40.007454783361389 ], [ 116.31993384656829, 40.00744695102167 ], [ 116.31992783984046, 40.007439531340232 ], [ 116.319433790981009, 40.006890536290314 ], [ 116.319455566198855, 40.006686260643519 ], [ 116.319455943404478, 40.006677485325348 ], [ 116.319455208047785, 40.006668723443532 ], [ 116.319453367113169, 40.006660058213477 ], [ 116.319450438085255, 40.006651571932615 ], [ 116.319446448782642, 40.00664334519881 ], [ 116.319441437093829, 40.006635456144885 ], [ 116.319435450617291, 40.006627979696496 ], [ 116.319428546209423, 40.006620986860632 ], [ 116.319420789444521, 40.006614544051182 ], [ 116.319412253992056, 40.006608712458146 ], [ 116.319403020916909, 40.006603547466582 ], [ 116.319315520970406, 40.006559447514967 ], [ 116.31930957742928, 40.006556642781995 ], [ 116.319144477553309, 40.006483842865102 ], [ 116.319134358157044, 40.006479869177561 ], [ 116.319123785794005, 40.006476667999429 ], [ 116.319112859905928, 40.006474269440396 ], [ 116.31910168325976, 40.006472696060868 ], [ 116.317812082292363, 40.006340467808599 ], [ 116.317842405622756, 40.005881370271403 ], [ 116.317842439541622, 40.005880824012934 ], [ 116.317847439395209, 40.005794824006728 ], [ 116.317847446976458, 40.00579469141659 ], [ 116.317869546306966, 40.005401591388889 ], [ 116.317869489268915, 40.005392900397894 ], [ 116.317868343546252, 40.005384254071807 ], [ 116.317866119801266, 40.005375732872047 ], [ 116.317862838728203, 40.005367416095595 ], [ 116.317858530860605, 40.005359381137019 ], [ 116.317853236287121, 40.005351702768394 ], [ 116.317847004278505, 40.005344452443317 ], [ 116.31783989282907, 40.005337697632122 ], [ 116.317831968117048, 40.005331501193922 ], [ 116.317823303888602, 40.005325920791691 ], [ 116.317813980771717, 40.005321008355679 ], [ 116.317804085525765, 40.005316809600131 ], [ 116.31779371023427, 40.005313363597949 ], [ 116.317782951447839, 40.005310702416956 ], [ 116.317771909285838, 40.005308850821635 ], [ 116.317760686504599, 40.005307826042603 ], [ 116.317163708575777, 40.005275665708652 ], [ 116.317163708575777, 40.00545629556018 ], [ 116.317630526710275, 40.005481444410606 ] ] ] ] } },
{ "type": "Feature", "properties": { "arc_id": "(3, 7)", "length": 1560.0147758894041 }, "geometry": { "type": "MultiPolygon", "coordinates": [ [ [ [ 116.315591242421021, 40.000939818169599 ], [ 116.315781879818644, 39.999860628302599 ], [ 116.315782829645713, 39.999852516660766 ], [ 116.315847509752615, 39.998737826712478 ], [ 116.315861424909599, 39.99853015389067 ], [ 116.317546938564135, 39.998538592384293 ], [ 116.317558255185901, 39.998538227812617 ], [ 116.317569473129083, 39.998537024393144 ], [ 116.317975771330111, 39.998477913970824 ], [ 116.318252107847272, 39.998463247248715 ], [ 116.319311475586403, 39.998424605294716 ], [ 116.319434793416505, 39.998425093102313 ], [ 116.31990899003452, 39.998426993093929 ], [ 116.31991182194578, 39.998426978107069 ], [ 116.3207272230173, 39.998415078100578 ], [ 116.32072957261866, 39.998415025661075 ], [ 116.320952207045579, 39.998408336647543 ], [ 116.321894942336826, 39.998384545860489 ], [ 116.321945334356371, 39.998383243510666 ], [ 116.321957149542214, 39.998382476359644 ], [ 116.321968803367611, 39.998380794538299 ], [ 116.32198017643438, 39.998378215277604 ], [ 116.32199115222086, 39.998374765003099 ], [ 116.322001618275777, 39.998370479064242 ], [ 116.322011467370203, 39.998365401372226 ], [ 116.32202059859641, 39.998359583950005 ], [ 116.322028918401543, 39.998353086399398 ], [ 116.322036341546124, 39.998345975290405 ], [ 116.322042791977395, 39.998338323479103 ], [ 116.322048203608517, 39.998330209361285 ], [ 116.322052520995626, 39.998321716069221 ], [ 116.322055699905818, 39.998312930619939 ], [ 116.322057707770412, 39.998303943023707 ], [ 116.322142996406811, 39.997757760826545 ], [ 116.322409658908981, 39.997772754556351 ], [ 116.322412681568736, 39.997772894327525 ], [ 116.323465982946971, 39.997811094388567 ], [ 116.323466418965594, 39.997811109573611 ], [ 116.32358059998657, 39.997814922127311 ], [ 116.324103289244718, 39.997850444697825 ], [ 116.324110283627448, 39.997850758258373 ], [ 116.325446000635239, 39.997879845580364 ], [ 116.326151517009251, 39.997900628393786 ], [ 116.326152486629866, 39.99790065386135 ], [ 116.326243465819857, 39.997902753382071 ], [ 116.32666314542611, 39.997912552910279 ], [ 116.326755951122138, 39.997914655342349 ], [ 116.326756162731712, 39.997914659988822 ], [ 116.327934843545222, 39.997939714502124 ], [ 116.327934843545222, 39.997759457453654 ], [ 116.326762743068301, 39.997734542259387 ], [ 116.326670201769005, 39.997732445855497 ], [ 116.326250555113347, 39.997722647105405 ], [ 116.326159998236491, 39.997720557326758 ], [ 116.325454383902496, 39.997699771639219 ], [ 116.325453214609126, 39.997699741687704 ], [ 116.324120419643251, 39.997670718049555 ], [ 116.323598611407661, 39.997635255351504 ], [ 116.323593380866456, 39.997634990418327 ], [ 116.323476799046119, 39.997631097704776 ], [ 116.322425230915655, 39.997592960531378 ], [ 116.322120841465178, 39.99757584546704 ], [ 116.32211649315245, 39.997575663386442 ], [ 116.322043893247596, 39.997573663389836 ], [ 116.322032285812668, 39.997573786284583 ], [ 116.322020751187409, 39.997574792162666 ], [ 116.32200940264552, 39.997576671146049 ], [ 116.321998351633255, 39.997579404782506 ], [ 116.321987706675088, 39.997582966226879 ], [ 116.321977572307986, 39.997587320504628 ], [ 116.321968048054757, 39.997592424855341 ], [ 116.321959227446811, 39.997598229152658 ], [ 116.321951197105534, 39.997604676396492 ], [ 116.321944035891761, 39.99761170327281 ], [ 116.321937814131232, 39.997619240775343 ], [ 116.321932592923986, 39.99762721488333 ], [ 116.321928423544449, 39.997635547288326 ], [ 116.321925346937704, 39.99764415616329 ], [ 116.321923393317505, 39.997652956966135 ], [ 116.321837075282232, 39.998205720731399 ], [ 116.320944158909967, 39.9982282541175 ], [ 116.320943427099039, 39.998228274343703 ], [ 116.320721601847097, 39.998234939052239 ], [ 116.319908793892694, 39.998246801233719 ], [ 116.319436010585349, 39.998244906912333 ], [ 116.319309602581185, 39.998244406881831 ], [ 116.319303449672432, 39.998244506873952 ], [ 116.318239751067154, 39.99828330683529 ], [ 116.318237234846151, 39.998283419484331 ], [ 116.317952735217972, 39.998298519467895 ], [ 116.317939026408993, 39.998299875674277 ], [ 116.317537095269358, 39.998358350792152 ], [ 116.315750963794102, 39.998349407645861 ], [ 116.315739806178186, 39.998349761065512 ], [ 116.315728743015271, 39.998350929982116 ], [ 116.315717874840885, 39.998352903773259 ], [ 116.315707300418666, 39.998355664502284 ], [ 116.315697115842795, 39.998359187081284 ], [ 116.315687413664833, 39.998363439499101 ], [ 116.315678282052659, 39.998368383112265 ], [ 116.315669803989152, 39.998373972996042 ], [ 116.315662056518235, 39.998380158352823 ], [ 116.315655110044659, 39.998386882973648 ], [ 116.315649027694278, 39.998394085748991 ], [ 116.315643864740267, 39.99840170122414 ], [ 116.3156396681009, 39.998409660193985 ], [ 116.31563647591328, 39.998417890331886 ], [ 116.31563431718655, 39.998426316846995 ], [ 116.315633211538383, 39.998434863163808 ], [ 116.315613511038521, 39.998728863139924 ], [ 116.315613472267614, 39.998729483301723 ], [ 116.315549006686624, 39.999840410875002 ], [ 116.315358918434157, 40.000916471377479 ], [ 116.315358620974635, 40.00091829438351 ], [ 116.315306961127746, 40.001263337521642 ], [ 116.315542806210459, 40.001263337521642 ], [ 116.315591242421021, 40.000939818169599 ] ] ], [ [ [ 116.328259114490749, 39.997641279816172 ], [ 116.32802455250021, 39.997641279816172 ], [ 116.328024495654901, 39.997642178672919 ], [ 116.328259057648438, 39.997642178672919 ], [ 116.328259114490749, 39.997641279816172 ] ] ], [ [ [ 116.315291025372616, 40.001360356879154 ], [ 116.315291025372616, 40.001623053754159 ], [ 116.3154826949458, 40.001623053754159 ], [ 116.31548284272229, 40.001622183696647 ], [ 116.315291070563958, 40.001622183696647 ], [ 116.315291070563958, 40.001360090813243 ], [ 116.315291025372616, 40.001360356879154 ] ] ], [ [ [ 116.315246258849257, 40.001623921649845 ], [ 116.315290980180563, 40.001623921649845 ], [ 116.315290980180563, 40.001982769965544 ], [ 116.315193426351655, 40.001982769965544 ], [ 116.315193671283609, 40.001983637861052 ], [ 116.315290934987786, 40.001983637861052 ], [ 116.315290934987786, 40.002050497357828 ], [ 116.315291926361382, 40.002050635287887 ], [ 116.315303385396831, 40.002051348906335 ], [ 116.315314880206131, 40.002051195303494 ], [ 116.315326300087506, 40.002050175958594 ], [ 116.315337535060848, 40.002048300688543 ], [ 116.315348476926843, 40.002045587553276 ], [ 116.315359020308946, 40.002042062681845 ], [ 116.315369063668342, 40.002037760020841 ], [ 116.315378510281761, 40.002032721007367 ], [ 116.315387269173016, 40.002026994170016 ], [ 116.315395255989088, 40.002020634661527 ], [ 116.31540239381259, 40.002013703727627 ], [ 116.315408613902477, 40.00200626811715 ], [ 116.315413856356045, 40.001998399439245 ], [ 116.31541807068588, 40.001990173473708 ], [ 116.315421131056837, 40.001981899908202 ], [ 116.315291025372616, 40.001981899908202 ], [ 116.315291025372616, 40.001623053754159 ], [ 116.315246406261494, 40.001623053754159 ], [ 116.315246258849257, 40.001623921649845 ] ] ] ] } },
{ "type": "Feature", "properties": { "arc_id": "(3, 8)", "length": 1409.9974323147367 }, "geometry": { "type": "Polygon", "coordinates": [ [ [ 116.31512329952352, 40.002351570205718 ], [ 116.315123548386964, 40.002360630506978 ], [ 116.315124979529926, 40.002369625746333 ], [ 116.315127578472911, 40.002378464911871 ], [ 116.315131318920734, 40.002387058570783 ], [ 116.315136163028797, 40.002395319774166 ], [ 116.31514206178575, 40.00240316493683 ], [ 116.3151489555095, 40.002410514683014 ], [ 116.315156774450998, 40.002417294649369 ], [ 116.315553774428622, 40.002728494932349 ], [ 116.315562347458169, 40.002734577459613 ], [ 116.315571664501491, 40.002739974215835 ], [ 116.315581633196658, 40.002744631701674 ], [ 116.315592154721742, 40.002748503746368 ], [ 116.315603124774341, 40.002751551965368 ], [ 116.31561443460572, 40.002753746140925 ], [ 116.315625972098772, 40.002755064521665 ], [ 116.317759474857056, 40.002915864752779 ], [ 116.317771074802636, 40.002916294121952 ], [ 116.317782673030464, 40.002915838133099 ], [ 116.31779415556403, 40.002914501267249 ], [ 116.317805409563832, 40.002912296661869 ], [ 116.317816324436123, 40.002909245981705 ], [ 116.317826792919931, 40.002905379205991 ], [ 116.317836712140931, 40.002900734333764 ], [ 116.317845984622494, 40.002895357010381 ], [ 116.317854519243653, 40.002889300079119 ], [ 116.317862232134445, 40.002882623061737 ], [ 116.317869047500167, 40.002875391573568 ], [ 116.317874898366227, 40.00286767667879 ], [ 116.317879727236246, 40.002859554191986 ], [ 116.317883486657095, 40.002851103933139 ], [ 116.317886139685228, 40.002842408943216 ], [ 116.317887660249696, 40.002833554668186 ], [ 116.317895092318309, 40.00276377230945 ], [ 116.318631107653601, 40.00279228020198 ], [ 116.318642608189194, 40.002792290941315 ], [ 116.318654054678277, 40.002791434433895 ], [ 116.318665336810284, 40.002789718933926 ], [ 116.318676345858478, 40.002787160973803 ], [ 116.318686975727985, 40.002783785204763 ], [ 116.318697123978055, 40.002779624159309 ], [ 116.318706692809471, 40.002774717937704 ], [ 116.318715590006889, 40.002769113821543 ], [ 116.318723729827639, 40.002762865817992 ], [ 116.318731033828016, 40.002756034139466 ], [ 116.318735661027461, 40.002750718605526 ], [ 116.319636132520941, 40.002792688205531 ], [ 116.320031852904421, 40.002815736974839 ], [ 116.320032477911667, 40.002815772084674 ], [ 116.320139129529082, 40.002821542696978 ], [ 116.320723847151839, 40.003314515983369 ], [ 116.320732674838467, 40.003321209952418 ], [ 116.320742372925864, 40.003327149036778 ], [ 116.320752832810754, 40.003332266727909 ], [ 116.320763937358862, 40.003336505715666 ], [ 116.320775562216525, 40.003339818529938 ], [ 116.321228962726536, 40.00344841866891 ], [ 116.321240928906136, 40.003450760695991 ], [ 116.321253149156036, 40.003452121144939 ], [ 116.321481049451279, 40.003468121168112 ], [ 116.321487357544996, 40.003468432341108 ], [ 116.321728625998915, 40.003475314329982 ], [ 116.322393092092994, 40.003499790984257 ], [ 116.32322298497202, 40.003530390730411 ], [ 116.324365621546008, 40.00357258840031 ], [ 116.325108057892237, 40.003600586007501 ], [ 116.325274853284, 40.003606885835204 ], [ 116.325275127026472, 40.00360689592739 ], [ 116.326940688042015, 40.003666787352984 ], [ 116.327229247304203, 40.003678077936222 ], [ 116.327229610921577, 40.0036780917276 ], [ 116.327879101309648, 40.003701946039392 ], [ 116.327843220044983, 40.004476592821241 ], [ 116.327843376491785, 40.004485451330531 ], [ 116.327844663537633, 40.004494255194487 ], [ 116.327847068737796, 40.004502919283588 ], [ 116.327850568835473, 40.004511359819894 ], [ 116.327855129986602, 40.004519495186969 ], [ 116.327860708087201, 40.004527246719356 ], [ 116.32786724919967, 40.004534539462938 ], [ 116.327874690074523, 40.004541302899995 ], [ 116.327882958761862, 40.004547471630907 ], [ 116.327891975307097, 40.004552986006559 ], [ 116.327901652524133, 40.004557792705235 ], [ 116.327911896838387, 40.004561845248126 ], [ 116.32792260919156, 40.004565104448773 ], [ 116.327933685999596, 40.004567538792045 ], [ 116.327945020154345, 40.004569124738822 ], [ 116.327956502059024, 40.004569846953615 ], [ 116.327999944157114, 40.004570930543963 ], [ 116.328644687177388, 40.004592590903584 ], [ 116.328870488316952, 40.00461061782481 ], [ 116.328870488316952, 40.004474989812408 ], [ 116.329338695778148, 40.004474989812408 ], [ 116.329338695778148, 40.004636024281346 ], [ 116.32933874114363, 40.004636017084145 ], [ 116.32933874114363, 40.00447409113184 ], [ 116.329386999431819, 40.00447409113184 ], [ 116.329378314725304, 40.004469696776631 ], [ 116.329368137097305, 40.004465584392825 ], [ 116.329357484327815, 40.004462258974179 ], [ 116.329346459008519, 40.004459752546147 ], [ 116.32933516731886, 40.004458089246931 ], [ 116.329323718003607, 40.004457285094951 ], [ 116.329147815616224, 40.004451601345508 ], [ 116.328665397549543, 40.004413087308158 ], [ 116.328658412656338, 40.004412691515753 ], [ 116.328081534373936, 40.004393311293938 ], [ 116.328117378495364, 40.003619407008443 ], [ 116.328117228984695, 40.003610634448449 ], [ 116.328115970670709, 40.003601914665524 ], [ 116.32811361548606, 40.003593330346767 ], [ 116.3281101857647, 40.003584962894713 ], [ 116.328105714029945, 40.003576891655435 ], [ 116.328100242686332, 40.003569193165966 ], [ 116.328093823617237, 40.003561940428753 ], [ 116.328086517692967, 40.003555202219239 ], [ 116.32807839419354, 40.003549042433747 ], [ 116.328069530151794, 40.00354351948355 ], [ 116.328060009622732, 40.003538685741027 ], [ 116.32804992288662, 40.003534587043021 ], [ 116.328039365592801, 40.003531262256146 ], [ 116.328028437852694, 40.003528742908266 ], [ 116.328017243290589, 40.003527052889545 ], [ 116.328005888060801, 40.003526208225871 ], [ 116.327240970886649, 40.003498114949132 ], [ 116.326952353056228, 40.003486822079743 ], [ 116.326951870777137, 40.003486803975022 ], [ 116.325286209833862, 40.003426908993724 ], [ 116.325119546917477, 40.003420614172967 ], [ 116.324377038282776, 40.003392613854864 ], [ 116.324376918584051, 40.003392609387774 ], [ 116.323234220079399, 40.003350409454995 ], [ 116.322404311037815, 40.003319809130026 ], [ 116.321739205558941, 40.003295308935066 ], [ 116.321737942124869, 40.003295267645626 ], [ 116.321499201940554, 40.003288457782581 ], [ 116.32128679877701, 40.003273545767897 ], [ 116.320875553982006, 40.003175042988666 ], [ 116.320280652571768, 40.002673484404021 ], [ 116.320272761800808, 40.002667436169126 ], [ 116.320264159652609, 40.002661991713708 ], [ 116.320254923920757, 40.002657200274697 ], [ 116.320245138128627, 40.002653105183349 ], [ 116.320234890773975, 40.002649743473597 ], [ 116.32022427452867, 40.002647145546995 ], [ 116.320213385400521, 40.002645334897863 ], [ 116.320202321865267, 40.002644327900747 ], [ 116.320049234630218, 40.002636044825309 ], [ 116.319652947586718, 40.002612963057153 ], [ 116.319651186421709, 40.002612870732165 ], [ 116.318647087732558, 40.002566070803816 ], [ 116.318635513203702, 40.002565971865153 ], [ 116.318623982477916, 40.002566751842558 ], [ 116.318612608125747, 40.002568403121359 ], [ 116.318601501191068, 40.002570909580683 ], [ 116.318590770107136, 40.002574246750868 ], [ 116.318580519637933, 40.002578382052185 ], [ 116.318570849855419, 40.002583275113146 ], [ 116.3185618551625, 40.00258887816441 ], [ 116.318553623371585, 40.002595136505278 ], [ 116.318546234847091, 40.002601989037636 ], [ 116.318540646783035, 40.002608359828798 ], [ 116.317793493440305, 40.002579419848217 ], [ 116.317782226445033, 40.002579400599842 ], [ 116.317771009153361, 40.002580213817971 ], [ 116.317759945321498, 40.002581851980594 ], [ 116.317749137286199, 40.002584299935229 ], [ 116.317738685018199, 40.002587535039119 ], [ 116.317728685197565, 40.002591527368629 ], [ 116.31771923031944, 40.002596239996031 ], [ 116.317710407838419, 40.002601629331068 ], [ 116.317702299359723, 40.002607645524144 ], [ 116.317694979884351, 40.002614232927442 ], [ 116.3176885171153, 40.002621330609585 ], [ 116.317682970831427, 40.002628872919281 ], [ 116.317678392334386, 40.002636790092566 ], [ 116.317674823974173, 40.002645008898057 ], [ 116.317672298757387, 40.002653453314373 ], [ 116.317670840041885, 40.002662045233222 ], [ 116.317663857227032, 40.002727607475251 ], [ 116.315691205310657, 40.002578929814504 ], [ 116.315363943627275, 40.002322396514387 ], [ 116.315421746839419, 40.001981899908202 ], [ 116.315291025372616, 40.001981899908202 ], [ 116.315291025372616, 40.001872145195001 ], [ 116.315290980180563, 40.001872149231211 ], [ 116.315290980180563, 40.001982769965544 ], [ 116.315185311221569, 40.001982769965544 ], [ 116.315185163883285, 40.001983637861052 ], [ 116.315290934987786, 40.001983637861052 ], [ 116.315290934987786, 40.002342486155619 ], [ 116.315124244005958, 40.002342486155619 ], [ 116.315124235457077, 40.002342536512728 ], [ 116.31512329952352, 40.002351570205718 ] ] ] } },
{ "type": "Feature", "properties": { "arc_id": "(3, 9)", "length": 1223.1999268905606 }, "geometry": { "type": "MultiPolygon", "coordinates": [ [ [ [ 116.31512329952352, 40.002351570205718 ], [ 116.315123548386964, 40.002360630506978 ], [ 116.315124979529926, 40.002369625746333 ], [ 116.315127578472911, 40.002378464911871 ], [ 116.315131318920734, 40.002387058570783 ], [ 116.315136163028797, 40.002395319774166 ], [ 116.31514206178575, 40.00240316493683 ], [ 116.3151489555095, 40.002410514683014 ], [ 116.315156774450998, 40.002417294649369 ], [ 116.315523356819739, 40.002704651329218 ], [ 116.315541026860132, 40.00291097412093 ], [ 116.31551816960328, 40.003216449956653 ], [ 116.315440000114762, 40.004128675736474 ], [ 116.315439978828167, 40.004128929606225 ], [ 116.315403478072895, 40.004574029563457 ], [ 116.315403316855793, 40.004582837538948 ], [ 116.315404274920112, 40.004591615521008 ], [ 116.315406343107412, 40.004600279594634 ], [ 116.31540950164684, 40.004608746933712 ], [ 116.315413720344026, 40.004616936592825 ], [ 116.31541895886977, 40.004624770281062 ], [ 116.315425167145492, 40.004632173110508 ], [ 116.31543228582207, 40.00463907431206 ], [ 116.315440246847103, 40.004645407912072 ], [ 116.315448974115455, 40.004651113362968 ], [ 116.315458384196901, 40.004656136122129 ], [ 116.315468387133635, 40.004660428173253 ], [ 116.315478887300202, 40.004663948485423 ], [ 116.315489784317748, 40.004666663405352 ], [ 116.315500974013588, 40.004668546979069 ], [ 116.315512349416991, 40.004669581200069 ], [ 116.316681001409208, 40.004731479547701 ], [ 116.316680330359532, 40.004858756678587 ], [ 116.3166954630574, 40.004858756678587 ], [ 116.3166954630574, 40.005217598543084 ], [ 116.316909269833559, 40.005217598543084 ], [ 116.316909315153893, 40.00521672246218 ], [ 116.316695508271792, 40.00521672246218 ], [ 116.316695508271792, 40.004857882528903 ], [ 116.316914646287486, 40.004857882528903 ], [ 116.31691575337878, 40.004647765103513 ], [ 116.316915210921778, 40.004638732522892 ], [ 116.316913493852354, 40.004629787249677 ], [ 116.316910619466853, 40.004621019388857 ], [ 116.316906616719194, 40.004612517258344 ], [ 116.31690152592904, 40.004604366499322 ], [ 116.316895398375877, 40.004596649213639 ], [ 116.316888295782249, 40.004589443136766 ], [ 116.316880289692193, 40.004582820854772 ], [ 116.316871460750505, 40.004576849073246 ], [ 116.316861897890334, 40.004571587945279 ], [ 116.316851697437485, 40.004567090465663 ], [ 116.316840962140148, 40.004563401936998 ], [ 116.316829800133789, 40.004560559513415 ], [ 116.316818323852118, 40.004558591826338 ], [ 116.316806648894385, 40.004557518696018 ], [ 116.31564465269355, 40.004495974042705 ], [ 116.315673810783068, 40.004140397222343 ], [ 116.315751998359588, 40.003227924054784 ], [ 116.315752058424849, 40.003227175604074 ], [ 116.315775357895888, 40.00291577557639 ], [ 116.315775298061865, 40.002904678783203 ], [ 116.315754297644872, 40.002659478800624 ], [ 116.315752917019935, 40.002650405480104 ], [ 116.315750348737339, 40.00264148632241 ], [ 116.315746619202685, 40.002632813027475 ], [ 116.315741766760638, 40.002624474767465 ], [ 116.315735841300608, 40.002616557269882 ], [ 116.315728903743945, 40.002609141936269 ], [ 116.315721025417488, 40.002602305005325 ], [ 116.315363943627275, 40.002322396514387 ], [ 116.315421746839419, 40.001981899908202 ], [ 116.315291025372616, 40.001981899908202 ], [ 116.315291025372616, 40.001872145195001 ], [ 116.315290980180563, 40.001872149231211 ], [ 116.315290980180563, 40.001982769965544 ], [ 116.315185311221569, 40.001982769965544 ], [ 116.315185163883285, 40.001983637861052 ], [ 116.315290934987786, 40.001983637861052 ], [ 116.315290934987786, 40.002342486155619 ], [ 116.315124244005958, 40.002342486155619 ], [ 116.315124235457077, 40.002342536512728 ], [ 116.31512329952352, 40.002351570205718 ] ] ], [ [ [ 116.316674728628399, 40.005218472692604 ], [ 116.316695417842269, 40.005218472692604 ], [ 116.316695417842269, 40.005403140446646 ], [ 116.316695463057385, 40.005403183234485 ], [ 116.316695463057385, 40.005217598543084 ], [ 116.316674773851872, 40.005217598543084 ], [ 116.316674728628399, 40.005218472692604 ] ] ], [ [ [ 116.317630526710275, 40.005481444410606 ], [ 116.317613356765889, 40.005786842168121 ], [ 116.317608376356176, 40.005872502700228 ], [ 116.317572593472562, 40.006414229567135 ], [ 116.31757246313704, 40.006417114040417 ], [ 116.317549562611092, 40.007357969588675 ], [ 116.317539263204822, 40.007759919605853 ], [ 116.317528062606101, 40.008194314035009 ], [ 116.317517961892932, 40.00858641570543 ], [ 116.317518031660967, 40.00859178422467 ], [ 116.31753653045611, 40.00894907274818 ], [ 116.317545429569662, 40.009122061264648 ], [ 116.317546451449417, 40.009130891392026 ], [ 116.317548596916168, 40.009139601546011 ], [ 116.317551845197826, 40.009148107394502 ], [ 116.317556164844817, 40.009156326583479 ], [ 116.317561514034438, 40.009164179534331 ], [ 116.317567840975897, 40.009171590214358 ], [ 116.317575084411715, 40.009178486872919 ], [ 116.317583174210739, 40.009184802736151 ], [ 116.31759203204723, 40.009190476653465 ], [ 116.317601572159262, 40.009195453689628 ], [ 116.317611702178908, 40.009199685656604 ], [ 116.317622324026715, 40.009203131580207 ], [ 116.317633334861256, 40.009205758096762 ], [ 116.317644628074888, 40.009207539776128 ], [ 116.317656094325827, 40.00920845936794 ], [ 116.317671715719072, 40.009209117111212 ], [ 116.318034800204813, 40.009240644421148 ], [ 116.318211615467121, 40.009298664795644 ], [ 116.318222957474035, 40.009301865755283 ], [ 116.318234667860693, 40.009304151516197 ], [ 116.318246622101839, 40.009305497772232 ], [ 116.318474622397034, 40.009321997796064 ], [ 116.318480198063781, 40.009322298318722 ], [ 116.318939692196395, 40.009338605846118 ], [ 116.319972946463977, 40.009410823853266 ], [ 116.319972946463977, 40.009229892865697 ], [ 116.318958306306982, 40.009158975786939 ], [ 116.318953101315316, 40.00915870165317 ], [ 116.318493794408752, 40.0091424007909 ], [ 116.31828677422024, 40.009127419082965 ], [ 116.318110984608836, 40.009069735261129 ], [ 116.318100336016457, 40.009066701135218 ], [ 116.318089355452045, 40.009064474007381 ], [ 116.318078146074939, 40.009063074800828 ], [ 116.317775550432714, 40.009036799984422 ], [ 116.317770670124503, 40.008941938623387 ], [ 116.317752307274489, 40.008587299116755 ], [ 116.317762337423233, 40.008197885011526 ], [ 116.317773536659757, 40.007763485829223 ], [ 116.317783836258641, 40.007361474707274 ], [ 116.317806701752204, 40.006421928880812 ], [ 116.317842405622756, 40.005881370271403 ], [ 116.317842439541622, 40.005880824012934 ], [ 116.317847439395209, 40.005794824006728 ], [ 116.317847446976458, 40.00579469141659 ], [ 116.317869546306966, 40.005401591388889 ], [ 116.317869489268915, 40.005392900397894 ], [ 116.317868343546252, 40.005384254071807 ], [ 116.317866119801266, 40.005375732872047 ], [ 116.317862838728203, 40.005367416095595 ], [ 116.317858530860605, 40.005359381137019 ], [ 116.317853236287121, 40.005351702768394 ], [ 116.317847004278505, 40.005344452443317 ], [ 116.31783989282907, 40.005337697632122 ], [ 116.317831968117048, 40.005331501193922 ], [ 116.317823303888602, 40.005325920791691 ], [ 116.317813980771717, 40.005321008355679 ], [ 116.317804085525765, 40.005316809600131 ], [ 116.31779371023427, 40.005313363597949 ], [ 116.317782951447839, 40.005310702416956 ], [ 116.317771909285838, 40.005308850821635 ], [ 116.317760686504599, 40.005307826042603 ], [ 116.317163708575777, 40.005275665708652 ], [ 116.317163708575777, 40.00545629556018 ], [ 116.317630526710275, 40.005481444410606 ] ] ], [ [ [ 116.320441220105636, 40.009382421155102 ], [ 116.320441220105636, 40.009224550416391 ], [ 116.320441174839104, 40.009224532418806 ], [ 116.320441174839104, 40.009382440377571 ], [ 116.320441220105636, 40.009382421155102 ] ] ] ] } },
{ "type": "Feature", "properties": { "arc_id": "(3, 10)", "length": 469.39759926198752 }, "geometry": { "type": "MultiPolygon", "coordinates": [ [ [ [ 116.31512329952352, 40.002351570205718 ], [ 116.315123548386964, 40.002360630506978 ], [ 116.315124979529926, 40.002369625746333 ], [ 116.315127578472911, 40.002378464911871 ], [ 116.315131318920734, 40.002387058570783 ], [ 116.315136163028797, 40.002395319774166 ], [ 116.31514206178575, 40.00240316493683 ], [ 116.3151489555095, 40.002410514683014 ], [ 116.315156774450998, 40.002417294649369 ], [ 116.315523356819739, 40.002704651329218 ], [ 116.315541026860132, 40.00291097412093 ], [ 116.31551816960328, 40.003216449956653 ], [ 116.315440000114762, 40.004128675736474 ], [ 116.315439978828167, 40.004128929606225 ], [ 116.315403478072895, 40.004574029563457 ], [ 116.315403316855793, 40.004582837538948 ], [ 116.315404274920112, 40.004591615521008 ], [ 116.315406343107412, 40.004600279594634 ], [ 116.31540950164684, 40.004608746933712 ], [ 116.315413720344026, 40.004616936592825 ], [ 116.31541895886977, 40.004624770281062 ], [ 116.315425167145492, 40.004632173110508 ], [ 116.31543228582207, 40.00463907431206 ], [ 116.315440246847103, 40.004645407912072 ], [ 116.315448974115455, 40.004651113362968 ], [ 116.315458384196901, 40.004656136122129 ], [ 116.315468387133635, 40.004660428173253 ], [ 116.315478887300202, 40.004663948485423 ], [ 116.315489784317748, 40.004666663405352 ], [ 116.315500974013588, 40.004668546979069 ], [ 116.315512349416991, 40.004669581200069 ], [ 116.316681001409208, 40.004731479547701 ], [ 116.316680330359503, 40.004858756678587 ], [ 116.3166954630574, 40.004858756678587 ], [ 116.3166954630574, 40.005186742410544 ], [ 116.316695508271792, 40.005186800958725 ], [ 116.316695508271792, 40.004857882528903 ], [ 116.316914646287486, 40.004857882528903 ], [ 116.31691575337878, 40.004647765103513 ], [ 116.316915210921778, 40.004638732522892 ], [ 116.316913493852354, 40.004629787249677 ], [ 116.316910619466853, 40.004621019388857 ], [ 116.316906616719194, 40.004612517258344 ], [ 116.31690152592904, 40.004604366499322 ], [ 116.316895398375877, 40.004596649213639 ], [ 116.316888295782249, 40.004589443136766 ], [ 116.316880289692193, 40.004582820854772 ], [ 116.316871460750505, 40.004576849073246 ], [ 116.316861897890334, 40.004571587945279 ], [ 116.316851697437485, 40.004567090465663 ], [ 116.316840962140148, 40.004563401936998 ], [ 116.316829800133789, 40.004560559513415 ], [ 116.316818323852118, 40.004558591826338 ], [ 116.316806648894385, 40.004557518696018 ], [ 116.31564465269355, 40.004495974042705 ], [ 116.315673810783068, 40.004140397222343 ], [ 116.315751998359588, 40.003227924054784 ], [ 116.315752058424849, 40.003227175604074 ], [ 116.315775357895888, 40.00291577557639 ], [ 116.315775298061865, 40.002904678783203 ], [ 116.315754297644872, 40.002659478800624 ], [ 116.315752917019935, 40.002650405480104 ], [ 116.315750348737339, 40.00264148632241 ], [ 116.315746619202685, 40.002632813027475 ], [ 116.315741766760638, 40.002624474767465 ], [ 116.315735841300608, 40.002616557269882 ], [ 116.315728903743945, 40.002609141936269 ], [ 116.315721025417488, 40.002602305005325 ], [ 116.315363943627275, 40.002322396514387 ], [ 116.315421746839419, 40.001981899908202 ], [ 116.315291025372616, 40.001981899908202 ], [ 116.315291025372616, 40.001872145195001 ], [ 116.315290980180563, 40.001872149231211 ], [ 116.315290980180563, 40.001982769965544 ], [ 116.315185311221569, 40.001982769965544 ], [ 116.315185163883285, 40.001983637861052 ], [ 116.315290934987786, 40.001983637861052 ], [ 116.315290934987786, 40.002342486155619 ], [ 116.315124244005958, 40.002342486155619 ], [ 116.315124235457077, 40.002342536512728 ], [ 116.31512329952352, 40.002351570205718 ] ] ], [ [ [ 116.316735228777503, 40.005217598543084 ], [ 116.316856782605413, 40.005217598543084 ], [ 116.316858700874405, 40.00521672246218 ], [ 116.316733345451922, 40.00521672246218 ], [ 116.316735228777503, 40.005217598543084 ] ] ] ] } },
{ "type": "Feature", "properties": { "arc_id": "(3, 11)", "length": 1232.9366455481222 }, "geometry": { "type": "MultiPolygon", "coordinates": [ [ [ [ 116.315591242421021, 40.000939818169599 ], [ 116.315781879818644, 39.999860628302599 ], [ 116.315782829645713, 39.999852516660766 ], [ 116.315847509752615, 39.998737826712478 ], [ 116.315861424909599, 39.99853015389067 ], [ 116.317546938564135, 39.998538592384293 ], [ 116.317558255185901, 39.998538227812617 ], [ 116.317569473129083, 39.998537024393144 ], [ 116.317975771330111, 39.998477913970824 ], [ 116.318252107847272, 39.998463247248715 ], [ 116.319311475586403, 39.998424605294716 ], [ 116.319434793416505, 39.998425093102313 ], [ 116.31990899003452, 39.998426993093929 ], [ 116.319920801583294, 39.998426581472557 ], [ 116.319932499015877, 39.998425256223008 ], [ 116.319943963164647, 39.998423030846226 ], [ 116.319955077238518, 39.998419928013277 ], [ 116.31996572801286, 39.998415979334268 ], [ 116.319975806982995, 39.998411225036392 ], [ 116.319985211469543, 39.998405713554014 ], [ 116.319993845664442, 39.998399501035408 ], [ 116.320001621607091, 39.998392650770526 ], [ 116.320008460080416, 39.998385232546426 ], [ 116.320014291417834, 39.998377321936175 ], [ 116.320019056213042, 39.998368999529006 ], [ 116.320022705925126, 39.998360350109301 ], [ 116.320025203373206, 39.998351461792858 ], [ 116.320026523114976, 39.998342425129159 ], [ 116.320026651706101, 39.998333332178973 ], [ 116.320011986527746, 39.998048745812625 ], [ 116.320895681670208, 39.998006420104936 ], [ 116.320907340665798, 39.998005408858262 ], [ 116.320918809652127, 39.998003505696509 ], [ 116.320929973574422, 39.998000729711869 ], [ 116.320940720438372, 39.9979971087525 ], [ 116.320950942433441, 39.997992679143174 ], [ 116.320960537014642, 39.997987485320884 ], [ 116.320969407931102, 39.997981579389105 ], [ 116.320977466191678, 39.997975020594993 ], [ 116.320984630957682, 39.997967874735075 ], [ 116.320990830353935, 39.997960213495205 ], [ 116.320996002189631, 39.997952113731401 ], [ 116.321000094582388, 39.997943656698844 ], [ 116.321003066478511, 39.99793492723672 ], [ 116.321004888065076, 39.997926012917148 ], [ 116.3210055410687, 39.99791700316667 ], [ 116.321005018939076, 39.997907988369093 ], [ 116.320951727824919, 39.997476097702318 ], [ 116.320932627086947, 39.99709645881574 ], [ 116.320944444817457, 39.996855875610365 ], [ 116.320973518523132, 39.996858622274793 ], [ 116.320985324082329, 39.996859274224811 ], [ 116.320997154918601, 39.996859006595898 ], [ 116.321008890249118, 39.996857822120326 ], [ 116.321020410266158, 39.996855732890559 ], [ 116.321031597360118, 39.996852760235868 ], [ 116.321042337320378, 39.99684893450452 ], [ 116.321052520501183, 39.996844294753949 ], [ 116.321062042941065, 39.996838888352066 ], [ 116.321070807424263, 39.996832770493576 ], [ 116.321078724473111, 39.996826003636556 ], [ 116.321085713261652, 39.996818656864797 ], [ 116.321091702440697, 39.996810805182442 ], [ 116.321096630866279, 39.996802528748375 ], [ 116.321100448223888, 39.996793912057761 ], [ 116.321103115542016, 39.996785043079434 ], [ 116.321104605590179, 39.996776012357898 ], [ 116.321138763714188, 39.99642955960298 ], [ 116.32119938074311, 39.996073381486603 ], [ 116.321268583566692, 39.995726566706651 ], [ 116.321268766611865, 39.995725615533061 ], [ 116.3212806665058, 39.995661415520395 ], [ 116.321280790563392, 39.995660727242111 ], [ 116.321325590139395, 39.995404927194208 ], [ 116.321325717455011, 39.995404176402118 ], [ 116.321369587873676, 39.995136707197773 ], [ 116.321133454692685, 39.995136707197773 ], [ 116.321093344192974, 39.995381247879962 ], [ 116.321048669783409, 39.995636328318888 ], [ 116.321036921657182, 39.995699708388997 ], [ 116.320967615909481, 39.99604703310473 ], [ 116.320967251086245, 39.996049006795133 ], [ 116.320906050489157, 39.996408606729517 ], [ 116.320905395024752, 39.996413487563778 ], [ 116.320880274180666, 39.996668270243482 ], [ 116.320846481637346, 39.996665077742392 ], [ 116.320835111193929, 39.996664433475246 ], [ 116.320823713172757, 39.996664642411098 ], [ 116.320812395547364, 39.996665702570652 ], [ 116.320801265529724, 39.996667603911035 ], [ 116.32079042855456, 39.996670328420805 ], [ 116.320779987280659, 39.996673850290669 ], [ 116.320770040618385, 39.996678136157932 ], [ 116.320760682792667, 39.996683145422487 ], [ 116.320752002450433, 39.996688830631548 ], [ 116.320744081820891, 39.996695137929009 ], [ 116.3207369959365, 39.996702007565744 ], [ 116.32073081192226, 39.996709374465539 ], [ 116.32072558835975, 39.996717168841577 ], [ 116.32072137473223, 39.996725316857557 ], [ 116.320718210955945, 39.99673374132707 ], [ 116.320716127001788, 39.996742362444813 ], [ 116.320715142611533, 39.996751098542667 ], [ 116.320698342028891, 39.997093098521034 ], [ 116.320698346100386, 39.997099983490628 ], [ 116.320717745442423, 39.997485583504485 ], [ 116.320718181767461, 39.997490611466127 ], [ 116.320760349574655, 39.99783236467168 ], [ 116.319883119653042, 39.997874379842337 ], [ 116.319871858110162, 39.997875341446047 ], [ 116.319860770042467, 39.997877135335031 ], [ 116.319849959188346, 39.997879744725921 ], [ 116.319839526692562, 39.997883145205627 ], [ 116.319829570160124, 39.99788730495974 ], [ 116.319820182743015, 39.997892185070214 ], [ 116.319811452268652, 39.99789773987942 ], [ 116.319803460418342, 39.997903917417318 ], [ 116.319796281962937, 39.997910659887722 ], [ 116.319789984063362, 39.997917904208997 ], [ 116.319784625642185, 39.997925582604218 ], [ 116.319780256832416, 39.997933623235298 ], [ 116.319776918508495, 39.997941950875102 ], [ 116.319774641903678, 39.997950487611277 ], [ 116.319773448318102, 39.99795915357511 ], [ 116.319773348919142, 39.997967867688857 ], [ 116.319787696820484, 39.998246316212565 ], [ 116.319436010585349, 39.998244906912333 ], [ 116.319309602581185, 39.998244406881831 ], [ 116.319303449672432, 39.998244506873952 ], [ 116.318239751067154, 39.99828330683529 ], [ 116.318237234846151, 39.998283419484331 ], [ 116.317952735217972, 39.998298519467895 ], [ 116.317939026408993, 39.998299875674277 ], [ 116.317537095269358, 39.998358350792152 ], [ 116.315750963794102, 39.998349407645861 ], [ 116.315739806178186, 39.998349761065512 ], [ 116.315728743015271, 39.998350929982116 ], [ 116.315717874840885, 39.998352903773259 ], [ 116.315707300418666, 39.998355664502284 ], [ 116.315697115842795, 39.998359187081284 ], [ 116.315687413664833, 39.998363439499101 ], [ 116.315678282052659, 39.998368383112265 ], [ 116.315669803989152, 39.998373972996042 ], [ 116.315662056518235, 39.998380158352823 ], [ 116.315655110044659, 39.998386882973648 ], [ 116.315649027694278, 39.998394085748991 ], [ 116.315643864740267, 39.99840170122414 ], [ 116.3156396681009, 39.998409660193985 ], [ 116.31563647591328, 39.998417890331886 ], [ 116.31563431718655, 39.998426316846995 ], [ 116.315633211538383, 39.998434863163808 ], [ 116.315613511038521, 39.998728863139924 ], [ 116.315613472267614, 39.998729483301723 ], [ 116.315549006686624, 39.999840410875002 ], [ 116.315358918434157, 40.000916471377479 ], [ 116.315358620974635, 40.00091829438351 ], [ 116.315306961127746, 40.001263337521642 ], [ 116.315542806210459, 40.001263337521642 ], [ 116.315591242421021, 40.000939818169599 ] ] ], [ [ [ 116.321379571927935, 39.995075836407565 ], [ 116.321379571927935, 39.994786094291484 ], [ 116.321379526678825, 39.994786060972288 ], [ 116.321379526678825, 39.995076112282369 ], [ 116.321379571927935, 39.995075836407565 ] ] ], [ [ [ 116.321366113998664, 39.994777384281193 ], [ 116.321365310657569, 39.994776990611797 ], [ 116.321231659922802, 39.994776990611797 ], [ 116.321230007248914, 39.994777880577111 ], [ 116.321366936123155, 39.994777880577111 ], [ 116.321366113998664, 39.994777384281193 ] ] ], [ [ [ 116.315291025372616, 40.001360356879154 ], [ 116.315291025372616, 40.001623053754159 ], [ 116.3154826949458, 40.001623053754159 ], [ 116.31548284272229, 40.001622183696647 ], [ 116.315291070563958, 40.001622183696647 ], [ 116.315291070563958, 40.001360090813243 ], [ 116.315291025372616, 40.001360356879154 ] ] ], [ [ [ 116.315246258849257, 40.001623921649845 ], [ 116.315290980180563, 40.001623921649845 ], [ 116.315290980180563, 40.001982769965544 ], [ 116.315193426351655, 40.001982769965544 ], [ 116.315193671283609, 40.001983637861052 ], [ 116.315290934987786, 40.001983637861052 ], [ 116.315290934987786, 40.002050497357828 ], [ 116.315291926361382, 40.002050635287887 ], [ 116.315303385396831, 40.002051348906335 ], [ 116.315314880206131, 40.002051195303494 ], [ 116.315326300087506, 40.002050175958594 ], [ 116.315337535060848, 40.002048300688543 ], [ 116.315348476926843, 40.002045587553276 ], [ 116.315359020308946, 40.002042062681845 ], [ 116.315369063668342, 40.002037760020841 ], [ 116.315378510281761, 40.002032721007367 ], [ 116.315387269173016, 40.002026994170016 ], [ 116.315395255989088, 40.002020634661527 ], [ 116.31540239381259, 40.002013703727627 ], [ 116.315408613902477, 40.00200626811715 ], [ 116.315413856356045, 40.001998399439245 ], [ 116.31541807068588, 40.001990173473708 ], [ 116.315421131056837, 40.001981899908202 ], [ 116.315291025372616, 40.001981899908202 ], [ 116.315291025372616, 40.001623053754159 ], [ 116.315246406261494, 40.001623053754159 ], [ 116.315246258849257, 40.001623921649845 ] ] ] ] } },
{ "type": "Feature", "properties": { "arc_id": "(3, 12)", "length": 844.85483929178861 }, "geometry": { "type": "MultiPolygon", "coordinates": [ [ [ [ 116.315591242421021, 40.000939818169599 ], [ 116.315781879818644, 39.999860628302599 ], [ 116.315782829645713, 39.999852516660766 ], [ 116.315847509752615, 39.998737826712478 ], [ 116.315867158046984, 39.998444590896781 ], [ 116.31588912116564, 39.99817064508207 ], [ 116.315901402297769, 39.998017477138582 ], [ 116.315911509345227, 39.997901185880998 ], [ 116.317859071605753, 39.997893893228387 ], [ 116.317870280193091, 39.997893437587798 ], [ 116.317881380628052, 39.997892158998461 ], [ 116.317892270999039, 39.997890069198938 ], [ 116.317902851322955, 39.997887187375369 ], [ 116.317913024463337, 39.997883539985423 ], [ 116.317922697022041, 39.997879160515275 ], [ 116.317931780196687, 39.997874089172242 ], [ 116.317940190596076, 39.997868372515605 ], [ 116.317947851005641, 39.997862063029217 ], [ 116.317954691096517, 39.997855218639529 ], [ 116.317960648071065, 39.997847902183949 ], [ 116.31796566723942, 39.997840180833698 ], [ 116.317969702521737, 39.997832125477373 ], [ 116.31797271687104, 39.997823810069931 ], [ 116.317974682613439, 39.99781531095384 ], [ 116.317975581702157, 39.997806706158109 ], [ 116.317975405883203, 39.997798074681938 ], [ 116.317960960294059, 39.997623599731725 ], [ 116.318646845422094, 39.997576335427169 ], [ 116.319037885540013, 39.997549432655902 ], [ 116.319037885540013, 39.997368524715164 ], [ 116.318625963475512, 39.997396863960383 ], [ 116.317826346791833, 39.997451965118181 ], [ 116.317815146353425, 39.99745315830085 ], [ 116.31780414767131, 39.997455176466367 ], [ 116.317793453224866, 39.997458000810589 ], [ 116.317783162658884, 39.997461605017932 ], [ 116.317773371855054, 39.997465955506428 ], [ 116.317764172038579, 39.997471011740721 ], [ 116.317755648928255, 39.997476726609669 ], [ 116.317747881937805, 39.997483046865355 ], [ 116.317740943435879, 39.997489913619212 ], [ 116.317734898071762, 39.997497262890661 ], [ 116.317729802173133, 39.997505026203314 ], [ 116.317725703221029, 39.997513131222881 ], [ 116.317722639407592, 39.997521502431312 ], [ 116.317720639280125, 39.997530061830268 ], [ 116.317719721475171, 39.997538729667923 ], [ 116.317719894544695, 39.99754742518207 ], [ 116.317733699759515, 39.997714172924816 ], [ 116.315801331097148, 39.997721406782944 ], [ 116.315789645597903, 39.997721900048397 ], [ 116.315778082408798, 39.997723287605439 ], [ 116.315766756940988, 39.997725555604951 ], [ 116.315755782233055, 39.997728681410202 ], [ 116.315745267822635, 39.997732633822842 ], [ 116.315735318653253, 39.997737373394138 ], [ 116.315726034026909, 39.997742852818838 ], [ 116.315717506612842, 39.997749017407209 ], [ 116.315709821522773, 39.997755805630995 ], [ 116.315703055461185, 39.997763149737445 ], [ 116.315697275960034, 39.997770976425535 ], [ 116.315692540704404, 39.997779207577643 ], [ 116.315688896956999, 39.997787761039177 ], [ 116.315686381086238, 39.997796551438547 ], [ 116.315685018203311, 39.997805491039294 ], [ 116.31566761786398, 39.99800569101911 ], [ 116.315667579136857, 39.99800615454506 ], [ 116.315655278876562, 39.998159554530602 ], [ 116.315633278365908, 39.998433955066346 ], [ 116.315633211538383, 39.998434863163808 ], [ 116.315613511038521, 39.998728863139924 ], [ 116.315613472267614, 39.998729483301723 ], [ 116.315549006686624, 39.999840410875002 ], [ 116.315358918434157, 40.000916471377479 ], [ 116.315358620974635, 40.00091829438351 ], [ 116.315306961127746, 40.001263337521642 ], [ 116.315542806210459, 40.001263337521642 ], [ 116.315591242421021, 40.000939818169599 ] ] ], [ [ [ 116.319414622280576, 39.997298558497818 ], [ 116.319178706048362, 39.997298558497818 ], [ 116.319178570028612, 39.997299443075086 ], [ 116.319414486263682, 39.997299443075086 ], [ 116.319414622280576, 39.997298558497818 ] ] ], [ [ [ 116.319462677293956, 39.996938842023468 ], [ 116.319234857299833, 39.996938842023468 ], [ 116.319234545199819, 39.99693972660085 ], [ 116.319462941617516, 39.99693972660085 ], [ 116.319462677293956, 39.996938842023468 ] ] ], [ [ [ 116.315291025372616, 40.001360356879154 ], [ 116.315291025372616, 40.001623053754159 ], [ 116.3154826949458, 40.001623053754159 ], [ 116.31548284272229, 40.001622183696647 ], [ 116.315291070563958, 40.001622183696647 ], [ 116.315291070563958, 40.001360090813243 ], [ 116.315291025372616, 40.001360356879154 ] ] ], [ [ [ 116.315246258849257, 40.001623921649845 ], [ 116.315290980180563, 40.001623921649845 ], [ 116.315290980180563, 40.001982769965544 ], [ 116.315193426351655, 40.001982769965544 ], [ 116.315193671283609, 40.001983637861052 ], [ 116.315290934987786, 40.001983637861052 ], [ 116.315290934987786, 40.002050497357828 ], [ 116.315291926361382, 40.002050635287887 ], [ 116.315303385396831, 40.002051348906335 ], [ 116.315314880206131, 40.002051195303494 ], [ 116.315326300087506, 40.002050175958594 ], [ 116.315337535060848, 40.002048300688543 ], [ 116.315348476926843, 40.002045587553276 ], [ 116.315359020308946, 40.002042062681845 ], [ 116.315369063668342, 40.002037760020841 ], [ 116.315378510281761, 40.002032721007367 ], [ 116.315387269173016, 40.002026994170016 ], [ 116.315395255989088, 40.002020634661527 ], [ 116.31540239381259, 40.002013703727627 ], [ 116.315408613902477, 40.00200626811715 ], [ 116.315413856356045, 40.001998399439245 ], [ 116.31541807068588, 40.001990173473708 ], [ 116.315421131056837, 40.001981899908202 ], [ 116.315291025372616, 40.001981899908202 ], [ 116.315291025372616, 40.001623053754159 ], [ 116.315246406261494, 40.001623053754159 ], [ 116.315246258849257, 40.001623921649845 ] ] ] ] } },
{ "type": "Feature", "properties": { "arc_id": "(3, 13)", "length": 1121.4423426816657 }, "geometry": { "type": "MultiPolygon", "coordinates": [ [ [ [ 116.315591242421021, 40.000939818169599 ], [ 116.315781879818644, 39.999860628302599 ], [ 116.315782829645713, 39.999852516660766 ], [ 116.315847509752615, 39.998737826712478 ], [ 116.315861424909599, 39.99853015389067 ], [ 116.317546938564135, 39.998538592384293 ], [ 116.317558255185901, 39.998538227812617 ], [ 116.317569473129083, 39.998537024393144 ], [ 116.317975771330111, 39.998477913970824 ], [ 116.318252107847272, 39.998463247248715 ], [ 116.319311475586403, 39.998424605294716 ], [ 116.319434793416505, 39.998425093102313 ], [ 116.31990899003452, 39.998426993093929 ], [ 116.31991182194578, 39.998426978107069 ], [ 116.3207272230173, 39.998415078100578 ], [ 116.32072957261866, 39.998415025661075 ], [ 116.320952207045579, 39.998408336647543 ], [ 116.321894942336826, 39.998384545860489 ], [ 116.321942983819739, 39.998383304260571 ], [ 116.322000132085009, 39.998383592403123 ], [ 116.322002372655845, 39.998383587219429 ], [ 116.322178172886893, 39.998381887219153 ], [ 116.322265618605769, 39.998381011799985 ], [ 116.323366973218555, 39.998406229068387 ], [ 116.323349360594378, 39.998730301465713 ], [ 116.323583853782239, 39.998730301465713 ], [ 116.323605941439197, 39.998323862305824 ], [ 116.323605868976344, 39.998315182267426 ], [ 116.323604710746537, 39.998306547878506 ], [ 116.323602477501439, 39.99829803928796 ], [ 116.323599189971631, 39.998289735476945 ], [ 116.323594878674015, 39.998281713525643 ], [ 116.323589583628561, 39.998274047897915 ], [ 116.323583353986891, 39.998266809749992 ], [ 116.323576247576014, 39.998260066269999 ], [ 116.323568330361397, 39.998253880054307 ], [ 116.323559675834758, 39.998248308526435 ], [ 116.323550364331908, 39.998243403404068 ], [ 116.323540482286944, 39.998239210218962 ], [ 116.323530121429897, 39.998235767894315 ], [ 116.323519377935455, 39.998233108383474 ], [ 116.323508351529966, 39.998231256373323 ], [ 116.323497144565906, 39.998230229055103 ], [ 116.323458444616307, 39.998228129058234 ], [ 116.323453685090371, 39.998227945524135 ], [ 116.322270086642874, 39.998200845572264 ], [ 116.322265075238917, 39.998200813288982 ], [ 116.322175201229101, 39.998201713029808 ], [ 116.322000547596744, 39.998203401947094 ], [ 116.321942167989505, 39.998203107596503 ], [ 116.321937465652283, 39.998203156487911 ], [ 116.321887211695497, 39.998204455298477 ], [ 116.320944158909967, 39.9982282541175 ], [ 116.320943427099039, 39.998228274343703 ], [ 116.320721601847097, 39.998234939052239 ], [ 116.319908793892694, 39.998246801233719 ], [ 116.319436010585349, 39.998244906912333 ], [ 116.319309602581185, 39.998244406881831 ], [ 116.319303449672432, 39.998244506873952 ], [ 116.318239751067154, 39.99828330683529 ], [ 116.318237234846151, 39.998283419484331 ], [ 116.317952735217972, 39.998298519467895 ], [ 116.317939026408993, 39.998299875674277 ], [ 116.317537095269358, 39.998358350792152 ], [ 116.315750963794102, 39.998349407645861 ], [ 116.315739806178186, 39.998349761065512 ], [ 116.315728743015271, 39.998350929982116 ], [ 116.315717874840885, 39.998352903773259 ], [ 116.315707300418666, 39.998355664502284 ], [ 116.315697115842795, 39.998359187081284 ], [ 116.315687413664833, 39.998363439499101 ], [ 116.315678282052659, 39.998368383112265 ], [ 116.315669803989152, 39.998373972996042 ], [ 116.315662056518235, 39.998380158352823 ], [ 116.315655110044659, 39.998386882973648 ], [ 116.315649027694278, 39.998394085748991 ], [ 116.315643864740267, 39.99840170122414 ], [ 116.3156396681009, 39.998409660193985 ], [ 116.31563647591328, 39.998417890331886 ], [ 116.31563431718655, 39.998426316846995 ], [ 116.315633211538383, 39.998434863163808 ], [ 116.315613511038521, 39.998728863139924 ], [ 116.315613472267614, 39.998729483301723 ], [ 116.315549006686624, 39.999840410875002 ], [ 116.315358918434157, 40.000916471377479 ], [ 116.315358620974635, 40.00091829438351 ], [ 116.315306961127746, 40.001263337521642 ], [ 116.315542806210459, 40.001263337521642 ], [ 116.315591242421021, 40.000939818169599 ] ] ], [ [ [ 116.315291025372616, 40.001360356879154 ], [ 116.315291025372616, 40.001623053754159 ], [ 116.3154826949458, 40.001623053754159 ], [ 116.31548284272229, 40.001622183696647 ], [ 116.315291070563958, 40.001622183696647 ], [ 116.315291070563958, 40.001360090813243 ], [ 116.315291025372616, 40.001360356879154 ] ] ], [ [ [ 116.315246258849257, 40.001623921649845 ], [ 116.315290980180563, 40.001623921649845 ], [ 116.315290980180563, 40.001982769965544 ], [ 116.315193426351655, 40.001982769965544 ], [ 116.315193671283609, 40.001983637861052 ], [ 116.315290934987786, 40.001983637861052 ], [ 116.315290934987786, 40.002050497357828 ], [ 116.315291926361382, 40.002050635287887 ], [ 116.315303385396831, 40.002051348906335 ], [ 116.315314880206131, 40.002051195303494 ], [ 116.315326300087506, 40.002050175958594 ], [ 116.315337535060848, 40.002048300688543 ], [ 116.315348476926843, 40.002045587553276 ], [ 116.315359020308946, 40.002042062681845 ], [ 116.315369063668342, 40.002037760020841 ], [ 116.315378510281761, 40.002032721007367 ], [ 116.315387269173016, 40.002026994170016 ], [ 116.315395255989088, 40.002020634661527 ], [ 116.31540239381259, 40.002013703727627 ], [ 116.315408613902477, 40.00200626811715 ], [ 116.315413856356045, 40.001998399439245 ], [ 116.31541807068588, 40.001990173473708 ], [ 116.315421131056837, 40.001981899908202 ], [ 116.315291025372616, 40.001981899908202 ], [ 116.315291025372616, 40.001623053754159 ], [ 116.315246406261494, 40.001623053754159 ], [ 116.315246258849257, 40.001623921649845 ] ] ] ] } },
{ "type": "Feature", "properties": { "arc_id": "(3, 14)", "length": 789.07829487134723 }, "geometry": { "type": "MultiPolygon", "coordinates": [ [ [ [ 116.31512329952352, 40.002351570205718 ], [ 116.315123548386964, 40.002360630506978 ], [ 116.315124979529926, 40.002369625746333 ], [ 116.315127578472911, 40.002378464911871 ], [ 116.315131318920734, 40.002387058570783 ], [ 116.315136163028797, 40.002395319774166 ], [ 116.31514206178575, 40.00240316493683 ], [ 116.3151489555095, 40.002410514683014 ], [ 116.315156774450998, 40.002417294649369 ], [ 116.315553774428622, 40.002728494932349 ], [ 116.315562347458169, 40.002734577459613 ], [ 116.315571664501491, 40.002739974215835 ], [ 116.315581633196658, 40.002744631701674 ], [ 116.315592154721742, 40.002748503746368 ], [ 116.315603124774341, 40.002751551965368 ], [ 116.31561443460572, 40.002753746140925 ], [ 116.315625972098772, 40.002755064521665 ], [ 116.317759474857056, 40.002915864752779 ], [ 116.317771074802636, 40.002916294121952 ], [ 116.317782673030464, 40.002915838133099 ], [ 116.31779415556403, 40.002914501267249 ], [ 116.317805409563832, 40.002912296661869 ], [ 116.317816324436123, 40.002909245981705 ], [ 116.317826792919931, 40.002905379205991 ], [ 116.317836712140931, 40.002900734333764 ], [ 116.317845984622494, 40.002895357010381 ], [ 116.317854519243653, 40.002889300079119 ], [ 116.317862232134445, 40.002882623061737 ], [ 116.317869047500167, 40.002875391573568 ], [ 116.317874898366227, 40.00286767667879 ], [ 116.317879727236246, 40.002859554191986 ], [ 116.317883486657095, 40.002851103933139 ], [ 116.317886139685228, 40.002842408943216 ], [ 116.317887660249696, 40.002833554668186 ], [ 116.317895092318309, 40.00276377230945 ], [ 116.318631107653601, 40.00279228020198 ], [ 116.318642608189194, 40.002792290941315 ], [ 116.318654054678277, 40.002791434433895 ], [ 116.318665336810284, 40.002789718933926 ], [ 116.318676345858478, 40.002787160973803 ], [ 116.318686975727985, 40.002783785204763 ], [ 116.318697123978055, 40.002779624159309 ], [ 116.318706692809471, 40.002774717937704 ], [ 116.318715590006889, 40.002769113821543 ], [ 116.318723729827639, 40.002762865817992 ], [ 116.318731033828016, 40.002756034139466 ], [ 116.318735661027461, 40.002750718605526 ], [ 116.319636132520941, 40.002792688205531 ], [ 116.320031852904421, 40.002815736974839 ], [ 116.320032477911667, 40.002815772084674 ], [ 116.320139129529082, 40.002821542696978 ], [ 116.320723847151839, 40.003314515983369 ], [ 116.320732674838467, 40.003321209952418 ], [ 116.320742372925864, 40.003327149036778 ], [ 116.320752832810754, 40.003332266727909 ], [ 116.320763937358862, 40.003336505715666 ], [ 116.320775562216525, 40.003339818529938 ], [ 116.321228962726536, 40.00344841866891 ], [ 116.321240928906136, 40.003450760695991 ], [ 116.321253149156036, 40.003452121144939 ], [ 116.321481049451279, 40.003468121168112 ], [ 116.321492739483588, 40.003468490708052 ], [ 116.321504419148241, 40.003467961696714 ], [ 116.321515971953701, 40.003466539410375 ], [ 116.321527282673728, 40.003464238034773 ], [ 116.321538238496601, 40.003461080523508 ], [ 116.321548730150454, 40.003457098369225 ], [ 116.321558652992863, 40.003452331289388 ], [ 116.32156790805486, 40.003446826830242 ], [ 116.321576403027819, 40.00344063989256 ], [ 116.32158405318421, 40.003433832183994 ], [ 116.321590782222714, 40.003426471603717 ], [ 116.3215965230291, 40.003418631565133 ], [ 116.321601218345748, 40.003410390263653 ], [ 116.321604821342675, 40.003401829896823 ], [ 116.32160729608448, 40.003393035844447 ], [ 116.32160861788897, 40.003384095817033 ], [ 116.321665802009406, 40.002689859944951 ], [ 116.321431030321435, 40.002689859944951 ], [ 116.321382397414595, 40.003280257431982 ], [ 116.32128679877701, 40.003273545767897 ], [ 116.320875553982006, 40.003175042988666 ], [ 116.320280652571768, 40.002673484404021 ], [ 116.320272761800808, 40.002667436169126 ], [ 116.320264159652609, 40.002661991713708 ], [ 116.320254923920757, 40.002657200274697 ], [ 116.320245138128627, 40.002653105183349 ], [ 116.320234890773975, 40.002649743473597 ], [ 116.32022427452867, 40.002647145546995 ], [ 116.320213385400521, 40.002645334897863 ], [ 116.320202321865267, 40.002644327900747 ], [ 116.320049234630218, 40.002636044825309 ], [ 116.319652947586718, 40.002612963057153 ], [ 116.319651186421709, 40.002612870732165 ], [ 116.318647087732558, 40.002566070803816 ], [ 116.318635513203702, 40.002565971865153 ], [ 116.318623982477916, 40.002566751842558 ], [ 116.318612608125747, 40.002568403121359 ], [ 116.318601501191068, 40.002570909580683 ], [ 116.318590770107136, 40.002574246750868 ], [ 116.318580519637933, 40.002578382052185 ], [ 116.318570849855419, 40.002583275113146 ], [ 116.3185618551625, 40.00258887816441 ], [ 116.318553623371585, 40.002595136505278 ], [ 116.318546234847091, 40.002601989037636 ], [ 116.318540646783035, 40.002608359828798 ], [ 116.317793493440305, 40.002579419848217 ], [ 116.317782226445033, 40.002579400599842 ], [ 116.317771009153361, 40.002580213817971 ], [ 116.317759945321498, 40.002581851980594 ], [ 116.317749137286199, 40.002584299935229 ], [ 116.317738685018199, 40.002587535039119 ], [ 116.317728685197565, 40.002591527368629 ], [ 116.31771923031944, 40.002596239996031 ], [ 116.317710407838419, 40.002601629331068 ], [ 116.317702299359723, 40.002607645524144 ], [ 116.317694979884351, 40.002614232927442 ], [ 116.3176885171153, 40.002621330609585 ], [ 116.317682970831427, 40.002628872919281 ], [ 116.317678392334386, 40.002636790092566 ], [ 116.317674823974173, 40.002645008898057 ], [ 116.317672298757387, 40.002653453314373 ], [ 116.317670840041885, 40.002662045233222 ], [ 116.317663857227032, 40.002727607475251 ], [ 116.315691205310657, 40.002578929814504 ], [ 116.315363943627275, 40.002322396514387 ], [ 116.315421746839419, 40.001981899908202 ], [ 116.315291025372616, 40.001981899908202 ], [ 116.315291025372616, 40.001872145195001 ], [ 116.315290980180563, 40.001872149231211 ], [ 116.315290980180563, 40.001982769965544 ], [ 116.315185311221569, 40.001982769965544 ], [ 116.315185163883285, 40.001983637861052 ], [ 116.315290934987786, 40.001983637861052 ], [ 116.315290934987786, 40.002342486155619 ], [ 116.315124244005958, 40.002342486155619 ], [ 116.315124235457077, 40.002342536512728 ], [ 116.31512329952352, 40.002351570205718 ] ] ], [ [ [ 116.321695431784576, 40.002330143774614 ], [ 116.32146066127919, 40.002330143774614 ], [ 116.321460587875336, 40.002331034888407 ], [ 116.32169535838365, 40.002331034888407 ], [ 116.321695431784576, 40.002330143774614 ] ] ], [ [ [ 116.321648312892265, 40.001970427582819 ], [ 116.321553267357032, 40.001970427582819 ], [ 116.321552318101851, 40.001970717915889 ], [ 116.321550805390956, 40.00197131869669 ], [ 116.321651001839172, 40.00197131869669 ], [ 116.321648312892265, 40.001970427582819 ] ] ] ] } },
{ "type": "Feature", "properties": { "arc_id": "(3, 15)", "length": 918.45987819930485 }, "geometry": { "type": "MultiPolygon", "coordinates": [ [ [ [ 116.31512329952352, 40.002351570205718 ], [ 116.315123548386964, 40.002360630506978 ], [ 116.315124979529926, 40.002369625746333 ], [ 116.315127578472911, 40.002378464911871 ], [ 116.315131318920734, 40.002387058570783 ], [ 116.315136163028797, 40.002395319774166 ], [ 116.31514206178575, 40.00240316493683 ], [ 116.3151489555095, 40.002410514683014 ], [ 116.315156774450998, 40.002417294649369 ], [ 116.315553774428622, 40.002728494932349 ], [ 116.315562347458169, 40.002734577459613 ], [ 116.315571664501491, 40.002739974215835 ], [ 116.315581633196658, 40.002744631701674 ], [ 116.315592154721742, 40.002748503746368 ], [ 116.315603124774341, 40.002751551965368 ], [ 116.31561443460572, 40.002753746140925 ], [ 116.315625972098772, 40.002755064521665 ], [ 116.317759474857056, 40.002915864752779 ], [ 116.317771074802636, 40.002916294121952 ], [ 116.317782673030464, 40.002915838133099 ], [ 116.31779415556403, 40.002914501267249 ], [ 116.317805409563832, 40.002912296661869 ], [ 116.317816324436123, 40.002909245981705 ], [ 116.317826792919931, 40.002905379205991 ], [ 116.317836712140931, 40.002900734333764 ], [ 116.317845984622494, 40.002895357010381 ], [ 116.317854519243653, 40.002889300079119 ], [ 116.317862232134445, 40.002882623061737 ], [ 116.317869047500167, 40.002875391573568 ], [ 116.317874898366227, 40.00286767667879 ], [ 116.317879727236246, 40.002859554191986 ], [ 116.317883486657095, 40.002851103933139 ], [ 116.317886139685228, 40.002842408943216 ], [ 116.317887660249696, 40.002833554668186 ], [ 116.317895092318309, 40.00276377230945 ], [ 116.318631107653601, 40.00279228020198 ], [ 116.318642608189194, 40.002792290941315 ], [ 116.318654054678277, 40.002791434433895 ], [ 116.318665336810284, 40.002789718933926 ], [ 116.318676345858478, 40.002787160973803 ], [ 116.318686975727985, 40.002783785204763 ], [ 116.318697123978055, 40.002779624159309 ], [ 116.318706692809471, 40.002774717937704 ], [ 116.318715590006889, 40.002769113821543 ], [ 116.318723729827639, 40.002762865817992 ], [ 116.318731033828016, 40.002756034139466 ], [ 116.318735661027461, 40.002750718605526 ], [ 116.319636132520941, 40.002792688205531 ], [ 116.320031852904421, 40.002815736974839 ], [ 116.320032477911667, 40.002815772084674 ], [ 116.320139129529082, 40.002821542696978 ], [ 116.320723847151839, 40.003314515983369 ], [ 116.320732674838467, 40.003321209952418 ], [ 116.320742372925864, 40.003327149036778 ], [ 116.320752832810754, 40.003332266727909 ], [ 116.320763937358862, 40.003336505715666 ], [ 116.320775562216525, 40.003339818529938 ], [ 116.321228962726536, 40.00344841866891 ], [ 116.321240928906136, 40.003450760695991 ], [ 116.321253149156036, 40.003452121144939 ], [ 116.321481049451279, 40.003468121168112 ], [ 116.321492739483588, 40.003468490708052 ], [ 116.321504419148241, 40.003467961696714 ], [ 116.321515971953701, 40.003466539410375 ], [ 116.321527282673728, 40.003464238034773 ], [ 116.321538238496601, 40.003461080523508 ], [ 116.321548730150454, 40.003457098369225 ], [ 116.321558652992863, 40.003452331289388 ], [ 116.32156790805486, 40.003446826830242 ], [ 116.321576403027819, 40.00344063989256 ], [ 116.32158405318421, 40.003433832183994 ], [ 116.321590782222714, 40.003426471603717 ], [ 116.3215965230291, 40.003418631565133 ], [ 116.321601218345748, 40.003410390263653 ], [ 116.321604821342675, 40.003401829896823 ], [ 116.32160729608448, 40.003393035844447 ], [ 116.32160861788897, 40.003384095817033 ], [ 116.321665802088376, 40.002689859944951 ], [ 116.321431030321435, 40.002689859944951 ], [ 116.321382397414595, 40.003280257431982 ], [ 116.32128679877701, 40.003273545767897 ], [ 116.320875553982006, 40.003175042988666 ], [ 116.320280652571768, 40.002673484404021 ], [ 116.320272761800808, 40.002667436169126 ], [ 116.320264159652609, 40.002661991713708 ], [ 116.320254923920757, 40.002657200274697 ], [ 116.320245138128627, 40.002653105183349 ], [ 116.320234890773975, 40.002649743473597 ], [ 116.32022427452867, 40.002647145546995 ], [ 116.320213385400521, 40.002645334897863 ], [ 116.320202321865267, 40.002644327900747 ], [ 116.320049234630218, 40.002636044825309 ], [ 116.319652947586718, 40.002612963057153 ], [ 116.319651186421709, 40.002612870732165 ], [ 116.318647087732558, 40.002566070803816 ], [ 116.318635513203702, 40.002565971865153 ], [ 116.318623982477916, 40.002566751842558 ], [ 116.318612608125747, 40.002568403121359 ], [ 116.318601501191068, 40.002570909580683 ], [ 116.318590770107136, 40.002574246750868 ], [ 116.318580519637933, 40.002578382052185 ], [ 116.318570849855419, 40.002583275113146 ], [ 116.3185618551625, 40.00258887816441 ], [ 116.318553623371585, 40.002595136505278 ], [ 116.318546234847091, 40.002601989037636 ], [ 116.318540646783035, 40.002608359828798 ], [ 116.317793493440305, 40.002579419848217 ], [ 116.317782226445033, 40.002579400599842 ], [ 116.317771009153361, 40.002580213817971 ], [ 116.317759945321498, 40.002581851980594 ], [ 116.317749137286199, 40.002584299935229 ], [ 116.317738685018199, 40.002587535039119 ], [ 116.317728685197565, 40.002591527368629 ], [ 116.31771923031944, 40.002596239996031 ], [ 116.317710407838419, 40.002601629331068 ], [ 116.317702299359723, 40.002607645524144 ], [ 116.317694979884351, 40.002614232927442 ], [ 116.3176885171153, 40.002621330609585 ], [ 116.317682970831427, 40.002628872919281 ], [ 116.317678392334386, 40.002636790092566 ], [ 116.317674823974173, 40.002645008898057 ], [ 116.317672298757387, 40.002653453314373 ], [ 116.317670840041885, 40.002662045233222 ], [ 116.317663857227032, 40.002727607475251 ], [ 116.315691205310657, 40.002578929814504 ], [ 116.315363943627275, 40.002322396514387 ], [ 116.315421746839419, 40.001981899908202 ], [ 116.315291025372616, 40.001981899908202 ], [ 116.315291025372616, 40.001872145195001 ], [ 116.315290980180563, 40.001872149231211 ], [ 116.315290980180563, 40.001982769965544 ], [ 116.315185311221569, 40.001982769965544 ], [ 116.315185163883285, 40.001983637861052 ], [ 116.315290934987786, 40.001983637861052 ], [ 116.315290934987786, 40.002342486155619 ], [ 116.315124244005958, 40.002342486155619 ], [ 116.315124235457077, 40.002342536512728 ], [ 116.31512329952352, 40.002351570205718 ] ] ], [ [ [ 116.321695431904473, 40.002330143774614 ], [ 116.32146066127919, 40.002330143774614 ], [ 116.321460587875336, 40.002331034888407 ], [ 116.321695358503447, 40.002331034888407 ], [ 116.321695431904473, 40.002330143774614 ] ] ], [ [ [ 116.322783465679763, 40.002165672281549 ], [ 116.322783465679763, 40.001985426737797 ], [ 116.321961014540321, 40.001969535397883 ], [ 116.321846980054531, 40.001969535397883 ], [ 116.321846980054531, 40.001967332032009 ], [ 116.321846934786294, 40.001967331157338 ], [ 116.321846934786294, 40.001970427582819 ], [ 116.321553466970329, 40.001970427582819 ], [ 116.321550771055698, 40.00197131869669 ], [ 116.321846889517346, 40.00197131869669 ], [ 116.321846889517346, 40.002147576260576 ], [ 116.322783465679763, 40.002165672281549 ] ] ] ] } },
{ "type": "Feature", "properties": { "arc_id": "(4, 5)", "length": 86.305237692401064 }, "geometry": { "type": "Polygon", "coordinates": [ [ [ 116.321546597683579, 40.004119319078768 ], [ 116.321545679373727, 40.004110505897721 ], [ 116.321543642193546, 40.004101804374756 ], [ 116.321540505762599, 40.004093298310238 ], [ 116.32153630028678, 40.004085069622114 ], [ 116.321531066267482, 40.004077197557066 ], [ 116.321524854111402, 40.004069757927233 ], [ 116.321517723645201, 40.004062822380178 ], [ 116.321509743539266, 40.004056457708856 ], [ 116.321500990646371, 40.004050725208351 ], [ 116.321491549261651, 40.004045680085639 ], [ 116.321481510310605, 40.004041370927808 ], [ 116.321470970473612, 40.004037839234321 ], [ 116.321460031254787, 40.004035119017132 ], [ 116.321448798004411, 40.004033236473376 ], [ 116.321437378904463, 40.004032209732856 ], [ 116.321425883926679, 40.004032048683634 ], [ 116.321414423773547, 40.004032754876683 ], [ 116.321403108812163, 40.004034321511007 ], [ 116.321392048011418, 40.004036733499113 ], [ 116.321381347892441, 40.004039967612307 ], [ 116.321371111502941, 40.004043992704453 ], [ 116.321361437424684, 40.004048770011806 ], [ 116.321352418824162, 40.004054253526462 ], [ 116.321344142555304, 40.004060390439314 ], [ 116.321336688323058, 40.004067121648738 ], [ 116.321330127915857, 40.004074382329627 ], [ 116.321324524514168, 40.004082102557838 ], [ 116.321319932081991, 40.004090207983488 ], [ 116.321316394847273, 40.004098620547012 ], [ 116.321313946875875, 40.004107259230949 ], [ 116.321312611743494, 40.004116040840096 ], [ 116.321248283374274, 40.004849937583309 ], [ 116.321378259414161, 40.004849937583309 ], [ 116.321378259414161, 40.004987012087454 ], [ 116.321387891451337, 40.004985678487763 ], [ 116.321398952405872, 40.004983266501732 ], [ 116.321409652671917, 40.004980032388644 ], [ 116.321419889199788, 40.0049760072949 ], [ 116.321429563405843, 40.004971229984484 ], [ 116.321438582121971, 40.004965746465643 ], [ 116.321446858492962, 40.004959609547846 ], [ 116.32145431281279, 40.0049528783331 ], [ 116.32146087329231, 40.004945617646854 ], [ 116.321466476750729, 40.004937897413676 ], [ 116.321471069223861, 40.00492979198372 ], [ 116.321474606483989, 40.004921379416864 ], [ 116.321477054465703, 40.004912740730816 ], [ 116.32147838959402, 40.004903959120931 ], [ 116.321483280679317, 40.004848156506981 ], [ 116.321378349951615, 40.004848156506981 ], [ 116.321378349951615, 40.004489331582242 ], [ 116.321514731595116, 40.004489331582242 ], [ 116.321514809700986, 40.004488440468897 ], [ 116.32137839521927, 40.004488440468897 ], [ 116.32137839521927, 40.004129615521776 ], [ 116.32154626061876, 40.004129615521776 ], [ 116.321546388278833, 40.004128159042153 ], [ 116.321546597683579, 40.004119319078768 ] ] ] } },
{ "type": "Feature", "properties": { "arc_id": "(4, 6)", "length": 588.63427914393867 }, "geometry": { "type": "Polygon", "coordinates": [ [ [ 116.321187434166561, 40.005694966027086 ], [ 116.321150536433706, 40.006189224364448 ], [ 116.321147837273173, 40.006225212352881 ], [ 116.321147798883757, 40.006225752393171 ], [ 116.321124721706923, 40.006569303889833 ], [ 116.321111248327711, 40.006743655548433 ], [ 116.321111210489036, 40.006744170039866 ], [ 116.321069809480804, 40.007337169990144 ], [ 116.321067143294613, 40.007375581794435 ], [ 116.321014399108449, 40.008000607749089 ], [ 116.320999312885633, 40.008170149667308 ], [ 116.320999202798703, 40.00817154591045 ], [ 116.320965001952317, 40.008669245869257 ], [ 116.320964994514071, 40.008678644741877 ], [ 116.320966260475231, 40.008687993065273 ], [ 116.320968786058515, 40.008697189099315 ], [ 116.320972543777899, 40.008706132761255 ], [ 116.320977492737626, 40.008714726714942 ], [ 116.320983579077293, 40.008722877430145 ], [ 116.320990736558088, 40.008730496200471 ], [ 116.321147036484618, 40.008879796321537 ], [ 116.321155655999078, 40.008887160966474 ], [ 116.321165275055733, 40.008893753243441 ], [ 116.322314250126311, 40.009597952141071 ], [ 116.322314250126311, 40.009523570698889 ], [ 116.322561796121178, 40.009523570698889 ], [ 116.322560652970864, 40.009522677523435 ], [ 116.32231429541514, 40.009522677523435 ], [ 116.32231429541514, 40.009367559637049 ], [ 116.321321446655773, 40.008759050438655 ], [ 116.321201362509839, 40.008644344530524 ], [ 116.321233149225989, 40.00818175242182 ], [ 116.321248186849331, 40.008012750197501 ], [ 116.321248214254979, 40.008012434032089 ], [ 116.321301013193477, 40.007386733970584 ], [ 116.321301092555416, 40.007385701854496 ], [ 116.321303791516229, 40.007346815870839 ], [ 116.321345171567359, 40.006754087129593 ], [ 116.321358651395499, 40.006579644317732 ], [ 116.321358701718665, 40.006578947516758 ], [ 116.321381782993896, 40.00623531755334 ], [ 116.321384462685003, 40.006199587525991 ], [ 116.321421363642088, 40.005705263467455 ], [ 116.321424267971125, 40.005665904237063 ], [ 116.321424281683335, 40.005665714885467 ], [ 116.321478480386531, 40.004902814820561 ], [ 116.321478543517003, 40.004893973525014 ], [ 116.3214774794546, 40.004885170044133 ], [ 116.32147529844724, 40.004876489160203 ], [ 116.321472021499616, 40.00486801447483 ], [ 116.321467680170926, 40.004859827603781 ], [ 116.321462316270811, 40.004852007391001 ], [ 116.321459009977161, 40.004848156506981 ], [ 116.321378349951615, 40.004848156506981 ], [ 116.321378349951615, 40.004808776728275 ], [ 116.321367891098049, 40.004807939928469 ], [ 116.321356394256142, 40.004807891368543 ], [ 116.321344946585199, 40.004808709639811 ], [ 116.321333658332065, 40.004810386861905 ], [ 116.321322638208429, 40.004812906882329 ], [ 116.321311992343709, 40.004816245431961 ], [ 116.321301823263113, 40.004820370358885 ], [ 116.321292228900148, 40.00482524193793 ], [ 116.321283301653679, 40.004830813253271 ], [ 116.321275127497799, 40.004837030650251 ], [ 116.321267785154134, 40.004843834252114 ], [ 116.321262418847283, 40.004849937583309 ], [ 116.321378259414161, 40.004849937583309 ], [ 116.321378259414161, 40.005208763635608 ], [ 116.321222084699897, 40.005208763635608 ], [ 116.32119032506202, 40.005655790315146 ], [ 116.321187434166561, 40.005694966027086 ] ] ] } },
{ "type": "Feature", "properties": { "arc_id": "(4, 7)", "length": 1350.0553319482083 }, "geometry": { "type": "MultiPolygon", "coordinates": [ [ [ [ 116.321546411939593, 40.004127882766305 ], [ 116.321608610677984, 40.003384182693765 ], [ 116.32166580198475, 40.002689859944951 ], [ 116.321431030243332, 40.002689859944951 ], [ 116.321374785710461, 40.003372660625615 ], [ 116.321312599636627, 40.004116178964139 ], [ 116.321248283374288, 40.004849937583309 ], [ 116.321378259414161, 40.004849937583309 ], [ 116.321378259414161, 40.004987012087454 ], [ 116.321387891451337, 40.004985678487763 ], [ 116.321398952405872, 40.004983266501732 ], [ 116.321409652671917, 40.004980032388644 ], [ 116.321419889199788, 40.0049760072949 ], [ 116.321429563405843, 40.004971229984484 ], [ 116.321438582121971, 40.004965746465643 ], [ 116.321446858492962, 40.004959609547846 ], [ 116.32145431281279, 40.0049528783331 ], [ 116.32146087329231, 40.004945617646854 ], [ 116.321466476750729, 40.004937897413676 ], [ 116.321471069223861, 40.00492979198372 ], [ 116.321474606483989, 40.004921379416864 ], [ 116.321477054465703, 40.004912740730816 ], [ 116.32147838959402, 40.004903959120931 ], [ 116.321483280679317, 40.004848156506981 ], [ 116.321378349951615, 40.004848156506981 ], [ 116.321378349951615, 40.004489331582242 ], [ 116.321514731595116, 40.004489331582242 ], [ 116.321514809700986, 40.004488440468897 ], [ 116.32137839521927, 40.004488440468897 ], [ 116.32137839521927, 40.004129615521776 ], [ 116.32154626061876, 40.004129615521776 ], [ 116.321546388278833, 40.004128159042153 ], [ 116.321546411939593, 40.004127882766305 ] ] ], [ [ [ 116.321695431775638, 40.002330143774614 ], [ 116.321460661244785, 40.002330143774614 ], [ 116.321460587840818, 40.002331034888407 ], [ 116.321695358374669, 40.002331034888407 ], [ 116.321695431775638, 40.002330143774614 ] ] ], [ [ [ 116.321729353274577, 40.001970427582819 ], [ 116.32149388084369, 40.001970427582819 ], [ 116.321493764762863, 40.00197131869669 ], [ 116.321729237196777, 40.00197131869669 ], [ 116.321729353274577, 40.001970427582819 ] ] ], [ [ [ 116.321776210432247, 40.001610711369722 ], [ 116.321540739224943, 40.001610711369722 ], [ 116.321540623144116, 40.001611602483671 ], [ 116.321776094354448, 40.001611602483671 ], [ 116.321776210432247, 40.001610711369722 ] ] ], [ [ [ 116.321820974526744, 40.001250995135507 ], [ 116.321585783807492, 40.001250995135507 ], [ 116.321585682515618, 40.00125188624952 ], [ 116.321820873237897, 40.00125188624952 ], [ 116.321820974526744, 40.001250995135507 ] ] ], [ [ [ 116.32184870313408, 40.001007045761206 ], [ 116.321848965057612, 40.001004235529052 ], [ 116.321891764058606, 40.000416235478028 ], [ 116.321936428710998, 39.999801230746264 ], [ 116.324028036101836, 39.999866719810825 ], [ 116.32457065292688, 39.999883620342402 ], [ 116.325601647335958, 39.999915820178593 ], [ 116.325613050502071, 39.999915749053322 ], [ 116.325624390648287, 39.999914825576219 ], [ 116.32563556031576, 39.99991305849813 ], [ 116.325646453661193, 39.99991046456379 ], [ 116.325656967459636, 39.999907068353259 ], [ 116.325667002082781, 39.999902902048859 ], [ 116.325676462443099, 39.999898005130362 ], [ 116.325685258894666, 39.99989242400072 ], [ 116.32569330808289, 39.999886211546496 ], [ 116.325700533734235, 39.999879426636603 ], [ 116.325706867379054, 39.999872133564537 ], [ 116.326173816906106, 39.999273249821691 ], [ 116.326188776728969, 39.999272967201399 ], [ 116.326200546063504, 39.999272287455341 ], [ 116.326212166729533, 39.999270700361798 ], [ 116.326223520768551, 39.999268222030921 ], [ 116.326234492928563, 39.999264877619659 ], [ 116.326244971834001, 39.999260701076253 ], [ 116.326254851116246, 39.999255734795781 ], [ 116.326264030493306, 39.999250029189646 ], [ 116.326272416787901, 39.999243642174001 ], [ 116.326279924873177, 39.99923663858177 ], [ 116.326286478536758, 39.999229089504624 ], [ 116.326292011254495, 39.999221071571199 ], [ 116.326296466865614, 39.999212666169392 ], [ 116.32629980014282, 39.999203958620143 ], [ 116.326301977251376, 39.999195037311367 ], [ 116.326302976092492, 39.999185992800811 ], [ 116.326327575153599, 39.998635192768461 ], [ 116.326360079016879, 39.997905476455543 ], [ 116.32666314542611, 39.997912552910279 ], [ 116.326755951122138, 39.997914655342349 ], [ 116.326756162731712, 39.997914659988822 ], [ 116.327934843545222, 39.997939714502124 ], [ 116.327934843545222, 39.997759457453654 ], [ 116.326762743068301, 39.997734542259387 ], [ 116.326670201769005, 39.997732445855497 ], [ 116.326250555113347, 39.997722647105405 ], [ 116.32623908972819, 39.997722811249794 ], [ 116.326227700146219, 39.997723836789554 ], [ 116.326216495512469, 39.997725713897026 ], [ 116.326205583199609, 39.997728424584103 ], [ 116.326195067779111, 39.99773194287463 ], [ 116.326185050019021, 39.997736235053196 ], [ 116.326175625918538, 39.997741259988373 ], [ 116.326166885787856, 39.997746969526766 ], [ 116.326158913382855, 39.997753308954493 ], [ 116.326151785102454, 39.997760217521503 ], [ 116.326145569256454, 39.997767629023734 ], [ 116.326140325410961, 39.997775472437546 ], [ 116.326136103817589, 39.997783672600256 ], [ 116.326132944931814, 39.997792150930522 ], [ 116.326130879025328, 39.997800826181248 ], [ 116.326129925895955, 39.997809615218337 ], [ 116.326093424678845, 39.998629011138597 ], [ 116.326072464645591, 39.999098294106304 ], [ 116.326068941229479, 39.999099061826719 ], [ 116.326057986466381, 39.999102394591475 ], [ 116.326047522337191, 39.999106556706955 ], [ 116.326037654669335, 39.999111506080261 ], [ 116.326028483258071, 39.999117192656684 ], [ 116.326020100857221, 39.999123558925866 ], [ 116.326012592241156, 39.999130540503536 ], [ 116.326006033347454, 39.999138066782542 ], [ 116.325541686976678, 39.999733610570466 ], [ 116.324580154000486, 39.999703579872723 ], [ 116.32403755231968, 39.999686679825501 ], [ 116.321830666774815, 39.999617580301262 ], [ 116.321819281370836, 39.999617649595322 ], [ 116.32180795848943, 39.999618568603999 ], [ 116.321796805091736, 39.999620328645889 ], [ 116.321785926537814, 39.999622913094889 ], [ 116.321775425591483, 39.99962629753707 ], [ 116.321765401449539, 39.999630450001455 ], [ 116.321755948804736, 39.999635331261956 ], [ 116.32174715695119, 39.999640895207925 ], [ 116.321739108941046, 39.999647089279769 ], [ 116.321731880799703, 39.999653854965374 ], [ 116.321725540807847, 39.999661128352926 ], [ 116.321720148856286, 39.999668840734593 ], [ 116.321715755880305, 39.999676919255542 ], [ 116.321712403378399, 39.999685287602226 ], [ 116.321710123020281, 39.999693866723206 ], [ 116.321708936347719, 39.999702575575981 ], [ 116.321657835555868, 40.000406169959149 ], [ 116.321622459215135, 40.000892169994415 ], [ 116.321847025322072, 40.000892169994415 ], [ 116.321847025322072, 40.001021806732957 ], [ 116.32184870313408, 40.001007045761206 ] ] ], [ [ [ 116.328259114490749, 39.997641279816172 ], [ 116.32802455250021, 39.997641279816172 ], [ 116.328024495654901, 39.997642178672919 ], [ 116.328259057648438, 39.997642178672919 ], [ 116.328259114490749, 39.997641279816172 ] ] ] ] } },
{ "type": "Feature", "properties": { "arc_id": "(4, 8)", "length": 790.64213612845242 }, "geometry": { "type": "MultiPolygon", "coordinates": [ [ [ [ 116.322184432853902, 40.005329679641953 ], [ 116.322193933519529, 40.005333552934331 ], [ 116.322203855975815, 40.005336740019096 ], [ 116.322214116629965, 40.005339214046323 ], [ 116.32222462903998, 40.005340954173235 ], [ 116.322235304642888, 40.005341945739978 ], [ 116.322944705566243, 40.005382545800281 ], [ 116.322950127501827, 40.005382759086196 ], [ 116.323311894403176, 40.005390532595634 ], [ 116.324278663094447, 40.005426986172118 ], [ 116.32427886440999, 40.005426993628717 ], [ 116.325054165424746, 40.005455193673754 ], [ 116.325054733221293, 40.005455213262913 ], [ 116.325471533767228, 40.005468813285091 ], [ 116.327133159884397, 40.00552290438926 ], [ 116.327909456050918, 40.005551093363593 ], [ 116.327947737515046, 40.005552492686455 ], [ 116.327949919383627, 40.005552556776514 ], [ 116.329080820867546, 40.005577656821366 ], [ 116.329092270213394, 40.005577480299671 ], [ 116.32910364245248, 40.005576445019372 ], [ 116.329114828928752, 40.005574560872006 ], [ 116.329125722761177, 40.005571845859684 ], [ 116.329136219864679, 40.005568325922958 ], [ 116.329146219944874, 40.005564034693016 ], [ 116.329155627456146, 40.005559013170377 ], [ 116.329164352514738, 40.005553309333131 ], [ 116.329172311757333, 40.005546977678478 ], [ 116.329179429137696, 40.00554007870214 ], [ 116.329185636653236, 40.005532678320243 ], [ 116.329190874994637, 40.005524847239563 ], [ 116.329195094112677, 40.005516660281963 ], [ 116.329198253696276, 40.005508195669499 ], [ 116.329200323557686, 40.005499534277028 ], [ 116.329201283920895, 40.005490758859558 ], [ 116.329214843834194, 40.005193523185788 ], [ 116.328980388786178, 40.005193523185788 ], [ 116.328971198520065, 40.005394960654456 ], [ 116.327957771925483, 40.005372467448765 ], [ 116.327920562518841, 40.005371107313998 ], [ 116.327143926347233, 40.005342906004216 ], [ 116.327143353791641, 40.005342886290848 ], [ 116.325481461005069, 40.005288786543098 ], [ 116.325064950692877, 40.005275196000355 ], [ 116.32429003623831, 40.005247010031304 ], [ 116.323322138155433, 40.005210513883981 ], [ 116.323319672011579, 40.005210440898146 ], [ 116.322959386662561, 40.005202699237564 ], [ 116.32227999467176, 40.005163816719808 ], [ 116.321584830730131, 40.004848156506981 ], [ 116.321378349951615, 40.004848156506981 ], [ 116.321378349951615, 40.004808790633163 ], [ 116.321368354770073, 40.00480796011837 ], [ 116.3213568582688, 40.004807876511016 ], [ 116.321345406469817, 40.004808659877966 ], [ 116.321334109659716, 40.004810302674969 ], [ 116.321323076632623, 40.004812789081029 ], [ 116.321312413642161, 40.004816095150822 ], [ 116.321302223378524, 40.004820189045169 ], [ 116.321292603979202, 40.004825031337795 ], [ 116.321283648084147, 40.004830575394891 ], [ 116.321275441943385, 40.004836767824337 ], [ 116.321268064586548, 40.004843548989811 ], [ 116.321262399348228, 40.004849937583309 ], [ 116.321378259414161, 40.004849937583309 ], [ 116.321378259414161, 40.004991148576522 ], [ 116.321461059558018, 40.005001210075825 ], [ 116.322184432853902, 40.005329679641953 ] ] ], [ [ [ 116.329236797445674, 40.004833807170122 ], [ 116.329002169542562, 40.004833807170122 ], [ 116.329002108616365, 40.00483470585074 ], [ 116.329236736522446, 40.00483470585074 ], [ 116.329236797445674, 40.004833807170122 ] ] ], [ [ [ 116.32933874114363, 40.004636017084145 ], [ 116.32933874114363, 40.00447409113184 ], [ 116.329386999431819, 40.00447409113184 ], [ 116.329378314725304, 40.004469696776631 ], [ 116.329368137097305, 40.004465584392825 ], [ 116.329357484327815, 40.004462258974179 ], [ 116.329346459008519, 40.004459752546147 ], [ 116.32933516731886, 40.004458089246931 ], [ 116.329323718003607, 40.004457285094951 ], [ 116.329144218238739, 40.004451485104418 ], [ 116.329132795354795, 40.004451544652625 ], [ 116.329121434312071, 40.004452459429643 ], [ 116.32911024312267, 40.004454220738474 ], [ 116.329099328183872, 40.004456811833919 ], [ 116.329088793266564, 40.004460208081838 ], [ 116.32907873852885, 40.004464377193287 ], [ 116.329069259563539, 40.004469279531513 ], [ 116.329060446489592, 40.004474868488821 ], [ 116.329060289271553, 40.004474989812408 ], [ 116.329338695778148, 40.004474989812408 ], [ 116.329338695778148, 40.004636024281346 ], [ 116.32933874114363, 40.004636017084145 ] ] ] ] } },
{ "type": "Feature", "properties": { "arc_id": "(4, 9)", "length": 532.21041849890264 }, "geometry": { "type": "MultiPolygon", "coordinates": [ [ [ [ 116.321187434166561, 40.005694966027086 ], [ 116.321150536433706, 40.006189224364448 ], [ 116.321147837273173, 40.006225212352881 ], [ 116.321147798883757, 40.006225752393171 ], [ 116.321124721706923, 40.006569303889833 ], [ 116.321111248327711, 40.006743655548433 ], [ 116.321111210489036, 40.006744170039866 ], [ 116.321069809480804, 40.007337169990144 ], [ 116.321067143294613, 40.007375581794435 ], [ 116.321014399108449, 40.008000607749089 ], [ 116.320999312885633, 40.008170149667308 ], [ 116.320999202798703, 40.00817154591045 ], [ 116.320965001952317, 40.008669245869257 ], [ 116.320964994514071, 40.008678644741877 ], [ 116.320966260475231, 40.008687993065273 ], [ 116.320968786058515, 40.008697189099315 ], [ 116.320972543777899, 40.008706132761255 ], [ 116.320977492737626, 40.008714726714942 ], [ 116.320983579077293, 40.008722877430145 ], [ 116.320990736558088, 40.008730496200471 ], [ 116.321073792395751, 40.008809832535349 ], [ 116.320829054801123, 40.008962291699859 ], [ 116.320686159626291, 40.009051288638105 ], [ 116.320499829373787, 40.009167416958533 ], [ 116.320872005708594, 40.009167416958533 ], [ 116.320976540576822, 40.009102311225952 ], [ 116.321312050197491, 40.008893305100528 ], [ 116.321320602238458, 40.008887421426842 ], [ 116.321328364759822, 40.008880922642163 ], [ 116.321335263296476, 40.008873871088916 ], [ 116.321341231671553, 40.008866334412097 ], [ 116.32134621263117, 40.008858384910482 ], [ 116.321350158393741, 40.008850098843006 ], [ 116.321353031108316, 40.008841555697188 ], [ 116.321354803217531, 40.008832837426745 ], [ 116.321355457722177, 40.008824027665199 ], [ 116.321354988344055, 40.008815210923792 ], [ 116.321353399586314, 40.008806471780638 ], [ 116.321350706690154, 40.008797894069467 ], [ 116.321346935488663, 40.008789560075378 ], [ 116.321342122158924, 40.008781549745429 ], [ 116.32133631287509, 40.008773939921852 ], [ 116.321329563365211, 40.008766803604793 ], [ 116.321201362509839, 40.008644344530524 ], [ 116.321233149225989, 40.00818175242182 ], [ 116.321248186849331, 40.008012750197501 ], [ 116.321248214254979, 40.008012434032089 ], [ 116.321301013193477, 40.007386733970584 ], [ 116.321301092555416, 40.007385701854496 ], [ 116.321303791516229, 40.007346815870839 ], [ 116.321345171567359, 40.006754087129593 ], [ 116.321358651395499, 40.006579644317732 ], [ 116.321358701718665, 40.006578947516758 ], [ 116.321381782993896, 40.00623531755334 ], [ 116.321384462685003, 40.006199587525991 ], [ 116.321421363642088, 40.005705263467455 ], [ 116.321424267971125, 40.005665904237063 ], [ 116.321424281683335, 40.005665714885467 ], [ 116.321478480386531, 40.004902814820561 ], [ 116.321478543517003, 40.004893973525014 ], [ 116.3214774794546, 40.004885170044133 ], [ 116.32147529844724, 40.004876489160203 ], [ 116.321472021499616, 40.00486801447483 ], [ 116.321467680170926, 40.004859827603781 ], [ 116.321462316270811, 40.004852007391001 ], [ 116.321459009977161, 40.004848156506981 ], [ 116.321378349951615, 40.004848156506981 ], [ 116.321378349951615, 40.004808776728275 ], [ 116.321367891098049, 40.004807939928469 ], [ 116.321356394256142, 40.004807891368543 ], [ 116.321344946585199, 40.004808709639811 ], [ 116.321333658332065, 40.004810386861905 ], [ 116.321322638208429, 40.004812906882329 ], [ 116.321311992343709, 40.004816245431961 ], [ 116.321301823263113, 40.004820370358885 ], [ 116.321292228900148, 40.00482524193793 ], [ 116.321283301653679, 40.004830813253271 ], [ 116.321275127497799, 40.004837030650251 ], [ 116.321267785154134, 40.004843834252114 ], [ 116.321262418847283, 40.004849937583309 ], [ 116.321378259414161, 40.004849937583309 ], [ 116.321378259414161, 40.005208763635608 ], [ 116.321222084699897, 40.005208763635608 ], [ 116.32119032506202, 40.005655790315146 ], [ 116.321187434166561, 40.005694966027086 ] ] ], [ [ [ 116.320441174839104, 40.00919985836348 ], [ 116.320441174839104, 40.009385575788421 ], [ 116.320441220105636, 40.009385567099372 ], [ 116.320441220105636, 40.009199849674438 ], [ 116.320441174839104, 40.00919985836348 ] ] ] ] } },
{ "type": "Feature", "properties": { "arc_id": "(4, 10)", "length": 445.24572213354492 }, "geometry": { "type": "MultiPolygon", "coordinates": [ [ [ [ 116.320230312195548, 40.004756972744801 ], [ 116.320228764628169, 40.004756888845783 ], [ 116.319433380190588, 40.004717833813345 ], [ 116.318635294726391, 40.004668989789572 ], [ 116.318213372393899, 40.004643212867087 ], [ 116.317805166848814, 40.004616139032592 ], [ 116.317804016718156, 40.004616067135693 ], [ 116.316807518014542, 40.004557567222378 ], [ 116.316796204629938, 40.004557324649241 ], [ 116.316784913600543, 40.004557922720558 ], [ 116.316773750301635, 40.004559355854731 ], [ 116.31676281891643, 40.004561610676788 ], [ 116.316752221463858, 40.00456466614326 ], [ 116.316742056846337, 40.004568493738518 ], [ 116.316732419926879, 40.004573057740906 ], [ 116.316723400643696, 40.004578315556145 ], [ 116.316715083170877, 40.004584218114815 ], [ 116.316707545132772, 40.004590710330277 ], [ 116.316700856879621, 40.00459773161289 ], [ 116.316695080830954, 40.004605216435287 ], [ 116.316690270893062, 40.004613094944084 ], [ 116.31668647195589, 40.004621293611706 ], [ 116.316683719474042, 40.004629735922606 ], [ 116.316682039135969, 40.004638343087393 ], [ 116.316681446624116, 40.004647034778067 ], [ 116.316680330355183, 40.004858756678587 ], [ 116.3166954630574, 40.004858756678587 ], [ 116.3166954630574, 40.005186742410544 ], [ 116.316695508271792, 40.005186800958725 ], [ 116.316695508271792, 40.004857882528903 ], [ 116.31691464629246, 40.004857882528903 ], [ 116.316915243147605, 40.00474460438204 ], [ 116.31778560796019, 40.00479569909146 ], [ 116.318193633653308, 40.004822761004448 ], [ 116.318194421724968, 40.004822811211184 ], [ 116.318616713725319, 40.004848610726945 ], [ 116.319415706286208, 40.004897510280117 ], [ 116.319417534311611, 40.004897611092794 ], [ 116.320213061203376, 40.004936673142609 ], [ 116.320441763248439, 40.004950242499376 ], [ 116.320441763248439, 40.004850826317309 ], [ 116.320909989665111, 40.004850826317309 ], [ 116.320909989665111, 40.004969767972824 ], [ 116.32091003492863, 40.004969769812597 ], [ 116.32091003492863, 40.004849937583309 ], [ 116.321378259414161, 40.004849937583309 ], [ 116.321378259414161, 40.004987067591031 ], [ 116.321378259840728, 40.004987067559952 ], [ 116.321389544222541, 40.004985374886942 ], [ 116.321400558522171, 40.004982839781917 ], [ 116.321411196665494, 40.004979486659408 ], [ 116.321421356201071, 40.004975347811921 ], [ 116.32143093928677, 40.004970463098957 ], [ 116.321439853632086, 40.00496487956314 ], [ 116.32144801338687, 40.004958650977102 ], [ 116.321455339968239, 40.004951837325734 ], [ 116.321461762817279, 40.004944504228334 ], [ 116.321467220078631, 40.004936722306859 ], [ 116.32147165919605, 40.004928566505555 ], [ 116.321475037418793, 40.004920115369387 ], [ 116.321477322213013, 40.004911450287516 ], [ 116.321478491575348, 40.004902654709483 ], [ 116.321478534244591, 40.004893813341532 ], [ 116.32147744981026, 40.004885011330892 ], [ 116.321475248716467, 40.004876333445715 ], [ 116.321471952161389, 40.00486786325871 ], [ 116.321467591892969, 40.004859682342314 ], [ 116.321462209903316, 40.004851869483133 ], [ 116.321459009661282, 40.004848156506981 ], [ 116.321378349951615, 40.004848156506981 ], [ 116.321378349951615, 40.004808770027012 ], [ 116.321367682896465, 40.00480793132386 ], [ 116.320483399071236, 40.004771988900146 ], [ 116.320230312195548, 40.004756972744801 ] ] ], [ [ [ 116.316735228777503, 40.005217598543084 ], [ 116.316856782605413, 40.005217598543084 ], [ 116.316858700874405, 40.00521672246218 ], [ 116.316733345451922, 40.00521672246218 ], [ 116.316735228777503, 40.005217598543084 ] ] ] ] } },
{ "type": "Feature", "properties": { "arc_id": "(4, 11)", "length": 1214.4337468859303 }, "geometry": { "type": "MultiPolygon", "coordinates": [ [ [ [ 116.321546411939593, 40.004127882766305 ], [ 116.321608610677984, 40.003384182693765 ], [ 116.32166580198475, 40.002689859944951 ], [ 116.321431030243332, 40.002689859944951 ], [ 116.321374785710461, 40.003372660625615 ], [ 116.321312599636627, 40.004116178964139 ], [ 116.321248283374288, 40.004849937583309 ], [ 116.321378259414161, 40.004849937583309 ], [ 116.321378259414161, 40.004987012087454 ], [ 116.321387891451337, 40.004985678487763 ], [ 116.321398952405872, 40.004983266501732 ], [ 116.321409652671917, 40.004980032388644 ], [ 116.321419889199788, 40.0049760072949 ], [ 116.321429563405843, 40.004971229984484 ], [ 116.321438582121971, 40.004965746465643 ], [ 116.321446858492962, 40.004959609547846 ], [ 116.32145431281279, 40.0049528783331 ], [ 116.32146087329231, 40.004945617646854 ], [ 116.321466476750729, 40.004937897413676 ], [ 116.321471069223861, 40.00492979198372 ], [ 116.321474606483989, 40.004921379416864 ], [ 116.321477054465703, 40.004912740730816 ], [ 116.32147838959402, 40.004903959120931 ], [ 116.321483280679317, 40.004848156506981 ], [ 116.321378349951615, 40.004848156506981 ], [ 116.321378349951615, 40.004489331582242 ], [ 116.321514731595116, 40.004489331582242 ], [ 116.321514809700986, 40.004488440468897 ], [ 116.32137839521927, 40.004488440468897 ], [ 116.32137839521927, 40.004129615521776 ], [ 116.32154626061876, 40.004129615521776 ], [ 116.321546388278833, 40.004128159042153 ], [ 116.321546411939593, 40.004127882766305 ] ] ], [ [ [ 116.321695431775638, 40.002330143774614 ], [ 116.321460661244785, 40.002330143774614 ], [ 116.321460587840818, 40.002331034888407 ], [ 116.321695358374669, 40.002331034888407 ], [ 116.321695431775638, 40.002330143774614 ] ] ], [ [ [ 116.321729353274577, 40.001970427582819 ], [ 116.32149388084369, 40.001970427582819 ], [ 116.321493764762863, 40.00197131869669 ], [ 116.321729237196777, 40.00197131869669 ], [ 116.321729353274577, 40.001970427582819 ] ] ], [ [ [ 116.321776210432247, 40.001610711369722 ], [ 116.321540739224943, 40.001610711369722 ], [ 116.321540623144116, 40.001611602483671 ], [ 116.321776094354448, 40.001611602483671 ], [ 116.321776210432247, 40.001610711369722 ] ] ], [ [ [ 116.321820974526744, 40.001250995135507 ], [ 116.321585783807492, 40.001250995135507 ], [ 116.321585682515618, 40.00125188624952 ], [ 116.321820873237897, 40.00125188624952 ], [ 116.321820974526744, 40.001250995135507 ] ] ], [ [ [ 116.32184870313408, 40.001007045761206 ], [ 116.321848965057612, 40.001004235529052 ], [ 116.321891764058606, 40.000416235478028 ], [ 116.321942863671055, 39.999712624306135 ], [ 116.321942972286649, 39.999710795002613 ], [ 116.321971531235363, 39.999091805110353 ], [ 116.321847342174792, 39.999091805110353 ], [ 116.321847342174792, 39.998732980918362 ], [ 116.321988086661918, 39.998732980918362 ], [ 116.322007988443175, 39.998301627454957 ], [ 116.322247859397351, 39.996806432591931 ], [ 116.322248704704577, 39.996797642565596 ], [ 116.322248429210049, 39.996788831076366 ], [ 116.322247035550888, 39.996780082458415 ], [ 116.322244537066155, 39.996771480444188 ], [ 116.322240957669081, 39.996763107362959 ], [ 116.3222363316182, 39.99675504335282 ], [ 116.322230703189419, 39.996747365593833 ], [ 116.322224126252351, 39.996740147569156 ], [ 116.322216663754531, 39.996733458361909 ], [ 116.322208387119147, 39.996727361993891 ], [ 116.322199375561354, 39.996721916812916 ], [ 116.322189715330055, 39.99671717493429 ], [ 116.322179498882548, 39.996713181742074 ], [ 116.322168823999576, 39.996709975454706 ], [ 116.32215779284941, 39.996707586759271 ], [ 116.32214651101016, 39.99670603851775 ], [ 116.322135086459141, 39.996705345548158 ], [ 116.321113879184438, 39.996681954221444 ], [ 116.321138763714188, 39.99642955960298 ], [ 116.32119938074311, 39.996073381486603 ], [ 116.321268583566692, 39.995726566706651 ], [ 116.321268766611865, 39.995725615533061 ], [ 116.3212806665058, 39.995661415520395 ], [ 116.321280790563392, 39.995660727242111 ], [ 116.321325590139395, 39.995404927194208 ], [ 116.321325717455011, 39.995404176402118 ], [ 116.321369587873676, 39.995136707197773 ], [ 116.321133454692685, 39.995136707197773 ], [ 116.321093344192974, 39.995381247879962 ], [ 116.321048669783409, 39.995636328318888 ], [ 116.321036921657182, 39.995699708388997 ], [ 116.320967615909481, 39.99604703310473 ], [ 116.320967251086245, 39.996049006795133 ], [ 116.320906050489157, 39.996408606729517 ], [ 116.320905395024752, 39.996413487563778 ], [ 116.320870994434685, 39.996762387524583 ], [ 116.320870696720391, 39.996771484256818 ], [ 116.320871593598824, 39.996780557687515 ], [ 116.320873675921234, 39.996789515256836 ], [ 116.320876922445919, 39.996798265586904 ], [ 116.320881300054864, 39.996806719413868 ], [ 116.320886764091583, 39.996814790498497 ], [ 116.32089325881671, 39.996822396505991 ], [ 116.3209007179765, 39.996829459845877 ], [ 116.320909065478759, 39.996835908463531 ], [ 116.320918216169076, 39.996841676575187 ], [ 116.320928076699431, 39.996846705339074 ], [ 116.320938546480505, 39.996850943455669 ], [ 116.320949518707806, 39.996854347690991 ], [ 116.320960881451285, 39.996856883317648 ], [ 116.320972518797035, 39.996858524469154 ], [ 116.320984312029864, 39.996859254403752 ], [ 116.321999595633955, 39.996882511168586 ], [ 116.321774838144862, 39.998283467032415 ], [ 116.321774030134392, 39.998291304964418 ], [ 116.321708869949816, 39.99970348980311 ], [ 116.321657835555868, 40.000406169959149 ], [ 116.321622459215135, 40.000892169994415 ], [ 116.321847025322072, 40.000892169994415 ], [ 116.321847025322072, 40.001021806732957 ], [ 116.32184870313408, 40.001007045761206 ] ] ], [ [ [ 116.321379571927935, 39.995075836407565 ], [ 116.321379571927935, 39.994786094291484 ], [ 116.321379526678825, 39.994786060972288 ], [ 116.321379526678825, 39.995076112282369 ], [ 116.321379571927935, 39.995075836407565 ] ] ], [ [ [ 116.321366113998664, 39.994777384281193 ], [ 116.321365310657569, 39.994776990611797 ], [ 116.321231659922802, 39.994776990611797 ], [ 116.321230007248914, 39.994777880577111 ], [ 116.321366936123155, 39.994777880577111 ], [ 116.321366113998664, 39.994777384281193 ] ] ] ] } },
{ "type": "Feature", "properties": { "arc_id": "(4, 12)", "length": 1107.9951165549285 }, "geometry": { "type": "MultiPolygon", "coordinates": [ [ [ [ 116.321546411939593, 40.004127882766305 ], [ 116.321608610677984, 40.003384182693765 ], [ 116.32166580198475, 40.002689859944951 ], [ 116.321431030243332, 40.002689859944951 ], [ 116.321374785710461, 40.003372660625615 ], [ 116.321312599636627, 40.004116178964139 ], [ 116.321248283374288, 40.004849937583309 ], [ 116.321378259414161, 40.004849937583309 ], [ 116.321378259414161, 40.004987012087454 ], [ 116.321387891451337, 40.004985678487763 ], [ 116.321398952405872, 40.004983266501732 ], [ 116.321409652671917, 40.004980032388644 ], [ 116.321419889199788, 40.0049760072949 ], [ 116.321429563405843, 40.004971229984484 ], [ 116.321438582121971, 40.004965746465643 ], [ 116.321446858492962, 40.004959609547846 ], [ 116.32145431281279, 40.0049528783331 ], [ 116.32146087329231, 40.004945617646854 ], [ 116.321466476750729, 40.004937897413676 ], [ 116.321471069223861, 40.00492979198372 ], [ 116.321474606483989, 40.004921379416864 ], [ 116.321477054465703, 40.004912740730816 ], [ 116.32147838959402, 40.004903959120931 ], [ 116.321483280679317, 40.004848156506981 ], [ 116.321378349951615, 40.004848156506981 ], [ 116.321378349951615, 40.004489331582242 ], [ 116.321514731595116, 40.004489331582242 ], [ 116.321514809700986, 40.004488440468897 ], [ 116.32137839521927, 40.004488440468897 ], [ 116.32137839521927, 40.004129615521776 ], [ 116.32154626061876, 40.004129615521776 ], [ 116.321546388278833, 40.004128159042153 ], [ 116.321546411939593, 40.004127882766305 ] ] ], [ [ [ 116.321695431775638, 40.002330143774614 ], [ 116.321460661244785, 40.002330143774614 ], [ 116.321460587840818, 40.002331034888407 ], [ 116.321695358374669, 40.002331034888407 ], [ 116.321695431775638, 40.002330143774614 ] ] ], [ [ [ 116.321729353274577, 40.001970427582819 ], [ 116.32149388084369, 40.001970427582819 ], [ 116.321493764762863, 40.00197131869669 ], [ 116.321729237196777, 40.00197131869669 ], [ 116.321729353274577, 40.001970427582819 ] ] ], [ [ [ 116.321776210432247, 40.001610711369722 ], [ 116.321540739224943, 40.001610711369722 ], [ 116.321540623144116, 40.001611602483671 ], [ 116.321776094354448, 40.001611602483671 ], [ 116.321776210432247, 40.001610711369722 ] ] ], [ [ [ 116.321820974526744, 40.001250995135507 ], [ 116.321585783807492, 40.001250995135507 ], [ 116.321585682515618, 40.00125188624952 ], [ 116.321820873237897, 40.00125188624952 ], [ 116.321820974526744, 40.001250995135507 ] ] ], [ [ [ 116.32184870313408, 40.001007045761206 ], [ 116.321848965057612, 40.001004235529052 ], [ 116.321891764058606, 40.000416235478028 ], [ 116.321942863671055, 39.999712624306135 ], [ 116.321942972286649, 39.999710795002613 ], [ 116.321971531233473, 39.999091805110353 ], [ 116.321847342174792, 39.999091805110353 ], [ 116.321847342174792, 39.998732980918362 ], [ 116.321988086658919, 39.998732980918362 ], [ 116.322008169878231, 39.99829769491739 ], [ 116.322008026053368, 39.998289012448105 ], [ 116.322006796120093, 39.998280380952401 ], [ 116.322004491503506, 39.998271880606936 ], [ 116.322001133611167, 39.998263590370058 ], [ 116.321996753634409, 39.99825558724848 ], [ 116.321991392258468, 39.998247945581873 ], [ 116.321985099284603, 39.998240736352436 ], [ 116.32197793316746, 39.998234026525452 ], [ 116.321969960472131, 39.998227878427372 ], [ 116.321961255255786, 39.998222349166802 ], [ 116.32195189837978, 39.998217490104025 ], [ 116.321941976758609, 39.998213346374079 ], [ 116.321931582552523, 39.99820995646725 ], [ 116.321920812311447, 39.998207351871784 ], [ 116.32190976607825, 39.998205556781301 ], [ 116.321898546459309, 39.998204587870056 ], [ 116.321887257671619, 39.998204454138047 ], [ 116.320944158909967, 39.9982282541175 ], [ 116.320943427099039, 39.998228274343703 ], [ 116.320721601847097, 39.998234939052239 ], [ 116.319908793892694, 39.998246801233719 ], [ 116.319436010585349, 39.998244906912333 ], [ 116.319421807596285, 39.998244850736427 ], [ 116.319403096627767, 39.997865356224231 ], [ 116.319397496850527, 39.997658274953032 ], [ 116.319163161333861, 39.997658274953032 ], [ 116.319168882532225, 39.997869873165179 ], [ 116.319168941332137, 39.997871413762823 ], [ 116.319191940536001, 39.998337913779089 ], [ 116.319192896939555, 39.998346481601459 ], [ 116.319194911084068, 39.998354940267653 ], [ 116.319197964620372, 39.998363212716129 ], [ 116.319202029730008, 39.998371223581863 ], [ 116.319207069378621, 39.99837889988288 ], [ 116.319213037653469, 39.998386171685233 ], [ 116.31921988018162, 39.998392972740056 ], [ 116.319227534625298, 39.998399241087135 ], [ 116.319235931249793, 39.998404919619468 ], [ 116.319244993558797, 39.99840995660341 ], [ 116.319254638991367, 39.99841430615011 ], [ 116.319264779673873, 39.998417928633501 ], [ 116.319275323220893, 39.998420791051338 ], [ 116.3192861735766, 39.998422867325878 ], [ 116.319297231890033, 39.998424138541445 ], [ 116.319308397415583, 39.998424593116738 ], [ 116.319434793416505, 39.998425093102313 ], [ 116.31990899003452, 39.998426993093929 ], [ 116.31991182194578, 39.998426978107069 ], [ 116.3207272230173, 39.998415078100578 ], [ 116.32072957261866, 39.998415025661075 ], [ 116.320952207045579, 39.998408336647543 ], [ 116.32176958197536, 39.998387709887027 ], [ 116.321708869949816, 39.99970348980311 ], [ 116.321657835555868, 40.000406169959149 ], [ 116.321622459215135, 40.000892169994415 ], [ 116.321847025322072, 40.000892169994415 ], [ 116.321847025322072, 40.001021806732957 ], [ 116.32184870313408, 40.001007045761206 ] ] ], [ [ [ 116.319414622285436, 39.997298558497818 ], [ 116.319178705988023, 39.997298558497818 ], [ 116.319178569968116, 39.997299443075086 ], [ 116.319414486268542, 39.997299443075086 ], [ 116.319414622285436, 39.997298558497818 ] ] ], [ [ [ 116.319462677293956, 39.996938842023468 ], [ 116.319234857299833, 39.996938842023468 ], [ 116.319234545199819, 39.99693972660085 ], [ 116.319462941617516, 39.99693972660085 ], [ 116.319462677293956, 39.996938842023468 ] ] ] ] } },
{ "type": "Feature", "properties": { "arc_id": "(4, 13)", "length": 910.40598505536434 }, "geometry": { "type": "MultiPolygon", "coordinates": [ [ [ [ 116.321546411939593, 40.004127882766305 ], [ 116.321608610677984, 40.003384182693765 ], [ 116.32166580198475, 40.002689859944951 ], [ 116.321431030243332, 40.002689859944951 ], [ 116.321374785710461, 40.003372660625615 ], [ 116.321312599636627, 40.004116178964139 ], [ 116.321248283374288, 40.004849937583309 ], [ 116.321378259414161, 40.004849937583309 ], [ 116.321378259414161, 40.004987012087454 ], [ 116.321387891451337, 40.004985678487763 ], [ 116.321398952405872, 40.004983266501732 ], [ 116.321409652671917, 40.004980032388644 ], [ 116.321419889199788, 40.0049760072949 ], [ 116.321429563405843, 40.004971229984484 ], [ 116.321438582121971, 40.004965746465643 ], [ 116.321446858492962, 40.004959609547846 ], [ 116.32145431281279, 40.0049528783331 ], [ 116.32146087329231, 40.004945617646854 ], [ 116.321466476750729, 40.004937897413676 ], [ 116.321471069223861, 40.00492979198372 ], [ 116.321474606483989, 40.004921379416864 ], [ 116.321477054465703, 40.004912740730816 ], [ 116.32147838959402, 40.004903959120931 ], [ 116.321483280679317, 40.004848156506981 ], [ 116.321378349951615, 40.004848156506981 ], [ 116.321378349951615, 40.004489331582242 ], [ 116.321514731595116, 40.004489331582242 ], [ 116.321514809700986, 40.004488440468897 ], [ 116.32137839521927, 40.004488440468897 ], [ 116.32137839521927, 40.004129615521776 ], [ 116.32154626061876, 40.004129615521776 ], [ 116.321546388278833, 40.004128159042153 ], [ 116.321546411939593, 40.004127882766305 ] ] ], [ [ [ 116.321695431775638, 40.002330143774614 ], [ 116.321460661244785, 40.002330143774614 ], [ 116.321460587840818, 40.002331034888407 ], [ 116.321695358374669, 40.002331034888407 ], [ 116.321695431775638, 40.002330143774614 ] ] ], [ [ [ 116.321729353274577, 40.001970427582819 ], [ 116.32149388084369, 40.001970427582819 ], [ 116.321493764762863, 40.00197131869669 ], [ 116.321729237196777, 40.00197131869669 ], [ 116.321729353274577, 40.001970427582819 ] ] ], [ [ [ 116.321776210432247, 40.001610711369722 ], [ 116.321540739224943, 40.001610711369722 ], [ 116.321540623144116, 40.001611602483671 ], [ 116.321776094354448, 40.001611602483671 ], [ 116.321776210432247, 40.001610711369722 ] ] ], [ [ [ 116.321820974526744, 40.001250995135507 ], [ 116.321585783807492, 40.001250995135507 ], [ 116.321585682515618, 40.00125188624952 ], [ 116.321820873237897, 40.00125188624952 ], [ 116.321820974526744, 40.001250995135507 ] ] ], [ [ [ 116.32184870313408, 40.001007045761206 ], [ 116.321848965057612, 40.001004235529052 ], [ 116.321891764058606, 40.000416235478028 ], [ 116.321936428710998, 39.999801230746264 ], [ 116.324028036101836, 39.999866719810825 ], [ 116.324039650358174, 39.999866640164846 ], [ 116.324051197274187, 39.999865676391892 ], [ 116.324062563341471, 39.999863837966025 ], [ 116.324073636829368, 39.999861142959332 ], [ 116.324084308883414, 39.99985761786423 ], [ 116.324094474595313, 39.999853297333082 ], [ 116.324104034034363, 39.999848223837532 ], [ 116.324112893229568, 39.999842447250991 ], [ 116.32412096509357, 39.999836024358338 ], [ 116.324128170278726, 39.99982901829781 ], [ 116.324134437957056, 39.999821497940239 ], [ 116.324139706516476, 39.999813537212063 ], [ 116.324143924166464, 39.999805214368614 ], [ 116.32414704944722, 39.999796611224852 ], [ 116.324149051637107, 39.999787812351137 ], [ 116.324149911054704, 39.999778904241808 ], [ 116.324171888590385, 39.999088227244449 ], [ 116.323937528589241, 39.999088227244449 ], [ 116.323918602108193, 39.999682956464547 ], [ 116.321830666774815, 39.999617580301262 ], [ 116.321819281370836, 39.999617649595322 ], [ 116.32180795848943, 39.999618568603999 ], [ 116.321796805091736, 39.999620328645889 ], [ 116.321785926537814, 39.999622913094889 ], [ 116.321775425591483, 39.99962629753707 ], [ 116.321765401449539, 39.999630450001455 ], [ 116.321755948804736, 39.999635331261956 ], [ 116.32174715695119, 39.999640895207925 ], [ 116.321739108941046, 39.999647089279769 ], [ 116.321731880799703, 39.999653854965374 ], [ 116.321725540807847, 39.999661128352926 ], [ 116.321720148856286, 39.999668840734593 ], [ 116.321715755880305, 39.999676919255542 ], [ 116.321712403378399, 39.999685287602226 ], [ 116.321710123020281, 39.999693866723206 ], [ 116.321708936347719, 39.999702575575981 ], [ 116.321657835555868, 40.000406169959149 ], [ 116.321622459215135, 40.000892169994415 ], [ 116.321847025322072, 40.000892169994415 ], [ 116.321847025322072, 40.001021806732957 ], [ 116.32184870313408, 40.001007045761206 ] ] ], [ [ [ 116.323720352820445, 39.998839950584241 ], [ 116.323720352820445, 39.999020290475613 ], [ 116.323720398105479, 39.999020291902056 ], [ 116.323720398105479, 39.998839952010663 ], [ 116.323720352820445, 39.998839950584241 ] ] ] ] } },
{ "type": "Feature", "properties": { "arc_id": "(4, 14)", "length": 316.46351705955442 }, "geometry": { "type": "MultiPolygon", "coordinates": [ [ [ [ 116.321546411939593, 40.004127882766305 ], [ 116.321608610677984, 40.003384182693765 ], [ 116.321665801983229, 40.002689859944951 ], [ 116.321431030243332, 40.002689859944951 ], [ 116.321374785710461, 40.003372660625615 ], [ 116.321312599636627, 40.004116178964139 ], [ 116.321248283374288, 40.004849937583309 ], [ 116.321378259414161, 40.004849937583309 ], [ 116.321378259414161, 40.004987012087454 ], [ 116.321387891451337, 40.004985678487763 ], [ 116.321398952405872, 40.004983266501732 ], [ 116.321409652671917, 40.004980032388644 ], [ 116.321419889199788, 40.0049760072949 ], [ 116.321429563405843, 40.004971229984484 ], [ 116.321438582121971, 40.004965746465643 ], [ 116.321446858492962, 40.004959609547846 ], [ 116.32145431281279, 40.0049528783331 ], [ 116.32146087329231, 40.004945617646854 ], [ 116.321466476750729, 40.004937897413676 ], [ 116.321471069223861, 40.00492979198372 ], [ 116.321474606483989, 40.004921379416864 ], [ 116.321477054465703, 40.004912740730816 ], [ 116.32147838959402, 40.004903959120931 ], [ 116.321483280679317, 40.004848156506981 ], [ 116.321378349951615, 40.004848156506981 ], [ 116.321378349951615, 40.004489331582242 ], [ 116.321514731595116, 40.004489331582242 ], [ 116.321514809700986, 40.004488440468897 ], [ 116.32137839521927, 40.004488440468897 ], [ 116.32137839521927, 40.004129615521776 ], [ 116.32154626061876, 40.004129615521776 ], [ 116.321546388278833, 40.004128159042153 ], [ 116.321546411939593, 40.004127882766305 ] ] ], [ [ [ 116.321695431773307, 40.002330143774614 ], [ 116.321460661244785, 40.002330143774614 ], [ 116.321460587840818, 40.002331034888407 ], [ 116.321695358372338, 40.002331034888407 ], [ 116.321695431773307, 40.002330143774614 ] ] ], [ [ [ 116.321648312892265, 40.001970427582819 ], [ 116.321553267357032, 40.001970427582819 ], [ 116.321552318101851, 40.001970717915889 ], [ 116.321550805390956, 40.00197131869669 ], [ 116.321651001839172, 40.00197131869669 ], [ 116.321648312892265, 40.001970427582819 ] ] ] ] } },
{ "type": "Feature", "properties": { "arc_id": "(4, 15)", "length": 445.84510038751199 }, "geometry": { "type": "MultiPolygon", "coordinates": [ [ [ [ 116.321546411939593, 40.004127882766305 ], [ 116.321608610677984, 40.003384182693765 ], [ 116.321665802064217, 40.002689859944951 ], [ 116.321431030243332, 40.002689859944951 ], [ 116.321374785710461, 40.003372660625615 ], [ 116.321312599636627, 40.004116178964139 ], [ 116.321248283374288, 40.004849937583309 ], [ 116.321378259414161, 40.004849937583309 ], [ 116.321378259414161, 40.004987012087454 ], [ 116.321387891451337, 40.004985678487763 ], [ 116.321398952405872, 40.004983266501732 ], [ 116.321409652671917, 40.004980032388644 ], [ 116.321419889199788, 40.0049760072949 ], [ 116.321429563405843, 40.004971229984484 ], [ 116.321438582121971, 40.004965746465643 ], [ 116.321446858492962, 40.004959609547846 ], [ 116.32145431281279, 40.0049528783331 ], [ 116.32146087329231, 40.004945617646854 ], [ 116.321466476750729, 40.004937897413676 ], [ 116.321471069223861, 40.00492979198372 ], [ 116.321474606483989, 40.004921379416864 ], [ 116.321477054465703, 40.004912740730816 ], [ 116.32147838959402, 40.004903959120931 ], [ 116.321483280679317, 40.004848156506981 ], [ 116.321378349951615, 40.004848156506981 ], [ 116.321378349951615, 40.004489331582242 ], [ 116.321514731595116, 40.004489331582242 ], [ 116.321514809700986, 40.004488440468897 ], [ 116.32137839521927, 40.004488440468897 ], [ 116.32137839521927, 40.004129615521776 ], [ 116.32154626061876, 40.004129615521776 ], [ 116.321546388278833, 40.004128159042153 ], [ 116.321546411939593, 40.004127882766305 ] ] ], [ [ [ 116.321695431896259, 40.002330143774614 ], [ 116.321460661244785, 40.002330143774614 ], [ 116.321460587840818, 40.002331034888407 ], [ 116.321695358495191, 40.002331034888407 ], [ 116.321695431896259, 40.002330143774614 ] ] ], [ [ [ 116.322783465679763, 40.002165672281549 ], [ 116.322783465679763, 40.001985426737797 ], [ 116.321961014540321, 40.001969535397883 ], [ 116.321846980054531, 40.001969535397883 ], [ 116.321846980054531, 40.001967332032009 ], [ 116.321846934786294, 40.001967331157338 ], [ 116.321846934786294, 40.001970427582819 ], [ 116.321553466970329, 40.001970427582819 ], [ 116.321550771055698, 40.00197131869669 ], [ 116.321846889517346, 40.00197131869669 ], [ 116.321846889517346, 40.002147576260576 ], [ 116.322783465679763, 40.002165672281549 ] ] ] ] } },
{ "type": "Feature", "properties": { "arc_id": "(5, 6)", "length": 674.93951683633964 }, "geometry": { "type": "Polygon", "coordinates": [ [ [ 116.32119032506202, 40.005655790315146 ], [ 116.321187434166561, 40.005694966027086 ], [ 116.321150536433706, 40.006189224364448 ], [ 116.321147837273173, 40.006225212352881 ], [ 116.321147798883757, 40.006225752393171 ], [ 116.321124721706923, 40.006569303889833 ], [ 116.321111248327711, 40.006743655548433 ], [ 116.321111210489036, 40.006744170039866 ], [ 116.321069809480804, 40.007337169990144 ], [ 116.321067143294613, 40.007375581794435 ], [ 116.321014399108449, 40.008000607749089 ], [ 116.320999312885633, 40.008170149667308 ], [ 116.320999202798703, 40.00817154591045 ], [ 116.320965001952317, 40.008669245869257 ], [ 116.320964994514071, 40.008678644741877 ], [ 116.320966260475231, 40.008687993065273 ], [ 116.320968786058515, 40.008697189099315 ], [ 116.320972543777899, 40.008706132761255 ], [ 116.320977492737626, 40.008714726714942 ], [ 116.320983579077293, 40.008722877430145 ], [ 116.320990736558088, 40.008730496200471 ], [ 116.321147036484618, 40.008879796321537 ], [ 116.321155655999078, 40.008887160966474 ], [ 116.321165275055733, 40.008893753243441 ], [ 116.322314250126311, 40.009597952141071 ], [ 116.322314250126311, 40.009523570698889 ], [ 116.322561796121178, 40.009523570698889 ], [ 116.322560652970864, 40.009522677523435 ], [ 116.32231429541514, 40.009522677523435 ], [ 116.32231429541514, 40.009367559637049 ], [ 116.321321446655773, 40.008759050438655 ], [ 116.321201362509839, 40.008644344530524 ], [ 116.321233149225989, 40.00818175242182 ], [ 116.321248186849331, 40.008012750197501 ], [ 116.321248214254979, 40.008012434032089 ], [ 116.321301013193477, 40.007386733970584 ], [ 116.321301092555416, 40.007385701854496 ], [ 116.321303791516229, 40.007346815870839 ], [ 116.321345171567359, 40.006754087129593 ], [ 116.321358651395499, 40.006579644317732 ], [ 116.321358701718665, 40.006578947516758 ], [ 116.321381782993896, 40.00623531755334 ], [ 116.321384462685003, 40.006199587525991 ], [ 116.321421363642088, 40.005705263467455 ], [ 116.321424267971125, 40.005665904237063 ], [ 116.321424281683335, 40.005665714885467 ], [ 116.32147843972399, 40.004903387192869 ], [ 116.321483280679885, 40.004848156506981 ], [ 116.321378349951615, 40.004848156506981 ], [ 116.321378349951615, 40.004489331582242 ], [ 116.321514731595414, 40.004489331582242 ], [ 116.32151480970127, 40.004488440468897 ], [ 116.32137839521927, 40.004488440468897 ], [ 116.32137839521927, 40.004129615521776 ], [ 116.32154626061876, 40.004129615521776 ], [ 116.321546388278833, 40.004128159042153 ], [ 116.321546597683579, 40.004119319078768 ], [ 116.321545679373727, 40.004110505897721 ], [ 116.321543642193546, 40.004101804374756 ], [ 116.321540505762599, 40.004093298310238 ], [ 116.32153630028678, 40.004085069622114 ], [ 116.321531066267482, 40.004077197557066 ], [ 116.321524854111402, 40.004069757927233 ], [ 116.321517723645201, 40.004062822380178 ], [ 116.321509743539266, 40.004056457708856 ], [ 116.321500990646371, 40.004050725208351 ], [ 116.321491549261651, 40.004045680085639 ], [ 116.321481510310605, 40.004041370927808 ], [ 116.321470970473612, 40.004037839234321 ], [ 116.321460031254787, 40.004035119017132 ], [ 116.321448798004411, 40.004033236473376 ], [ 116.321437378904463, 40.004032209732856 ], [ 116.321425883926679, 40.004032048683634 ], [ 116.321414423773547, 40.004032754876683 ], [ 116.321403108812163, 40.004034321511007 ], [ 116.321392048011418, 40.004036733499113 ], [ 116.321381347892441, 40.004039967612307 ], [ 116.321371111502941, 40.004043992704453 ], [ 116.321361437424684, 40.004048770011806 ], [ 116.321352418824162, 40.004054253526462 ], [ 116.321344142555304, 40.004060390439314 ], [ 116.321336688323058, 40.004067121648738 ], [ 116.321330127915857, 40.004074382329627 ], [ 116.321324524514168, 40.004082102557838 ], [ 116.321319932081991, 40.004090207983488 ], [ 116.321316394847273, 40.004098620547012 ], [ 116.321313946875875, 40.004107259230949 ], [ 116.321312611743494, 40.004116040840096 ], [ 116.321248283374274, 40.004849937583309 ], [ 116.321378259414161, 40.004849937583309 ], [ 116.321378259414161, 40.005208763635608 ], [ 116.321222084699897, 40.005208763635608 ], [ 116.32119032506202, 40.005655790315146 ] ] ] } },
{ "type": "Feature", "properties": { "arc_id": "(5, 7)", "length": 1263.7500942558072 }, "geometry": { "type": "MultiPolygon", "coordinates": [ [ [ [ 116.32166580198475, 40.002689859944951 ], [ 116.321431030243332, 40.002689859944951 ], [ 116.321374785710461, 40.003372660625615 ], [ 116.321312588081824, 40.004116317115894 ], [ 116.321312413973857, 40.004125157531838 ], [ 116.321313367468477, 40.004133968502622 ], [ 116.321315439383397, 40.004142665173767 ], [ 116.32131860976537, 40.004151163791533 ], [ 116.321322848082261, 40.004159382509485 ], [ 116.321328113517069, 40.004167242176777 ], [ 116.32133435536106, 40.004174667100365 ], [ 116.321341513502034, 40.004181585774042 ], [ 116.321349519003249, 40.004187931567024 ], [ 116.321358294767407, 40.00419364336571 ], [ 116.321367756279031, 40.004198666162196 ], [ 116.321377812418461, 40.00420295158402 ], [ 116.32137839521927, 40.004203145232616 ], [ 116.32137839521927, 40.004129615521776 ], [ 116.32154615551849, 40.004129615521776 ], [ 116.321546411939593, 40.004127882766305 ], [ 116.321608610677984, 40.003384182693765 ], [ 116.32166580198475, 40.002689859944951 ] ] ], [ [ [ 116.321695431775638, 40.002330143774614 ], [ 116.321460661244785, 40.002330143774614 ], [ 116.321460587840818, 40.002331034888407 ], [ 116.321695358374669, 40.002331034888407 ], [ 116.321695431775638, 40.002330143774614 ] ] ], [ [ [ 116.321729353274577, 40.001970427582819 ], [ 116.32149388084369, 40.001970427582819 ], [ 116.321493764762863, 40.00197131869669 ], [ 116.321729237196777, 40.00197131869669 ], [ 116.321729353274577, 40.001970427582819 ] ] ], [ [ [ 116.321776210432247, 40.001610711369722 ], [ 116.321540739224943, 40.001610711369722 ], [ 116.321540623144116, 40.001611602483671 ], [ 116.321776094354448, 40.001611602483671 ], [ 116.321776210432247, 40.001610711369722 ] ] ], [ [ [ 116.321820974526744, 40.001250995135507 ], [ 116.321585783807492, 40.001250995135507 ], [ 116.321585682515618, 40.00125188624952 ], [ 116.321820873237897, 40.00125188624952 ], [ 116.321820974526744, 40.001250995135507 ] ] ], [ [ [ 116.32184870313408, 40.001007045761206 ], [ 116.321848965057612, 40.001004235529052 ], [ 116.321891764058606, 40.000416235478028 ], [ 116.321936428710998, 39.999801230746264 ], [ 116.324028036101836, 39.999866719810825 ], [ 116.32457065292688, 39.999883620342402 ], [ 116.325601647335958, 39.999915820178593 ], [ 116.325613050502071, 39.999915749053322 ], [ 116.325624390648287, 39.999914825576219 ], [ 116.32563556031576, 39.99991305849813 ], [ 116.325646453661193, 39.99991046456379 ], [ 116.325656967459636, 39.999907068353259 ], [ 116.325667002082781, 39.999902902048859 ], [ 116.325676462443099, 39.999898005130362 ], [ 116.325685258894666, 39.99989242400072 ], [ 116.32569330808289, 39.999886211546496 ], [ 116.325700533734235, 39.999879426636603 ], [ 116.325706867379054, 39.999872133564537 ], [ 116.326173816906106, 39.999273249821691 ], [ 116.326188776728969, 39.999272967201399 ], [ 116.326200546063504, 39.999272287455341 ], [ 116.326212166729533, 39.999270700361798 ], [ 116.326223520768551, 39.999268222030921 ], [ 116.326234492928563, 39.999264877619659 ], [ 116.326244971834001, 39.999260701076253 ], [ 116.326254851116246, 39.999255734795781 ], [ 116.326264030493306, 39.999250029189646 ], [ 116.326272416787901, 39.999243642174001 ], [ 116.326279924873177, 39.99923663858177 ], [ 116.326286478536758, 39.999229089504624 ], [ 116.326292011254495, 39.999221071571199 ], [ 116.326296466865614, 39.999212666169392 ], [ 116.32629980014282, 39.999203958620143 ], [ 116.326301977251376, 39.999195037311367 ], [ 116.326302976092492, 39.999185992800811 ], [ 116.326327575153599, 39.998635192768461 ], [ 116.326360079016879, 39.997905476455543 ], [ 116.32666314542611, 39.997912552910279 ], [ 116.326755951122138, 39.997914655342349 ], [ 116.326756162731712, 39.997914659988822 ], [ 116.327934843545222, 39.997939714502124 ], [ 116.327934843545222, 39.997759457453654 ], [ 116.326762743068301, 39.997734542259387 ], [ 116.326670201769005, 39.997732445855497 ], [ 116.326250555113347, 39.997722647105405 ], [ 116.32623908972819, 39.997722811249794 ], [ 116.326227700146219, 39.997723836789554 ], [ 116.326216495512469, 39.997725713897026 ], [ 116.326205583199609, 39.997728424584103 ], [ 116.326195067779111, 39.99773194287463 ], [ 116.326185050019021, 39.997736235053196 ], [ 116.326175625918538, 39.997741259988373 ], [ 116.326166885787856, 39.997746969526766 ], [ 116.326158913382855, 39.997753308954493 ], [ 116.326151785102454, 39.997760217521503 ], [ 116.326145569256454, 39.997767629023734 ], [ 116.326140325410961, 39.997775472437546 ], [ 116.326136103817589, 39.997783672600256 ], [ 116.326132944931814, 39.997792150930522 ], [ 116.326130879025328, 39.997800826181248 ], [ 116.326129925895955, 39.997809615218337 ], [ 116.326093424678845, 39.998629011138597 ], [ 116.326072464645591, 39.999098294106304 ], [ 116.326068941229479, 39.999099061826719 ], [ 116.326057986466381, 39.999102394591475 ], [ 116.326047522337191, 39.999106556706955 ], [ 116.326037654669335, 39.999111506080261 ], [ 116.326028483258071, 39.999117192656684 ], [ 116.326020100857221, 39.999123558925866 ], [ 116.326012592241156, 39.999130540503536 ], [ 116.326006033347454, 39.999138066782542 ], [ 116.325541686976678, 39.999733610570466 ], [ 116.324580154000486, 39.999703579872723 ], [ 116.32403755231968, 39.999686679825501 ], [ 116.321830666774815, 39.999617580301262 ], [ 116.321819281370836, 39.999617649595322 ], [ 116.32180795848943, 39.999618568603999 ], [ 116.321796805091736, 39.999620328645889 ], [ 116.321785926537814, 39.999622913094889 ], [ 116.321775425591483, 39.99962629753707 ], [ 116.321765401449539, 39.999630450001455 ], [ 116.321755948804736, 39.999635331261956 ], [ 116.32174715695119, 39.999640895207925 ], [ 116.321739108941046, 39.999647089279769 ], [ 116.321731880799703, 39.999653854965374 ], [ 116.321725540807847, 39.999661128352926 ], [ 116.321720148856286, 39.999668840734593 ], [ 116.321715755880305, 39.999676919255542 ], [ 116.321712403378399, 39.999685287602226 ], [ 116.321710123020281, 39.999693866723206 ], [ 116.321708936347719, 39.999702575575981 ], [ 116.321657835555868, 40.000406169959149 ], [ 116.321622459215135, 40.000892169994415 ], [ 116.321847025322072, 40.000892169994415 ], [ 116.321847025322072, 40.001021806732957 ], [ 116.32184870313408, 40.001007045761206 ] ] ], [ [ [ 116.328259114490749, 39.997641279816172 ], [ 116.32802455250021, 39.997641279816172 ], [ 116.328024495654901, 39.997642178672919 ], [ 116.328259057648438, 39.997642178672919 ], [ 116.328259114490749, 39.997641279816172 ] ] ] ] } },
{ "type": "Feature", "properties": { "arc_id": "(5, 8)", "length": 851.07741681054301 }, "geometry": { "type": "Polygon", "coordinates": [ [ [ 116.321728625998915, 40.003475314329982 ], [ 116.322393092092994, 40.003499790984257 ], [ 116.32322298497202, 40.003530390730411 ], [ 116.324365621546008, 40.00357258840031 ], [ 116.325108057892237, 40.003600586007501 ], [ 116.325274853284, 40.003606885835204 ], [ 116.325275127026472, 40.00360689592739 ], [ 116.326940688042015, 40.003666787352984 ], [ 116.327229247304203, 40.003678077936222 ], [ 116.327229610921577, 40.0036780917276 ], [ 116.327879101309648, 40.003701946039392 ], [ 116.327843220044983, 40.004476592821241 ], [ 116.327843376491785, 40.004485451330531 ], [ 116.327844663537633, 40.004494255194487 ], [ 116.327847068737796, 40.004502919283588 ], [ 116.327850568835473, 40.004511359819894 ], [ 116.327855129986602, 40.004519495186969 ], [ 116.327860708087201, 40.004527246719356 ], [ 116.32786724919967, 40.004534539462938 ], [ 116.327874690074523, 40.004541302899995 ], [ 116.327882958761862, 40.004547471630907 ], [ 116.327891975307097, 40.004552986006559 ], [ 116.327901652524133, 40.004557792705235 ], [ 116.327911896838387, 40.004561845248126 ], [ 116.32792260919156, 40.004565104448773 ], [ 116.327933685999596, 40.004567538792045 ], [ 116.327945020154345, 40.004569124738822 ], [ 116.327956502059024, 40.004569846953615 ], [ 116.327999944157114, 40.004570930543963 ], [ 116.328644687177388, 40.004592590903584 ], [ 116.328870488316952, 40.00461061782481 ], [ 116.328870488316952, 40.004474989812408 ], [ 116.329338695778148, 40.004474989812408 ], [ 116.329338695778148, 40.004636024281346 ], [ 116.32933874114363, 40.004636017084145 ], [ 116.32933874114363, 40.00447409113184 ], [ 116.329386999431819, 40.00447409113184 ], [ 116.329378314725304, 40.004469696776631 ], [ 116.329368137097305, 40.004465584392825 ], [ 116.329357484327815, 40.004462258974179 ], [ 116.329346459008519, 40.004459752546147 ], [ 116.32933516731886, 40.004458089246931 ], [ 116.329323718003607, 40.004457285094951 ], [ 116.329147815616224, 40.004451601345508 ], [ 116.328665397549543, 40.004413087308158 ], [ 116.328658412656338, 40.004412691515753 ], [ 116.328081534373936, 40.004393311293938 ], [ 116.328117378495364, 40.003619407008443 ], [ 116.328117228984695, 40.003610634448449 ], [ 116.328115970670709, 40.003601914665524 ], [ 116.32811361548606, 40.003593330346767 ], [ 116.3281101857647, 40.003584962894713 ], [ 116.328105714029945, 40.003576891655435 ], [ 116.328100242686332, 40.003569193165966 ], [ 116.328093823617237, 40.003561940428753 ], [ 116.328086517692967, 40.003555202219239 ], [ 116.32807839419354, 40.003549042433747 ], [ 116.328069530151794, 40.00354351948355 ], [ 116.328060009622732, 40.003538685741027 ], [ 116.32804992288662, 40.003534587043021 ], [ 116.328039365592801, 40.003531262256146 ], [ 116.328028437852694, 40.003528742908266 ], [ 116.328017243290589, 40.003527052889545 ], [ 116.328005888060801, 40.003526208225871 ], [ 116.327240970886649, 40.003498114949132 ], [ 116.326952353056228, 40.003486822079743 ], [ 116.326951870777137, 40.003486803975022 ], [ 116.325286209833862, 40.003426908993724 ], [ 116.325119546917477, 40.003420614172967 ], [ 116.324377038282776, 40.003392613854864 ], [ 116.324376918584051, 40.003392609387774 ], [ 116.323234220079399, 40.003350409454995 ], [ 116.322404311037815, 40.003319809130026 ], [ 116.321739205558941, 40.003295308935066 ], [ 116.321737942124869, 40.003295267645626 ], [ 116.321496042441936, 40.003288367657248 ], [ 116.321484744975606, 40.003288464652478 ], [ 116.321473512195752, 40.003289398109395 ], [ 116.321462448574763, 40.003291159346205 ], [ 116.321451657011863, 40.003293731982239 ], [ 116.321441237875916, 40.003297092090193 ], [ 116.321431288071977, 40.003301208418819 ], [ 116.321421900140109, 40.003306042683413 ], [ 116.321413161394631, 40.003311549922081 ], [ 116.321405153111954, 40.003317678913668 ], [ 116.321397949774834, 40.003324372654383 ], [ 116.321391618379494, 40.003331568887816 ], [ 116.321386217812602, 40.003339200684017 ], [ 116.321381798303449, 40.003347197061991 ], [ 116.321378400956931, 40.003355483649827 ], [ 116.321376057371111, 40.003363983376467 ], [ 116.321374789343395, 40.003372617188461 ], [ 116.321312588081824, 40.004116317115894 ], [ 116.321312413973857, 40.004125157531838 ], [ 116.321313367468477, 40.004133968502622 ], [ 116.321315439383397, 40.004142665173767 ], [ 116.32131860976537, 40.004151163791533 ], [ 116.321322848082261, 40.004159382509485 ], [ 116.321328113517069, 40.004167242176777 ], [ 116.32133435536106, 40.004174667100365 ], [ 116.321341513502034, 40.004181585774042 ], [ 116.321349519003249, 40.004187931567024 ], [ 116.321358294767407, 40.00419364336571 ], [ 116.321367756279031, 40.004198666162196 ], [ 116.321377812418461, 40.00420295158402 ], [ 116.32137839521927, 40.004203145232616 ], [ 116.32137839521927, 40.004129615521776 ], [ 116.32154615551849, 40.004129615521776 ], [ 116.321546411939593, 40.004127882766305 ], [ 116.321601292796302, 40.003471682315379 ], [ 116.321728625998915, 40.003475314329982 ] ] ] } },
{ "type": "Feature", "properties": { "arc_id": "(5, 9)", "length": 618.51565619130361 }, "geometry": { "type": "MultiPolygon", "coordinates": [ [ [ [ 116.32119032506202, 40.005655790315146 ], [ 116.321187434166561, 40.005694966027086 ], [ 116.321150536433706, 40.006189224364448 ], [ 116.321147837273173, 40.006225212352881 ], [ 116.321147798883757, 40.006225752393171 ], [ 116.321124721706923, 40.006569303889833 ], [ 116.321111248327711, 40.006743655548433 ], [ 116.321111210489036, 40.006744170039866 ], [ 116.321069809480804, 40.007337169990144 ], [ 116.321067143294613, 40.007375581794435 ], [ 116.321014399108449, 40.008000607749089 ], [ 116.320999312885633, 40.008170149667308 ], [ 116.320999202798703, 40.00817154591045 ], [ 116.320965001952317, 40.008669245869257 ], [ 116.320964994514071, 40.008678644741877 ], [ 116.320966260475231, 40.008687993065273 ], [ 116.320968786058515, 40.008697189099315 ], [ 116.320972543777899, 40.008706132761255 ], [ 116.320977492737626, 40.008714726714942 ], [ 116.320983579077293, 40.008722877430145 ], [ 116.320990736558088, 40.008730496200471 ], [ 116.321073792395751, 40.008809832535349 ], [ 116.320829054801123, 40.008962291699859 ], [ 116.320686159626291, 40.009051288638105 ], [ 116.320499829373787, 40.009167416958533 ], [ 116.320872005708594, 40.009167416958533 ], [ 116.320976540576822, 40.009102311225952 ], [ 116.321312050197491, 40.008893305100528 ], [ 116.321320602238458, 40.008887421426842 ], [ 116.321328364759822, 40.008880922642163 ], [ 116.321335263296476, 40.008873871088916 ], [ 116.321341231671553, 40.008866334412097 ], [ 116.32134621263117, 40.008858384910482 ], [ 116.321350158393741, 40.008850098843006 ], [ 116.321353031108316, 40.008841555697188 ], [ 116.321354803217531, 40.008832837426745 ], [ 116.321355457722177, 40.008824027665199 ], [ 116.321354988344055, 40.008815210923792 ], [ 116.321353399586314, 40.008806471780638 ], [ 116.321350706690154, 40.008797894069467 ], [ 116.321346935488663, 40.008789560075378 ], [ 116.321342122158924, 40.008781549745429 ], [ 116.32133631287509, 40.008773939921852 ], [ 116.321329563365211, 40.008766803604793 ], [ 116.321201362509839, 40.008644344530524 ], [ 116.321233149225989, 40.00818175242182 ], [ 116.321248186849331, 40.008012750197501 ], [ 116.321248214254979, 40.008012434032089 ], [ 116.321301013193477, 40.007386733970584 ], [ 116.321301092555416, 40.007385701854496 ], [ 116.321303791516229, 40.007346815870839 ], [ 116.321345171567359, 40.006754087129593 ], [ 116.321358651395499, 40.006579644317732 ], [ 116.321358701718665, 40.006578947516758 ], [ 116.321381782993896, 40.00623531755334 ], [ 116.321384462685003, 40.006199587525991 ], [ 116.321421363642088, 40.005705263467455 ], [ 116.321424267971125, 40.005665904237063 ], [ 116.321424281683335, 40.005665714885467 ], [ 116.32147843972399, 40.004903387192869 ], [ 116.321483280679885, 40.004848156506981 ], [ 116.321378349951615, 40.004848156506981 ], [ 116.321378349951615, 40.004489331582242 ], [ 116.321514731595414, 40.004489331582242 ], [ 116.32151480970127, 40.004488440468897 ], [ 116.32137839521927, 40.004488440468897 ], [ 116.32137839521927, 40.004129615521776 ], [ 116.32154626061876, 40.004129615521776 ], [ 116.321546388278833, 40.004128159042153 ], [ 116.321546597683579, 40.004119319078768 ], [ 116.321545679373727, 40.004110505897721 ], [ 116.321543642193546, 40.004101804374756 ], [ 116.321540505762599, 40.004093298310238 ], [ 116.32153630028678, 40.004085069622114 ], [ 116.321531066267482, 40.004077197557066 ], [ 116.321524854111402, 40.004069757927233 ], [ 116.321517723645201, 40.004062822380178 ], [ 116.321509743539266, 40.004056457708856 ], [ 116.321500990646371, 40.004050725208351 ], [ 116.321491549261651, 40.004045680085639 ], [ 116.321481510310605, 40.004041370927808 ], [ 116.321470970473612, 40.004037839234321 ], [ 116.321460031254787, 40.004035119017132 ], [ 116.321448798004411, 40.004033236473376 ], [ 116.321437378904463, 40.004032209732856 ], [ 116.321425883926679, 40.004032048683634 ], [ 116.321414423773547, 40.004032754876683 ], [ 116.321403108812163, 40.004034321511007 ], [ 116.321392048011418, 40.004036733499113 ], [ 116.321381347892441, 40.004039967612307 ], [ 116.321371111502941, 40.004043992704453 ], [ 116.321361437424684, 40.004048770011806 ], [ 116.321352418824162, 40.004054253526462 ], [ 116.321344142555304, 40.004060390439314 ], [ 116.321336688323058, 40.004067121648738 ], [ 116.321330127915857, 40.004074382329627 ], [ 116.321324524514168, 40.004082102557838 ], [ 116.321319932081991, 40.004090207983488 ], [ 116.321316394847273, 40.004098620547012 ], [ 116.321313946875875, 40.004107259230949 ], [ 116.321312611743494, 40.004116040840096 ], [ 116.321248283374274, 40.004849937583309 ], [ 116.321378259414161, 40.004849937583309 ], [ 116.321378259414161, 40.005208763635608 ], [ 116.321222084699897, 40.005208763635608 ], [ 116.32119032506202, 40.005655790315146 ] ] ], [ [ [ 116.320441174839104, 40.00919985836348 ], [ 116.320441174839104, 40.009385575788421 ], [ 116.320441220105636, 40.009385567099372 ], [ 116.320441220105636, 40.009199849674438 ], [ 116.320441174839104, 40.00919985836348 ] ] ] ] } },
{ "type": "Feature", "properties": { "arc_id": "(5, 10)", "length": 531.55095982594605 }, "geometry": { "type": "MultiPolygon", "coordinates": [ [ [ [ 116.320483399071236, 40.004771988900146 ], [ 116.320230312195548, 40.004756972744801 ], [ 116.320228764628169, 40.004756888845783 ], [ 116.319433380190588, 40.004717833813345 ], [ 116.318635294726391, 40.004668989789572 ], [ 116.318213372393899, 40.004643212867087 ], [ 116.317805166848814, 40.004616139032592 ], [ 116.317804016718156, 40.004616067135693 ], [ 116.316807518014542, 40.004557567222378 ], [ 116.316796204629938, 40.004557324649241 ], [ 116.316784913600543, 40.004557922720558 ], [ 116.316773750301635, 40.004559355854731 ], [ 116.31676281891643, 40.004561610676788 ], [ 116.316752221463858, 40.00456466614326 ], [ 116.316742056846337, 40.004568493738518 ], [ 116.316732419926879, 40.004573057740906 ], [ 116.316723400643696, 40.004578315556145 ], [ 116.316715083170877, 40.004584218114815 ], [ 116.316707545132772, 40.004590710330277 ], [ 116.316700856879621, 40.00459773161289 ], [ 116.316695080830954, 40.004605216435287 ], [ 116.316690270893062, 40.004613094944084 ], [ 116.31668647195589, 40.004621293611706 ], [ 116.316683719474042, 40.004629735922606 ], [ 116.316682039135969, 40.004638343087393 ], [ 116.316681446624116, 40.004647034778067 ], [ 116.316680330355183, 40.004858756678587 ], [ 116.3166954630574, 40.004858756678587 ], [ 116.3166954630574, 40.005186742410544 ], [ 116.316695508271792, 40.005186800958725 ], [ 116.316695508271792, 40.004857882528903 ], [ 116.31691464629246, 40.004857882528903 ], [ 116.316915243147605, 40.00474460438204 ], [ 116.31778560796019, 40.00479569909146 ], [ 116.318193633653308, 40.004822761004448 ], [ 116.318194421724968, 40.004822811211184 ], [ 116.318616713725319, 40.004848610726945 ], [ 116.319415706286208, 40.004897510280117 ], [ 116.319417534311611, 40.004897611092794 ], [ 116.320213061203376, 40.004936673142609 ], [ 116.320441763248439, 40.004950242499376 ], [ 116.320441763248439, 40.004850826317309 ], [ 116.320909989665111, 40.004850826317309 ], [ 116.320909989665111, 40.004969767972824 ], [ 116.32091003492863, 40.004969769812597 ], [ 116.32091003492863, 40.004849937583309 ], [ 116.321378259414161, 40.004849937583309 ], [ 116.321378259414161, 40.004987059686563 ], [ 116.321389234766883, 40.004985433215872 ], [ 116.321400157750276, 40.004982948140714 ], [ 116.321410715275391, 40.004979659049063 ], [ 116.32142080753475, 40.004975597034957 ], [ 116.321430339119416, 40.004970800499372 ], [ 116.32143921992089, 40.004965314787242 ], [ 116.321447365983076, 40.004959191758758 ], [ 116.321454700295973, 40.00495248929905 ], [ 116.321461153523529, 40.004945270770996 ], [ 116.321466664659354, 40.004937604416206 ], [ 116.321471181603314, 40.004929562709876 ], [ 116.321474661654065, 40.004921221675623 ], [ 116.321477071912753, 40.004912660166781 ], [ 116.32147838959402, 40.004903959120931 ], [ 116.321483280679317, 40.004848156506981 ], [ 116.321378349951615, 40.004848156506981 ], [ 116.321378349951615, 40.004489331582242 ], [ 116.321514731595116, 40.004489331582242 ], [ 116.321514809700986, 40.004488440468897 ], [ 116.32137839521927, 40.004488440468897 ], [ 116.32137839521927, 40.004129615521776 ], [ 116.32154626061876, 40.004129615521776 ], [ 116.321546388278833, 40.004128159042153 ], [ 116.321546597683579, 40.004119319078768 ], [ 116.321545679373727, 40.004110505897721 ], [ 116.321543642193546, 40.004101804374756 ], [ 116.321540505762599, 40.004093298310238 ], [ 116.32153630028678, 40.004085069622114 ], [ 116.321531066267482, 40.004077197557066 ], [ 116.321524854111402, 40.004069757927233 ], [ 116.321517723645201, 40.004062822380178 ], [ 116.321509743539266, 40.004056457708856 ], [ 116.321500990646371, 40.004050725208351 ], [ 116.321491549261651, 40.004045680085639 ], [ 116.321481510310605, 40.004041370927808 ], [ 116.321470970473612, 40.004037839234321 ], [ 116.321460031254787, 40.004035119017132 ], [ 116.321448798004411, 40.004033236473376 ], [ 116.321437378904463, 40.004032209732856 ], [ 116.321425883926679, 40.004032048683634 ], [ 116.321414423773547, 40.004032754876683 ], [ 116.321403108812163, 40.004034321511007 ], [ 116.321392048011418, 40.004036733499113 ], [ 116.321381347892441, 40.004039967612307 ], [ 116.321371111502941, 40.004043992704453 ], [ 116.321361437424684, 40.004048770011806 ], [ 116.321352418824162, 40.004054253526462 ], [ 116.321344142555304, 40.004060390439314 ], [ 116.321336688323058, 40.004067121648738 ], [ 116.321330127915857, 40.004074382329627 ], [ 116.321324524514168, 40.004082102557838 ], [ 116.321319932081991, 40.004090207983488 ], [ 116.321316394847273, 40.004098620547012 ], [ 116.321313946875875, 40.004107259230949 ], [ 116.321312611743494, 40.004116040840096 ], [ 116.321252376213693, 40.004803244975946 ], [ 116.320483399071236, 40.004771988900146 ] ] ], [ [ [ 116.316735228777503, 40.005217598543084 ], [ 116.316856782605413, 40.005217598543084 ], [ 116.316858700874405, 40.00521672246218 ], [ 116.316733345451922, 40.00521672246218 ], [ 116.316735228777503, 40.005217598543084 ] ] ] ] } },
{ "type": "Feature", "properties": { "arc_id": "(5, 11)", "length": 1128.1285091935292 }, "geometry": { "type": "MultiPolygon", "coordinates": [ [ [ [ 116.32166580198475, 40.002689859944951 ], [ 116.321431030243332, 40.002689859944951 ], [ 116.321374785710461, 40.003372660625615 ], [ 116.321312588081824, 40.004116317115894 ], [ 116.321312413973857, 40.004125157531838 ], [ 116.321313367468477, 40.004133968502622 ], [ 116.321315439383397, 40.004142665173767 ], [ 116.32131860976537, 40.004151163791533 ], [ 116.321322848082261, 40.004159382509485 ], [ 116.321328113517069, 40.004167242176777 ], [ 116.32133435536106, 40.004174667100365 ], [ 116.321341513502034, 40.004181585774042 ], [ 116.321349519003249, 40.004187931567024 ], [ 116.321358294767407, 40.00419364336571 ], [ 116.321367756279031, 40.004198666162196 ], [ 116.321377812418461, 40.00420295158402 ], [ 116.32137839521927, 40.004203145232616 ], [ 116.32137839521927, 40.004129615521776 ], [ 116.32154615551849, 40.004129615521776 ], [ 116.321546411939593, 40.004127882766305 ], [ 116.321608610677984, 40.003384182693765 ], [ 116.32166580198475, 40.002689859944951 ] ] ], [ [ [ 116.321695431775638, 40.002330143774614 ], [ 116.321460661244785, 40.002330143774614 ], [ 116.321460587840818, 40.002331034888407 ], [ 116.321695358374669, 40.002331034888407 ], [ 116.321695431775638, 40.002330143774614 ] ] ], [ [ [ 116.321729353274577, 40.001970427582819 ], [ 116.32149388084369, 40.001970427582819 ], [ 116.321493764762863, 40.00197131869669 ], [ 116.321729237196777, 40.00197131869669 ], [ 116.321729353274577, 40.001970427582819 ] ] ], [ [ [ 116.321776210432247, 40.001610711369722 ], [ 116.321540739224943, 40.001610711369722 ], [ 116.321540623144116, 40.001611602483671 ], [ 116.321776094354448, 40.001611602483671 ], [ 116.321776210432247, 40.001610711369722 ] ] ], [ [ [ 116.321820974526744, 40.001250995135507 ], [ 116.321585783807492, 40.001250995135507 ], [ 116.321585682515618, 40.00125188624952 ], [ 116.321820873237897, 40.00125188624952 ], [ 116.321820974526744, 40.001250995135507 ] ] ], [ [ [ 116.32184870313408, 40.001007045761206 ], [ 116.321848965057612, 40.001004235529052 ], [ 116.321891764058606, 40.000416235478028 ], [ 116.321942863671055, 39.999712624306135 ], [ 116.321942972286649, 39.999710795002613 ], [ 116.321971531235363, 39.999091805110353 ], [ 116.321847342174792, 39.999091805110353 ], [ 116.321847342174792, 39.998732980918362 ], [ 116.321988086661918, 39.998732980918362 ], [ 116.322007988443175, 39.998301627454957 ], [ 116.322247859397351, 39.996806432591931 ], [ 116.322248704704577, 39.996797642565596 ], [ 116.322248429210049, 39.996788831076366 ], [ 116.322247035550888, 39.996780082458415 ], [ 116.322244537066155, 39.996771480444188 ], [ 116.322240957669081, 39.996763107362959 ], [ 116.3222363316182, 39.99675504335282 ], [ 116.322230703189419, 39.996747365593833 ], [ 116.322224126252351, 39.996740147569156 ], [ 116.322216663754531, 39.996733458361909 ], [ 116.322208387119147, 39.996727361993891 ], [ 116.322199375561354, 39.996721916812916 ], [ 116.322189715330055, 39.99671717493429 ], [ 116.322179498882548, 39.996713181742074 ], [ 116.322168823999576, 39.996709975454706 ], [ 116.32215779284941, 39.996707586759271 ], [ 116.32214651101016, 39.99670603851775 ], [ 116.322135086459141, 39.996705345548158 ], [ 116.321113879184438, 39.996681954221444 ], [ 116.321138763714188, 39.99642955960298 ], [ 116.32119938074311, 39.996073381486603 ], [ 116.321268583566692, 39.995726566706651 ], [ 116.321268766611865, 39.995725615533061 ], [ 116.3212806665058, 39.995661415520395 ], [ 116.321280790563392, 39.995660727242111 ], [ 116.321325590139395, 39.995404927194208 ], [ 116.321325717455011, 39.995404176402118 ], [ 116.321369587873676, 39.995136707197773 ], [ 116.321133454692685, 39.995136707197773 ], [ 116.321093344192974, 39.995381247879962 ], [ 116.321048669783409, 39.995636328318888 ], [ 116.321036921657182, 39.995699708388997 ], [ 116.320967615909481, 39.99604703310473 ], [ 116.320967251086245, 39.996049006795133 ], [ 116.320906050489157, 39.996408606729517 ], [ 116.320905395024752, 39.996413487563778 ], [ 116.320870994434685, 39.996762387524583 ], [ 116.320870696720391, 39.996771484256818 ], [ 116.320871593598824, 39.996780557687515 ], [ 116.320873675921234, 39.996789515256836 ], [ 116.320876922445919, 39.996798265586904 ], [ 116.320881300054864, 39.996806719413868 ], [ 116.320886764091583, 39.996814790498497 ], [ 116.32089325881671, 39.996822396505991 ], [ 116.3209007179765, 39.996829459845877 ], [ 116.320909065478759, 39.996835908463531 ], [ 116.320918216169076, 39.996841676575187 ], [ 116.320928076699431, 39.996846705339074 ], [ 116.320938546480505, 39.996850943455669 ], [ 116.320949518707806, 39.996854347690991 ], [ 116.320960881451285, 39.996856883317648 ], [ 116.320972518797035, 39.996858524469154 ], [ 116.320984312029864, 39.996859254403752 ], [ 116.321999595633955, 39.996882511168586 ], [ 116.321774838144862, 39.998283467032415 ], [ 116.321774030134392, 39.998291304964418 ], [ 116.321708869949816, 39.99970348980311 ], [ 116.321657835555868, 40.000406169959149 ], [ 116.321622459215135, 40.000892169994415 ], [ 116.321847025322072, 40.000892169994415 ], [ 116.321847025322072, 40.001021806732957 ], [ 116.32184870313408, 40.001007045761206 ] ] ], [ [ [ 116.321379571927935, 39.995075836407565 ], [ 116.321379571927935, 39.994786094291484 ], [ 116.321379526678825, 39.994786060972288 ], [ 116.321379526678825, 39.995076112282369 ], [ 116.321379571927935, 39.995075836407565 ] ] ], [ [ [ 116.321366113998664, 39.994777384281193 ], [ 116.321365310657569, 39.994776990611797 ], [ 116.321231659922802, 39.994776990611797 ], [ 116.321230007248914, 39.994777880577111 ], [ 116.321366936123155, 39.994777880577111 ], [ 116.321366113998664, 39.994777384281193 ] ] ] ] } },
{ "type": "Feature", "properties": { "arc_id": "(5, 12)", "length": 1021.6898788625273 }, "geometry": { "type": "MultiPolygon", "coordinates": [ [ [ [ 116.32166580198475, 40.002689859944951 ], [ 116.321431030243332, 40.002689859944951 ], [ 116.321374785710461, 40.003372660625615 ], [ 116.321312588081824, 40.004116317115894 ], [ 116.321312413973857, 40.004125157531838 ], [ 116.321313367468477, 40.004133968502622 ], [ 116.321315439383397, 40.004142665173767 ], [ 116.32131860976537, 40.004151163791533 ], [ 116.321322848082261, 40.004159382509485 ], [ 116.321328113517069, 40.004167242176777 ], [ 116.32133435536106, 40.004174667100365 ], [ 116.321341513502034, 40.004181585774042 ], [ 116.321349519003249, 40.004187931567024 ], [ 116.321358294767407, 40.00419364336571 ], [ 116.321367756279031, 40.004198666162196 ], [ 116.321377812418461, 40.00420295158402 ], [ 116.32137839521927, 40.004203145232616 ], [ 116.32137839521927, 40.004129615521776 ], [ 116.32154615551849, 40.004129615521776 ], [ 116.321546411939593, 40.004127882766305 ], [ 116.321608610677984, 40.003384182693765 ], [ 116.32166580198475, 40.002689859944951 ] ] ], [ [ [ 116.321695431775638, 40.002330143774614 ], [ 116.321460661244785, 40.002330143774614 ], [ 116.321460587840818, 40.002331034888407 ], [ 116.321695358374669, 40.002331034888407 ], [ 116.321695431775638, 40.002330143774614 ] ] ], [ [ [ 116.321729353274577, 40.001970427582819 ], [ 116.32149388084369, 40.001970427582819 ], [ 116.321493764762863, 40.00197131869669 ], [ 116.321729237196777, 40.00197131869669 ], [ 116.321729353274577, 40.001970427582819 ] ] ], [ [ [ 116.321776210432247, 40.001610711369722 ], [ 116.321540739224943, 40.001610711369722 ], [ 116.321540623144116, 40.001611602483671 ], [ 116.321776094354448, 40.001611602483671 ], [ 116.321776210432247, 40.001610711369722 ] ] ], [ [ [ 116.321820974526744, 40.001250995135507 ], [ 116.321585783807492, 40.001250995135507 ], [ 116.321585682515618, 40.00125188624952 ], [ 116.321820873237897, 40.00125188624952 ], [ 116.321820974526744, 40.001250995135507 ] ] ], [ [ [ 116.32184870313408, 40.001007045761206 ], [ 116.321848965057612, 40.001004235529052 ], [ 116.321891764058606, 40.000416235478028 ], [ 116.321942863671055, 39.999712624306135 ], [ 116.321942972286649, 39.999710795002613 ], [ 116.321971531233473, 39.999091805110353 ], [ 116.321847342174792, 39.999091805110353 ], [ 116.321847342174792, 39.998732980918362 ], [ 116.321988086658919, 39.998732980918362 ], [ 116.322008169878231, 39.99829769491739 ], [ 116.322008026053368, 39.998289012448105 ], [ 116.322006796120093, 39.998280380952401 ], [ 116.322004491503506, 39.998271880606936 ], [ 116.322001133611167, 39.998263590370058 ], [ 116.321996753634409, 39.99825558724848 ], [ 116.321991392258468, 39.998247945581873 ], [ 116.321985099284603, 39.998240736352436 ], [ 116.32197793316746, 39.998234026525452 ], [ 116.321969960472131, 39.998227878427372 ], [ 116.321961255255786, 39.998222349166802 ], [ 116.32195189837978, 39.998217490104025 ], [ 116.321941976758609, 39.998213346374079 ], [ 116.321931582552523, 39.99820995646725 ], [ 116.321920812311447, 39.998207351871784 ], [ 116.32190976607825, 39.998205556781301 ], [ 116.321898546459309, 39.998204587870056 ], [ 116.321887257671619, 39.998204454138047 ], [ 116.320944158909967, 39.9982282541175 ], [ 116.320943427099039, 39.998228274343703 ], [ 116.320721601847097, 39.998234939052239 ], [ 116.319908793892694, 39.998246801233719 ], [ 116.319436010585349, 39.998244906912333 ], [ 116.319421807596285, 39.998244850736427 ], [ 116.319403096627767, 39.997865356224231 ], [ 116.319397496850527, 39.997658274953032 ], [ 116.319163161333861, 39.997658274953032 ], [ 116.319168882532225, 39.997869873165179 ], [ 116.319168941332137, 39.997871413762823 ], [ 116.319191940536001, 39.998337913779089 ], [ 116.319192896939555, 39.998346481601459 ], [ 116.319194911084068, 39.998354940267653 ], [ 116.319197964620372, 39.998363212716129 ], [ 116.319202029730008, 39.998371223581863 ], [ 116.319207069378621, 39.99837889988288 ], [ 116.319213037653469, 39.998386171685233 ], [ 116.31921988018162, 39.998392972740056 ], [ 116.319227534625298, 39.998399241087135 ], [ 116.319235931249793, 39.998404919619468 ], [ 116.319244993558797, 39.99840995660341 ], [ 116.319254638991367, 39.99841430615011 ], [ 116.319264779673873, 39.998417928633501 ], [ 116.319275323220893, 39.998420791051338 ], [ 116.3192861735766, 39.998422867325878 ], [ 116.319297231890033, 39.998424138541445 ], [ 116.319308397415583, 39.998424593116738 ], [ 116.319434793416505, 39.998425093102313 ], [ 116.31990899003452, 39.998426993093929 ], [ 116.31991182194578, 39.998426978107069 ], [ 116.3207272230173, 39.998415078100578 ], [ 116.32072957261866, 39.998415025661075 ], [ 116.320952207045579, 39.998408336647543 ], [ 116.32176958197536, 39.998387709887027 ], [ 116.321708869949816, 39.99970348980311 ], [ 116.321657835555868, 40.000406169959149 ], [ 116.321622459215135, 40.000892169994415 ], [ 116.321847025322072, 40.000892169994415 ], [ 116.321847025322072, 40.001021806732957 ], [ 116.32184870313408, 40.001007045761206 ] ] ], [ [ [ 116.319414622285436, 39.997298558497818 ], [ 116.319178705988023, 39.997298558497818 ], [ 116.319178569968116, 39.997299443075086 ], [ 116.319414486268542, 39.997299443075086 ], [ 116.319414622285436, 39.997298558497818 ] ] ], [ [ [ 116.319462677293956, 39.996938842023468 ], [ 116.319234857299833, 39.996938842023468 ], [ 116.319234545199819, 39.99693972660085 ], [ 116.319462941617516, 39.99693972660085 ], [ 116.319462677293956, 39.996938842023468 ] ] ] ] } },
{ "type": "Feature", "properties": { "arc_id": "(5, 13)", "length": 824.10074736296326 }, "geometry": { "type": "MultiPolygon", "coordinates": [ [ [ [ 116.32166580198475, 40.002689859944951 ], [ 116.321431030243332, 40.002689859944951 ], [ 116.321374785710461, 40.003372660625615 ], [ 116.321312588081824, 40.004116317115894 ], [ 116.321312413973857, 40.004125157531838 ], [ 116.321313367468477, 40.004133968502622 ], [ 116.321315439383397, 40.004142665173767 ], [ 116.32131860976537, 40.004151163791533 ], [ 116.321322848082261, 40.004159382509485 ], [ 116.321328113517069, 40.004167242176777 ], [ 116.32133435536106, 40.004174667100365 ], [ 116.321341513502034, 40.004181585774042 ], [ 116.321349519003249, 40.004187931567024 ], [ 116.321358294767407, 40.00419364336571 ], [ 116.321367756279031, 40.004198666162196 ], [ 116.321377812418461, 40.00420295158402 ], [ 116.32137839521927, 40.004203145232616 ], [ 116.32137839521927, 40.004129615521776 ], [ 116.32154615551849, 40.004129615521776 ], [ 116.321546411939593, 40.004127882766305 ], [ 116.321608610677984, 40.003384182693765 ], [ 116.32166580198475, 40.002689859944951 ] ] ], [ [ [ 116.321695431775638, 40.002330143774614 ], [ 116.321460661244785, 40.002330143774614 ], [ 116.321460587840818, 40.002331034888407 ], [ 116.321695358374669, 40.002331034888407 ], [ 116.321695431775638, 40.002330143774614 ] ] ], [ [ [ 116.321729353274577, 40.001970427582819 ], [ 116.32149388084369, 40.001970427582819 ], [ 116.321493764762863, 40.00197131869669 ], [ 116.321729237196777, 40.00197131869669 ], [ 116.321729353274577, 40.001970427582819 ] ] ], [ [ [ 116.321776210432247, 40.001610711369722 ], [ 116.321540739224943, 40.001610711369722 ], [ 116.321540623144116, 40.001611602483671 ], [ 116.321776094354448, 40.001611602483671 ], [ 116.321776210432247, 40.001610711369722 ] ] ], [ [ [ 116.321820974526744, 40.001250995135507 ], [ 116.321585783807492, 40.001250995135507 ], [ 116.321585682515618, 40.00125188624952 ], [ 116.321820873237897, 40.00125188624952 ], [ 116.321820974526744, 40.001250995135507 ] ] ], [ [ [ 116.32184870313408, 40.001007045761206 ], [ 116.321848965057612, 40.001004235529052 ], [ 116.321891764058606, 40.000416235478028 ], [ 116.321936428710998, 39.999801230746264 ], [ 116.324028036101836, 39.999866719810825 ], [ 116.324039650358174, 39.999866640164846 ], [ 116.324051197274187, 39.999865676391892 ], [ 116.324062563341471, 39.999863837966025 ], [ 116.324073636829368, 39.999861142959332 ], [ 116.324084308883414, 39.99985761786423 ], [ 116.324094474595313, 39.999853297333082 ], [ 116.324104034034363, 39.999848223837532 ], [ 116.324112893229568, 39.999842447250991 ], [ 116.32412096509357, 39.999836024358338 ], [ 116.324128170278726, 39.99982901829781 ], [ 116.324134437957056, 39.999821497940239 ], [ 116.324139706516476, 39.999813537212063 ], [ 116.324143924166464, 39.999805214368614 ], [ 116.32414704944722, 39.999796611224852 ], [ 116.324149051637107, 39.999787812351137 ], [ 116.324149911054704, 39.999778904241808 ], [ 116.324171888590385, 39.999088227244449 ], [ 116.323937528589241, 39.999088227244449 ], [ 116.323918602108193, 39.999682956464547 ], [ 116.321830666774815, 39.999617580301262 ], [ 116.321819281370836, 39.999617649595322 ], [ 116.32180795848943, 39.999618568603999 ], [ 116.321796805091736, 39.999620328645889 ], [ 116.321785926537814, 39.999622913094889 ], [ 116.321775425591483, 39.99962629753707 ], [ 116.321765401449539, 39.999630450001455 ], [ 116.321755948804736, 39.999635331261956 ], [ 116.32174715695119, 39.999640895207925 ], [ 116.321739108941046, 39.999647089279769 ], [ 116.321731880799703, 39.999653854965374 ], [ 116.321725540807847, 39.999661128352926 ], [ 116.321720148856286, 39.999668840734593 ], [ 116.321715755880305, 39.999676919255542 ], [ 116.321712403378399, 39.999685287602226 ], [ 116.321710123020281, 39.999693866723206 ], [ 116.321708936347719, 39.999702575575981 ], [ 116.321657835555868, 40.000406169959149 ], [ 116.321622459215135, 40.000892169994415 ], [ 116.321847025322072, 40.000892169994415 ], [ 116.321847025322072, 40.001021806732957 ], [ 116.32184870313408, 40.001007045761206 ] ] ], [ [ [ 116.323720352820445, 39.998839950584241 ], [ 116.323720352820445, 39.999020290475613 ], [ 116.323720398105479, 39.999020291902056 ], [ 116.323720398105479, 39.998839952010663 ], [ 116.323720352820445, 39.998839950584241 ] ] ] ] } },
{ "type": "Feature", "properties": { "arc_id": "(5, 14)", "length": 230.15827936715334 }, "geometry": { "type": "MultiPolygon", "coordinates": [ [ [ [ 116.321665801983229, 40.002689859944951 ], [ 116.321431030243332, 40.002689859944951 ], [ 116.321374785710461, 40.003372660625615 ], [ 116.321312588081824, 40.004116317115894 ], [ 116.321312413973857, 40.004125157531838 ], [ 116.321313367468477, 40.004133968502622 ], [ 116.321315439383397, 40.004142665173767 ], [ 116.32131860976537, 40.004151163791533 ], [ 116.321322848082261, 40.004159382509485 ], [ 116.321328113517069, 40.004167242176777 ], [ 116.32133435536106, 40.004174667100365 ], [ 116.321341513502034, 40.004181585774042 ], [ 116.321349519003249, 40.004187931567024 ], [ 116.321358294767407, 40.00419364336571 ], [ 116.321367756279031, 40.004198666162196 ], [ 116.321377812418461, 40.00420295158402 ], [ 116.32137839521927, 40.004203145232616 ], [ 116.32137839521927, 40.004129615521776 ], [ 116.32154615551849, 40.004129615521776 ], [ 116.321546411939593, 40.004127882766305 ], [ 116.321608610677984, 40.003384182693765 ], [ 116.321665801983229, 40.002689859944951 ] ] ], [ [ [ 116.321695431773307, 40.002330143774614 ], [ 116.321460661244785, 40.002330143774614 ], [ 116.321460587840818, 40.002331034888407 ], [ 116.321695358372338, 40.002331034888407 ], [ 116.321695431773307, 40.002330143774614 ] ] ], [ [ [ 116.321648312892265, 40.001970427582819 ], [ 116.321553267357032, 40.001970427582819 ], [ 116.321552318101851, 40.001970717915889 ], [ 116.321550805390956, 40.00197131869669 ], [ 116.321651001839172, 40.00197131869669 ], [ 116.321648312892265, 40.001970427582819 ] ] ] ] } },
{ "type": "Feature", "properties": { "arc_id": "(5, 15)", "length": 359.53986269511091 }, "geometry": { "type": "MultiPolygon", "coordinates": [ [ [ [ 116.321665802064217, 40.002689859944951 ], [ 116.321431030243332, 40.002689859944951 ], [ 116.321374785710461, 40.003372660625615 ], [ 116.321312588081824, 40.004116317115894 ], [ 116.321312413973857, 40.004125157531838 ], [ 116.321313367468477, 40.004133968502622 ], [ 116.321315439383397, 40.004142665173767 ], [ 116.32131860976537, 40.004151163791533 ], [ 116.321322848082261, 40.004159382509485 ], [ 116.321328113517069, 40.004167242176777 ], [ 116.32133435536106, 40.004174667100365 ], [ 116.321341513502034, 40.004181585774042 ], [ 116.321349519003249, 40.004187931567024 ], [ 116.321358294767407, 40.00419364336571 ], [ 116.321367756279031, 40.004198666162196 ], [ 116.321377812418461, 40.00420295158402 ], [ 116.32137839521927, 40.004203145232616 ], [ 116.32137839521927, 40.004129615521776 ], [ 116.32154615551849, 40.004129615521776 ], [ 116.321546411939593, 40.004127882766305 ], [ 116.321608610677984, 40.003384182693765 ], [ 116.321665802064217, 40.002689859944951 ] ] ], [ [ [ 116.321695431896259, 40.002330143774614 ], [ 116.321460661244785, 40.002330143774614 ], [ 116.321460587840818, 40.002331034888407 ], [ 116.321695358495191, 40.002331034888407 ], [ 116.321695431896259, 40.002330143774614 ] ] ], [ [ [ 116.322783465679763, 40.002165672281549 ], [ 116.322783465679763, 40.001985426737797 ], [ 116.321961014540321, 40.001969535397883 ], [ 116.321846980054531, 40.001969535397883 ], [ 116.321846980054531, 40.001967332032009 ], [ 116.321846934786294, 40.001967331157338 ], [ 116.321846934786294, 40.001970427582819 ], [ 116.321553466970329, 40.001970427582819 ], [ 116.321550771055698, 40.00197131869669 ], [ 116.321846889517346, 40.00197131869669 ], [ 116.321846889517346, 40.002147576260576 ], [ 116.322783465679763, 40.002165672281549 ] ] ] ] } },
{ "type": "Feature", "properties": { "arc_id": "(6, 7)", "length": 1757.1110399328161 }, "geometry": { "type": "MultiPolygon", "coordinates": [ [ [ [ 116.324015897255407, 40.009712524637223 ], [ 116.324027246426439, 40.009712444702032 ], [ 116.324038532289521, 40.009711520734392 ], [ 116.324049648938896, 40.009709761404743 ], [ 116.324060492056788, 40.009707183222517 ], [ 116.32407095989214, 40.009703810381161 ], [ 116.324080954215688, 40.009699674531177 ], [ 116.324090381241518, 40.009694814483062 ], [ 116.324099152507259, 40.00968927584313 ], [ 116.324107185704236, 40.009683110585534 ], [ 116.324114405449805, 40.009676376564528 ], [ 116.324120743994683, 40.009669136971617 ], [ 116.324126141858869, 40.009661459742489 ], [ 116.324130548389576, 40.009653416919576 ], [ 116.324133922236683, 40.009645083975968 ], [ 116.324136231740724, 40.009636539107206 ], [ 116.324137455229959, 40.009627862497467 ], [ 116.324208853665979, 40.008707062413251 ], [ 116.324208907330515, 40.008706318559049 ], [ 116.324271084210665, 40.007774841103476 ], [ 116.324353957817451, 40.006685863498049 ], [ 116.324354092316852, 40.006683614701004 ], [ 116.324382591200475, 40.006029014663277 ], [ 116.324382630748616, 40.00602790004789 ], [ 116.32440152847488, 40.005338940021431 ], [ 116.324424194366273, 40.004545985841133 ], [ 116.324441226981477, 40.004264690742509 ], [ 116.324488325443795, 40.003486794212868 ], [ 116.324558806122454, 40.002324777375968 ], [ 116.32432425039147, 40.002324777375968 ], [ 116.324254274802314, 40.003478401874879 ], [ 116.324207173023069, 40.004256309328063 ], [ 116.324190072553819, 40.004538709118357 ], [ 116.324189974032777, 40.004540919893095 ], [ 116.324167272676974, 40.00533501985916 ], [ 116.324148384550824, 40.006023542432033 ], [ 116.324119956679795, 40.006676460136241 ], [ 116.324037140351791, 40.007764636285977 ], [ 116.324037094271944, 40.007765281398186 ], [ 116.323974917520673, 40.008696709310584 ], [ 116.323910378776176, 40.009529006963483 ], [ 116.322782514646192, 40.009494902171525 ], [ 116.322782514646192, 40.009522677523435 ], [ 116.32258266720784, 40.009522677523435 ], [ 116.322581633175986, 40.009523570698889 ], [ 116.322782469351026, 40.009523570698889 ], [ 116.322782469351026, 40.009675228648319 ], [ 116.324015897255407, 40.009712524637223 ] ] ], [ [ [ 116.324620421150343, 40.001307903698958 ], [ 116.324632920420854, 40.001102409926581 ], [ 116.324632976390603, 40.001101358149036 ], [ 116.32468834514097, 39.999887296550035 ], [ 116.325601647335958, 39.999915820178593 ], [ 116.325613050502071, 39.999915749053322 ], [ 116.325624390648287, 39.999914825576219 ], [ 116.32563556031576, 39.99991305849813 ], [ 116.325646453661193, 39.99991046456379 ], [ 116.325656967459636, 39.999907068353259 ], [ 116.325667002082781, 39.999902902048859 ], [ 116.325676462443099, 39.999898005130362 ], [ 116.325685258894666, 39.99989242400072 ], [ 116.32569330808289, 39.999886211546496 ], [ 116.325700533734235, 39.999879426636603 ], [ 116.325706867379054, 39.999872133564537 ], [ 116.326173816906106, 39.999273249821691 ], [ 116.326188776728969, 39.999272967201399 ], [ 116.326200546063504, 39.999272287455341 ], [ 116.326212166729533, 39.999270700361798 ], [ 116.326223520768551, 39.999268222030921 ], [ 116.326234492928563, 39.999264877619659 ], [ 116.326244971834001, 39.999260701076253 ], [ 116.326254851116246, 39.999255734795781 ], [ 116.326264030493306, 39.999250029189646 ], [ 116.326272416787901, 39.999243642174001 ], [ 116.326279924873177, 39.99923663858177 ], [ 116.326286478536758, 39.999229089504624 ], [ 116.326292011254495, 39.999221071571199 ], [ 116.326296466865614, 39.999212666169392 ], [ 116.32629980014282, 39.999203958620143 ], [ 116.326301977251376, 39.999195037311367 ], [ 116.326302976092492, 39.999185992800811 ], [ 116.326327575153599, 39.998635192768461 ], [ 116.326360079016879, 39.997905476455543 ], [ 116.32666314542611, 39.997912552910279 ], [ 116.326755951122138, 39.997914655342349 ], [ 116.326756162731712, 39.997914659988822 ], [ 116.327934843545222, 39.997939714502124 ], [ 116.327934843545222, 39.997759457453654 ], [ 116.326762743068301, 39.997734542259387 ], [ 116.326670201769005, 39.997732445855497 ], [ 116.326250555113347, 39.997722647105405 ], [ 116.32623908972819, 39.997722811249794 ], [ 116.326227700146219, 39.997723836789554 ], [ 116.326216495512469, 39.997725713897026 ], [ 116.326205583199609, 39.997728424584103 ], [ 116.326195067779111, 39.99773194287463 ], [ 116.326185050019021, 39.997736235053196 ], [ 116.326175625918538, 39.997741259988373 ], [ 116.326166885787856, 39.997746969526766 ], [ 116.326158913382855, 39.997753308954493 ], [ 116.326151785102454, 39.997760217521503 ], [ 116.326145569256454, 39.997767629023734 ], [ 116.326140325410961, 39.997775472437546 ], [ 116.326136103817589, 39.997783672600256 ], [ 116.326132944931814, 39.997792150930522 ], [ 116.326130879025328, 39.997800826181248 ], [ 116.326129925895955, 39.997809615218337 ], [ 116.326093424678845, 39.998629011138597 ], [ 116.326072464645591, 39.999098294106304 ], [ 116.326068941229479, 39.999099061826719 ], [ 116.326057986466381, 39.999102394591475 ], [ 116.326047522337191, 39.999106556706955 ], [ 116.326037654669335, 39.999111506080261 ], [ 116.326028483258071, 39.999117192656684 ], [ 116.326020100857221, 39.999123558925866 ], [ 116.326012592241156, 39.999130540503536 ], [ 116.326006033347454, 39.999138066782542 ], [ 116.325541686976678, 39.999733610570466 ], [ 116.324580154000486, 39.999703579872723 ], [ 116.324568617814265, 39.999703656772617 ], [ 116.324557147404477, 39.999704605981023 ], [ 116.324545854015881, 39.999706418292106 ], [ 116.324534847176366, 39.999709076129349 ], [ 116.324524233634833, 39.999712553715938 ], [ 116.324514116325886, 39.999716817324824 ], [ 116.324504593371401, 39.999721825605718 ], [ 116.324495757129142, 39.999727529986259 ], [ 116.324487693296817, 39.999733875142965 ], [ 116.324480480081135, 39.999740799537847 ], [ 116.324474187439137, 39.999748236015172 ], [ 116.324468876399862, 39.999756112452822 ], [ 116.324464598472389, 39.999764352461725 ], [ 116.324461395146315, 39.999772876126706 ], [ 116.324459297489256, 39.999781600781539 ], [ 116.324458325845654, 39.99979044181066 ], [ 116.324398847613622, 40.001094515718322 ], [ 116.324386379245453, 40.001299489939996 ], [ 116.324345958579414, 40.001965957533479 ], [ 116.324580513017992, 40.001965957533479 ], [ 116.324620421150343, 40.001307903698958 ] ] ], [ [ [ 116.328259114490749, 39.997641279816172 ], [ 116.32802455250021, 39.997641279816172 ], [ 116.328024495654901, 39.997642178672919 ], [ 116.328259057648438, 39.997642178672919 ], [ 116.328259114490749, 39.997641279816172 ] ] ] ] } },
{ "type": "Feature", "properties": { "arc_id": "(6, 8)", "length": 1031.7946529075198 }, "geometry": { "type": "MultiPolygon", "coordinates": [ [ [ [ 116.324015062220653, 40.009712499392379 ], [ 116.325722229973366, 40.009782865100618 ], [ 116.325723358330222, 40.009782907406638 ], [ 116.325933558605513, 40.009790007418125 ], [ 116.325945324217258, 40.009789950093037 ], [ 116.325957023025438, 40.009788985645883 ], [ 116.325968537050471, 40.009787123802866 ], [ 116.325979750176288, 40.009784383340183 ], [ 116.325990549321347, 40.009780791894748 ], [ 116.326000825579015, 40.009776385685363 ], [ 116.326010475315968, 40.009771209147551 ], [ 116.326019401217195, 40.009765314485342 ], [ 116.326027513267491, 40.009758761144944 ], [ 116.326415216519024, 40.009412262202204 ], [ 116.327036395560796, 40.008882746693367 ], [ 116.327039311913097, 40.008880163713165 ], [ 116.327500511754863, 40.008455663358163 ], [ 116.327507662169253, 40.008448358245921 ], [ 116.327513812918994, 40.008440533454255 ], [ 116.327518900656528, 40.008432269572424 ], [ 116.32778010002518, 40.007945569325926 ], [ 116.327784461775025, 40.007935925112236 ], [ 116.327787376404842, 40.007925963309866 ], [ 116.327788806477372, 40.00791581187633 ], [ 116.327862401558875, 40.00681165888507 ], [ 116.327991869933172, 40.00636343595351 ], [ 116.327994239649215, 40.006351501530169 ], [ 116.328066338543863, 40.005696701449253 ], [ 116.328066747047004, 40.005690231138743 ], [ 116.328068951666978, 40.005555199185409 ], [ 116.329080820867546, 40.005577656821366 ], [ 116.329092270213394, 40.005577480299671 ], [ 116.32910364245248, 40.005576445019372 ], [ 116.329114828928752, 40.005574560872006 ], [ 116.329125722761177, 40.005571845859684 ], [ 116.329136219864679, 40.005568325922958 ], [ 116.329146219944874, 40.005564034693016 ], [ 116.329155627456146, 40.005559013170377 ], [ 116.329164352514738, 40.005553309333131 ], [ 116.329172311757333, 40.005546977678478 ], [ 116.329179429137696, 40.00554007870214 ], [ 116.329185636653236, 40.005532678320243 ], [ 116.329190874994637, 40.005524847239563 ], [ 116.329195094112677, 40.005516660281963 ], [ 116.329198253696276, 40.005508195669499 ], [ 116.329200323557686, 40.005499534277028 ], [ 116.329201283920895, 40.005490758859558 ], [ 116.329214843834194, 40.005193523185788 ], [ 116.328980388786178, 40.005193523185788 ], [ 116.328971198520065, 40.005394960654456 ], [ 116.327956680605851, 40.005372443221923 ], [ 116.327945066750004, 40.005372628456627 ], [ 116.327933533837722, 40.005373697247485 ], [ 116.327922195252469, 40.005375639086843 ], [ 116.327911162467259, 40.005378434883909 ], [ 116.3279005439488, 40.005382057152381 ], [ 116.327890444090926, 40.005386470280641 ], [ 116.327880962188559, 40.005391630881881 ], [ 116.327872191461253, 40.005397488220659 ], [ 116.327864218136938, 40.005403984711691 ], [ 116.327857120604023, 40.005411056485976 ], [ 116.327850968640888, 40.00541863401866 ], [ 116.327845822729699, 40.005426642812665 ], [ 116.327841733461938, 40.005435004130995 ], [ 116.327838741040864, 40.00544363577081 ], [ 116.327836874886387, 40.00545245287168 ], [ 116.327836153345714, 40.005461368749771 ], [ 116.32783250588129, 40.005684727937293 ], [ 116.327761424181745, 40.006330269956536 ], [ 116.327631529414361, 40.006779963799744 ], [ 116.327629806166797, 40.00678738354727 ], [ 116.327628895431076, 40.00679488809525 ], [ 116.327555823644474, 40.007891134329284 ], [ 116.327309159336664, 40.008350748282851 ], [ 116.326860914526577, 40.008763323439453 ], [ 116.326240304480308, 40.009292352779418 ], [ 116.326238486993631, 40.009293939082951 ], [ 116.325886997409057, 40.00960807257951 ], [ 116.32573420596492, 40.009602911653062 ], [ 116.324026772241936, 40.009532535007409 ], [ 116.324025102730857, 40.009532475361112 ], [ 116.322782514646192, 40.009494902118561 ], [ 116.322782514646192, 40.009522677523435 ], [ 116.32258266720784, 40.009522677523435 ], [ 116.322581633175986, 40.009523570698889 ], [ 116.322782469351026, 40.009523570698889 ], [ 116.322782469351026, 40.00967522864854 ], [ 116.324015062220653, 40.009712499392379 ] ] ], [ [ [ 116.329236797445674, 40.004833807170122 ], [ 116.329002169542562, 40.004833807170122 ], [ 116.329002108616365, 40.00483470585074 ], [ 116.329236736522446, 40.00483470585074 ], [ 116.329236797445674, 40.004833807170122 ] ] ], [ [ [ 116.32933874114363, 40.004636017084145 ], [ 116.32933874114363, 40.00447409113184 ], [ 116.329386999431819, 40.00447409113184 ], [ 116.329378314725304, 40.004469696776631 ], [ 116.329368137097305, 40.004465584392825 ], [ 116.329357484327815, 40.004462258974179 ], [ 116.329346459008519, 40.004459752546147 ], [ 116.32933516731886, 40.004458089246931 ], [ 116.329323718003607, 40.004457285094951 ], [ 116.329144218238739, 40.004451485104418 ], [ 116.329132795354795, 40.004451544652625 ], [ 116.329121434312071, 40.004452459429643 ], [ 116.32911024312267, 40.004454220738474 ], [ 116.329099328183872, 40.004456811833919 ], [ 116.329088793266564, 40.004460208081838 ], [ 116.32907873852885, 40.004464377193287 ], [ 116.329069259563539, 40.004469279531513 ], [ 116.329060446489592, 40.004474868488821 ], [ 116.329060289271553, 40.004474989812408 ], [ 116.329338695778148, 40.004474989812408 ], [ 116.329338695778148, 40.004636024281346 ], [ 116.32933874114363, 40.004636017084145 ] ] ] ] } },
{ "type": "Feature", "properties": { "arc_id": "(6, 9)", "length": 238.6735794105181 }, "geometry": { "type": "MultiPolygon", "coordinates": [ [ [ [ 116.321311324793726, 40.008752846708447 ], [ 116.32130213772875, 40.008747754166436 ], [ 116.321292354181921, 40.008743367505332 ], [ 116.321282065567999, 40.008739727712829 ], [ 116.321271368021016, 40.008736868798145 ], [ 116.321260361495845, 40.008734817474163 ], [ 116.321249148834383, 40.008733592907873 ], [ 116.321237834804506, 40.008733206541272 ], [ 116.321226525121318, 40.008733661984436 ], [ 116.321215325459221, 40.008734954981854 ], [ 116.32120434046476, 40.008737073452103 ], [ 116.321193672778563, 40.008739997600806 ], [ 116.321183422076544, 40.008743700105541 ], [ 116.321173684138401, 40.008748146371154 ], [ 116.321164549952854, 40.008753294852959 ], [ 116.320829054801123, 40.008962291699859 ], [ 116.320686159626291, 40.009051288638105 ], [ 116.320499829373787, 40.009167416958533 ], [ 116.320872005708594, 40.009167416958533 ], [ 116.320976540576822, 40.009102311225952 ], [ 116.321238896774943, 40.008938876307376 ], [ 116.322314250126311, 40.009597952187676 ], [ 116.322314250126311, 40.009523570698889 ], [ 116.322561796121178, 40.009523570698889 ], [ 116.322560652970864, 40.009522677523435 ], [ 116.32231429541514, 40.009522677523435 ], [ 116.32231429541514, 40.009367559615661 ], [ 116.321311324793726, 40.008752846708447 ] ] ], [ [ [ 116.320441174839104, 40.00919985836348 ], [ 116.320441174839104, 40.009385575788421 ], [ 116.320441220105636, 40.009385567099372 ], [ 116.320441220105636, 40.009199849674438 ], [ 116.320441174839104, 40.00919985836348 ] ] ] ] } },
{ "type": "Feature", "properties": { "arc_id": "(6, 10)", "length": 843.92187725046188 }, "geometry": { "type": "MultiPolygon", "coordinates": [ [ [ [ 116.321321446655773, 40.008759050438655 ], [ 116.321173263291783, 40.008617503725851 ], [ 116.321168715783813, 40.008613415980378 ], [ 116.320549615654983, 40.008089416437222 ], [ 116.32054152468595, 40.008083206050479 ], [ 116.320532685150212, 40.008077631594347 ], [ 116.320523181207037, 40.008072746141877 ], [ 116.320513103341298, 40.008068596206265 ], [ 116.320502547501917, 40.008065221298011 ], [ 116.320491614188569, 40.008062653548819 ], [ 116.3204804074946, 40.008060917405544 ], [ 116.320469034116201, 40.008060029397598 ], [ 116.320431068177854, 40.008058498734407 ], [ 116.320433385112779, 40.007971829832385 ], [ 116.320458432623425, 40.007662804629447 ], [ 116.320458580632078, 40.007653894076711 ], [ 116.320457583202497, 40.007645015867475 ], [ 116.320455450093235, 40.007636256860167 ], [ 116.320452202173612, 40.007627702746987 ], [ 116.320447871219528, 40.007619437215524 ], [ 116.320442499602422, 40.007611541130125 ], [ 116.320436139874857, 40.007604091740653 ], [ 116.320428854256335, 40.007597161926761 ], [ 116.320420714024579, 40.007590819484967 ], [ 116.320411798818128, 40.00758512646528 ], [ 116.320402195857312, 40.007580138564236 ], [ 116.320391999090958, 40.007575904579951 ], [ 116.320381308277092, 40.00757246593475 ], [ 116.320370228007206, 40.00756985626991 ], [ 116.32035886668281, 40.007568101116547 ], [ 116.320347335455153, 40.007567217645814 ], [ 116.319943109828486, 40.007551715217254 ], [ 116.319948338813845, 40.007497458820851 ], [ 116.319948628064608, 40.007488721636918 ], [ 116.319947815035576, 40.007480004012784 ], [ 116.319945907378468, 40.007471387989064 ], [ 116.319942923046469, 40.007462954650215 ], [ 116.319938890125172, 40.007454783361389 ], [ 116.31993384656829, 40.00744695102167 ], [ 116.31992783984046, 40.007439531340232 ], [ 116.319433790981009, 40.006890536290314 ], [ 116.319455566198855, 40.006686260643519 ], [ 116.319455943404478, 40.006677485325348 ], [ 116.319455208047785, 40.006668723443532 ], [ 116.319453367113169, 40.006660058213477 ], [ 116.319450438085255, 40.006651571932615 ], [ 116.319446448782642, 40.00664334519881 ], [ 116.319441437093829, 40.006635456144885 ], [ 116.319435450617291, 40.006627979696496 ], [ 116.319428546209423, 40.006620986860632 ], [ 116.319420789444521, 40.006614544051182 ], [ 116.319412253992056, 40.006608712458146 ], [ 116.319403020916909, 40.006603547466582 ], [ 116.319315520970406, 40.006559447514967 ], [ 116.31930957742928, 40.006556642781995 ], [ 116.319144477553309, 40.006483842865102 ], [ 116.319134358157044, 40.006479869177561 ], [ 116.319123785794005, 40.006476667999429 ], [ 116.319112859905928, 40.006474269440396 ], [ 116.31910168325976, 40.006472696060868 ], [ 116.317812082292363, 40.006340467808599 ], [ 116.317842405622756, 40.005881370271403 ], [ 116.317842439541622, 40.005880824012934 ], [ 116.317847439395209, 40.005794824006728 ], [ 116.317847446976458, 40.00579469141659 ], [ 116.317869546306966, 40.005401591388889 ], [ 116.317869489268915, 40.005392900397894 ], [ 116.317868343546252, 40.005384254071807 ], [ 116.317866119801266, 40.005375732872047 ], [ 116.317862838728203, 40.005367416095595 ], [ 116.317858530860605, 40.005359381137019 ], [ 116.317853236287121, 40.005351702768394 ], [ 116.317847004278505, 40.005344452443317 ], [ 116.31783989282907, 40.005337697632122 ], [ 116.317831968117048, 40.005331501193922 ], [ 116.317823303888602, 40.005325920791691 ], [ 116.317813980771717, 40.005321008355679 ], [ 116.317804085525765, 40.005316809600131 ], [ 116.31779371023427, 40.005313363597949 ], [ 116.317782951447839, 40.005310702416956 ], [ 116.317771909285838, 40.005308850821635 ], [ 116.317760686504599, 40.005307826042603 ], [ 116.317163708575777, 40.005275665708652 ], [ 116.317163708575777, 40.00545629556018 ], [ 116.317630526710275, 40.005481444410606 ], [ 116.317613356765889, 40.005786842168121 ], [ 116.317608376356176, 40.005872502700228 ], [ 116.317572593472562, 40.006414229567135 ], [ 116.317572580463221, 40.006423169152882 ], [ 116.317573719581176, 40.006432065722272 ], [ 116.317575999611492, 40.006440831683271 ], [ 116.317579398106403, 40.006449380729677 ], [ 116.317583881606026, 40.006457628690967 ], [ 116.317589405967965, 40.006465494360924 ], [ 116.317595916801849, 40.006472900297204 ], [ 116.317603350004802, 40.006479773583784 ], [ 116.317611632392627, 40.006486046548901 ], [ 116.317620682420241, 40.00649165743129 ], [ 116.317630410984648, 40.006496550988338 ], [ 116.317640722302158, 40.006500679039867 ], [ 116.317651514851462, 40.006504000942641 ], [ 116.317662682373182, 40.006506483990393 ], [ 116.317674114915988, 40.006508103735975 ], [ 116.319047895226674, 40.006648964081634 ], [ 116.319189996365694, 40.006711622858859 ], [ 116.3192163452605, 40.006724902719959 ], [ 116.319196833428521, 40.006907939210564 ], [ 116.319196457446495, 40.006916774872387 ], [ 116.319197209347976, 40.006925596334256 ], [ 116.319199081893785, 40.00693431866047 ], [ 116.319202057054994, 40.006942857869838 ], [ 116.319206106186215, 40.006951131744238 ], [ 116.319211190301488, 40.006959060620211 ], [ 116.319217260449776, 40.006966568156059 ], [ 116.319711601293449, 40.007515889910266 ], [ 116.319700560962858, 40.0076304410454 ], [ 116.319700279209954, 40.007639415636277 ], [ 116.319701160305229, 40.007648367236648 ], [ 116.319703195501106, 40.007657206969427 ], [ 116.319706364591283, 40.007665847068196 ], [ 116.319710636111466, 40.007674201748586 ], [ 116.319715967651661, 40.007682188060024 ], [ 116.319722306277328, 40.007689726709273 ], [ 116.319729589054816, 40.007696742847813 ], [ 116.319737743676299, 40.007703166814871 ], [ 116.319746689177606, 40.007708934829111 ], [ 116.319756336742159, 40.007713989621948 ], [ 116.319766590582802, 40.007718281006099 ], [ 116.319777348892771, 40.007721766373855 ], [ 116.319788504856533, 40.007724411120229 ], [ 116.319799947710393, 40.007726188986382 ], [ 116.319811563842151, 40.007727082320535 ], [ 116.320217187733093, 40.007742638801361 ], [ 116.320199366869673, 40.007962495223175 ], [ 116.320199164688603, 40.00796624811732 ], [ 116.320194464388351, 40.008142048110116 ], [ 116.320194774532794, 40.008150707249222 ], [ 116.320196164675508, 40.008159303458982 ], [ 116.320198621965645, 40.008167757271288 ], [ 116.320202123687068, 40.008175990534475 ], [ 116.320206637468317, 40.008183927135683 ], [ 116.320212121581775, 40.008191493704587 ], [ 116.32021852532958, 40.008198620291566 ], [ 116.320225789512179, 40.008205241014437 ], [ 116.320233846975569, 40.008211294667532 ], [ 116.320242623232218, 40.008216725287397 ], [ 116.320252037149515, 40.008221482670301 ], [ 116.320262001700002, 40.008225522836298 ], [ 116.32027242476569, 40.008228808435746 ], [ 116.320283209989881, 40.008231309094668 ], [ 116.320294257667712, 40.008233001695537 ], [ 116.320305465668142, 40.008233870590985 ], [ 116.320408610529356, 40.008238029130816 ], [ 116.320992930924305, 40.00873259229914 ], [ 116.321147036484618, 40.008879796321537 ], [ 116.321155655999078, 40.008887160966474 ], [ 116.321165275055733, 40.008893753243441 ], [ 116.322314250126311, 40.009597952141071 ], [ 116.322314250126311, 40.009523570698889 ], [ 116.322561796121178, 40.009523570698889 ], [ 116.322560652970864, 40.009522677523435 ], [ 116.32231429541514, 40.009522677523435 ], [ 116.32231429541514, 40.009367559637049 ], [ 116.321321446655773, 40.008759050438655 ] ] ], [ [ [ 116.316909315153893, 40.00521672246218 ], [ 116.316695508271792, 40.00521672246218 ], [ 116.316695508271792, 40.005094455625454 ], [ 116.3166954630574, 40.005094508728625 ], [ 116.3166954630574, 40.005217598543084 ], [ 116.316909269833559, 40.005217598543084 ], [ 116.316909315153893, 40.00521672246218 ] ] ], [ [ [ 116.316674728628229, 40.005218472692604 ], [ 116.316695417842269, 40.005218472692604 ], [ 116.316695417842269, 40.005403140446646 ], [ 116.316695463057385, 40.005403183234485 ], [ 116.316695463057385, 40.005217598543084 ], [ 116.316674773851716, 40.005217598543084 ], [ 116.316674728628229, 40.005218472692604 ] ] ] ] } },
{ "type": "Feature", "properties": { "arc_id": "(6, 11)", "length": 1803.0680260298691 }, "geometry": { "type": "MultiPolygon", "coordinates": [ [ [ [ 116.321321446655773, 40.008759050438655 ], [ 116.321201362509839, 40.008644344530524 ], [ 116.321233149225989, 40.00818175242182 ], [ 116.321248186849331, 40.008012750197501 ], [ 116.321248214254979, 40.008012434032089 ], [ 116.321301013193477, 40.007386733970584 ], [ 116.321301092555416, 40.007385701854496 ], [ 116.321303791516229, 40.007346815870839 ], [ 116.321345171567359, 40.006754087129593 ], [ 116.321358651395499, 40.006579644317732 ], [ 116.321358701718665, 40.006578947516758 ], [ 116.321381782993896, 40.00623531755334 ], [ 116.321384462685003, 40.006199587525991 ], [ 116.321421363642088, 40.005705263467455 ], [ 116.321424267971125, 40.005665904237063 ], [ 116.321424281683335, 40.005665714885467 ], [ 116.32147843972399, 40.004903387192869 ], [ 116.321483280679885, 40.004848156506981 ], [ 116.321378349951615, 40.004848156506981 ], [ 116.321378349951615, 40.004489331582242 ], [ 116.321514731595414, 40.004489331582242 ], [ 116.32151480970127, 40.004488440468897 ], [ 116.32137839521927, 40.004488440468897 ], [ 116.32137839521927, 40.004129615521776 ], [ 116.32154626061876, 40.004129615521776 ], [ 116.321546388278833, 40.004128159042153 ], [ 116.321546411939593, 40.004127882766305 ], [ 116.321608610677984, 40.003384182693765 ], [ 116.32166580198475, 40.002689859944951 ], [ 116.321431030243332, 40.002689859944951 ], [ 116.321374785710461, 40.003372660625615 ], [ 116.321312599636627, 40.004116178964139 ], [ 116.321248283374288, 40.004849937583309 ], [ 116.321378259414161, 40.004849937583309 ], [ 116.321378259414161, 40.005208763635608 ], [ 116.321222084699897, 40.005208763635608 ], [ 116.32119032506202, 40.005655790315146 ], [ 116.321187434166561, 40.005694966027086 ], [ 116.321150536433706, 40.006189224364448 ], [ 116.321147837273173, 40.006225212352881 ], [ 116.321147798883757, 40.006225752393171 ], [ 116.321124721706923, 40.006569303889833 ], [ 116.321111248327711, 40.006743655548433 ], [ 116.321111210489036, 40.006744170039866 ], [ 116.321069809480804, 40.007337169990144 ], [ 116.321067143294613, 40.007375581794435 ], [ 116.321014399108449, 40.008000607749089 ], [ 116.320999312885633, 40.008170149667308 ], [ 116.320999202798703, 40.00817154591045 ], [ 116.320965001952317, 40.008669245869257 ], [ 116.320964994514071, 40.008678644741877 ], [ 116.320966260475231, 40.008687993065273 ], [ 116.320968786058515, 40.008697189099315 ], [ 116.320972543777899, 40.008706132761255 ], [ 116.320977492737626, 40.008714726714942 ], [ 116.320983579077293, 40.008722877430145 ], [ 116.320990736558088, 40.008730496200471 ], [ 116.321147036484618, 40.008879796321537 ], [ 116.321155655999078, 40.008887160966474 ], [ 116.321165275055733, 40.008893753243441 ], [ 116.322314250126311, 40.009597952141071 ], [ 116.322314250126311, 40.009523570698889 ], [ 116.322561796121178, 40.009523570698889 ], [ 116.322560652970864, 40.009522677523435 ], [ 116.32231429541514, 40.009522677523435 ], [ 116.32231429541514, 40.009367559637049 ], [ 116.321321446655773, 40.008759050438655 ] ] ], [ [ [ 116.321695431775638, 40.002330143774614 ], [ 116.321460661244785, 40.002330143774614 ], [ 116.321460587840818, 40.002331034888407 ], [ 116.321695358374669, 40.002331034888407 ], [ 116.321695431775638, 40.002330143774614 ] ] ], [ [ [ 116.321729353274577, 40.001970427582819 ], [ 116.32149388084369, 40.001970427582819 ], [ 116.321493764762863, 40.00197131869669 ], [ 116.321729237196777, 40.00197131869669 ], [ 116.321729353274577, 40.001970427582819 ] ] ], [ [ [ 116.321776210432247, 40.001610711369722 ], [ 116.321540739224943, 40.001610711369722 ], [ 116.321540623144116, 40.001611602483671 ], [ 116.321776094354448, 40.001611602483671 ], [ 116.321776210432247, 40.001610711369722 ] ] ], [ [ [ 116.321820974526744, 40.001250995135507 ], [ 116.321585783807492, 40.001250995135507 ], [ 116.321585682515618, 40.00125188624952 ], [ 116.321820873237897, 40.00125188624952 ], [ 116.321820974526744, 40.001250995135507 ] ] ], [ [ [ 116.32184870313408, 40.001007045761206 ], [ 116.321848965057612, 40.001004235529052 ], [ 116.321891764058606, 40.000416235478028 ], [ 116.321942863671055, 39.999712624306135 ], [ 116.321942972286649, 39.999710795002613 ], [ 116.321971531235363, 39.999091805110353 ], [ 116.321847342174792, 39.999091805110353 ], [ 116.321847342174792, 39.998732980918362 ], [ 116.321988086661918, 39.998732980918362 ], [ 116.322007988443175, 39.998301627454957 ], [ 116.322247859397351, 39.996806432591931 ], [ 116.322248704704577, 39.996797642565596 ], [ 116.322248429210049, 39.996788831076366 ], [ 116.322247035550888, 39.996780082458415 ], [ 116.322244537066155, 39.996771480444188 ], [ 116.322240957669081, 39.996763107362959 ], [ 116.3222363316182, 39.99675504335282 ], [ 116.322230703189419, 39.996747365593833 ], [ 116.322224126252351, 39.996740147569156 ], [ 116.322216663754531, 39.996733458361909 ], [ 116.322208387119147, 39.996727361993891 ], [ 116.322199375561354, 39.996721916812916 ], [ 116.322189715330055, 39.99671717493429 ], [ 116.322179498882548, 39.996713181742074 ], [ 116.322168823999576, 39.996709975454706 ], [ 116.32215779284941, 39.996707586759271 ], [ 116.32214651101016, 39.99670603851775 ], [ 116.322135086459141, 39.996705345548158 ], [ 116.321113879184438, 39.996681954221444 ], [ 116.321138763714188, 39.99642955960298 ], [ 116.32119938074311, 39.996073381486603 ], [ 116.321268583566692, 39.995726566706651 ], [ 116.321268766611865, 39.995725615533061 ], [ 116.3212806665058, 39.995661415520395 ], [ 116.321280790563392, 39.995660727242111 ], [ 116.321325590139395, 39.995404927194208 ], [ 116.321325717455011, 39.995404176402118 ], [ 116.321369587873676, 39.995136707197773 ], [ 116.321133454692685, 39.995136707197773 ], [ 116.321093344192974, 39.995381247879962 ], [ 116.321048669783409, 39.995636328318888 ], [ 116.321036921657182, 39.995699708388997 ], [ 116.320967615909481, 39.99604703310473 ], [ 116.320967251086245, 39.996049006795133 ], [ 116.320906050489157, 39.996408606729517 ], [ 116.320905395024752, 39.996413487563778 ], [ 116.320870994434685, 39.996762387524583 ], [ 116.320870696720391, 39.996771484256818 ], [ 116.320871593598824, 39.996780557687515 ], [ 116.320873675921234, 39.996789515256836 ], [ 116.320876922445919, 39.996798265586904 ], [ 116.320881300054864, 39.996806719413868 ], [ 116.320886764091583, 39.996814790498497 ], [ 116.32089325881671, 39.996822396505991 ], [ 116.3209007179765, 39.996829459845877 ], [ 116.320909065478759, 39.996835908463531 ], [ 116.320918216169076, 39.996841676575187 ], [ 116.320928076699431, 39.996846705339074 ], [ 116.320938546480505, 39.996850943455669 ], [ 116.320949518707806, 39.996854347690991 ], [ 116.320960881451285, 39.996856883317648 ], [ 116.320972518797035, 39.996858524469154 ], [ 116.320984312029864, 39.996859254403752 ], [ 116.321999595633955, 39.996882511168586 ], [ 116.321774838144862, 39.998283467032415 ], [ 116.321774030134392, 39.998291304964418 ], [ 116.321708869949816, 39.99970348980311 ], [ 116.321657835555868, 40.000406169959149 ], [ 116.321622459215135, 40.000892169994415 ], [ 116.321847025322072, 40.000892169994415 ], [ 116.321847025322072, 40.001021806732957 ], [ 116.32184870313408, 40.001007045761206 ] ] ], [ [ [ 116.321379571927935, 39.995075836407565 ], [ 116.321379571927935, 39.994786094291484 ], [ 116.321379526678825, 39.994786060972288 ], [ 116.321379526678825, 39.995076112282369 ], [ 116.321379571927935, 39.995075836407565 ] ] ], [ [ [ 116.321366113998664, 39.994777384281193 ], [ 116.321365310657569, 39.994776990611797 ], [ 116.321231659922802, 39.994776990611797 ], [ 116.321230007248914, 39.994777880577111 ], [ 116.321366936123155, 39.994777880577111 ], [ 116.321366113998664, 39.994777384281193 ] ] ] ] } },
{ "type": "Feature", "properties": { "arc_id": "(6, 12)", "length": 1696.6293956988675 }, "geometry": { "type": "MultiPolygon", "coordinates": [ [ [ [ 116.321321446655773, 40.008759050438655 ], [ 116.321201362509839, 40.008644344530524 ], [ 116.321233149225989, 40.00818175242182 ], [ 116.321248186849331, 40.008012750197501 ], [ 116.321248214254979, 40.008012434032089 ], [ 116.321301013193477, 40.007386733970584 ], [ 116.321301092555416, 40.007385701854496 ], [ 116.321303791516229, 40.007346815870839 ], [ 116.321345171567359, 40.006754087129593 ], [ 116.321358651395499, 40.006579644317732 ], [ 116.321358701718665, 40.006578947516758 ], [ 116.321381782993896, 40.00623531755334 ], [ 116.321384462685003, 40.006199587525991 ], [ 116.321421363642088, 40.005705263467455 ], [ 116.321424267971125, 40.005665904237063 ], [ 116.321424281683335, 40.005665714885467 ], [ 116.32147843972399, 40.004903387192869 ], [ 116.321483280679885, 40.004848156506981 ], [ 116.321378349951615, 40.004848156506981 ], [ 116.321378349951615, 40.004489331582242 ], [ 116.321514731595414, 40.004489331582242 ], [ 116.32151480970127, 40.004488440468897 ], [ 116.32137839521927, 40.004488440468897 ], [ 116.32137839521927, 40.004129615521776 ], [ 116.32154626061876, 40.004129615521776 ], [ 116.321546388278833, 40.004128159042153 ], [ 116.321546411939593, 40.004127882766305 ], [ 116.321608610677984, 40.003384182693765 ], [ 116.32166580198475, 40.002689859944951 ], [ 116.321431030243332, 40.002689859944951 ], [ 116.321374785710461, 40.003372660625615 ], [ 116.321312599636627, 40.004116178964139 ], [ 116.321248283374288, 40.004849937583309 ], [ 116.321378259414161, 40.004849937583309 ], [ 116.321378259414161, 40.005208763635608 ], [ 116.321222084699897, 40.005208763635608 ], [ 116.32119032506202, 40.005655790315146 ], [ 116.321187434166561, 40.005694966027086 ], [ 116.321150536433706, 40.006189224364448 ], [ 116.321147837273173, 40.006225212352881 ], [ 116.321147798883757, 40.006225752393171 ], [ 116.321124721706923, 40.006569303889833 ], [ 116.321111248327711, 40.006743655548433 ], [ 116.321111210489036, 40.006744170039866 ], [ 116.321069809480804, 40.007337169990144 ], [ 116.321067143294613, 40.007375581794435 ], [ 116.321014399108449, 40.008000607749089 ], [ 116.320999312885633, 40.008170149667308 ], [ 116.320999202798703, 40.00817154591045 ], [ 116.320965001952317, 40.008669245869257 ], [ 116.320964994514071, 40.008678644741877 ], [ 116.320966260475231, 40.008687993065273 ], [ 116.320968786058515, 40.008697189099315 ], [ 116.320972543777899, 40.008706132761255 ], [ 116.320977492737626, 40.008714726714942 ], [ 116.320983579077293, 40.008722877430145 ], [ 116.320990736558088, 40.008730496200471 ], [ 116.321147036484618, 40.008879796321537 ], [ 116.321155655999078, 40.008887160966474 ], [ 116.321165275055733, 40.008893753243441 ], [ 116.322314250126311, 40.009597952141071 ], [ 116.322314250126311, 40.009523570698889 ], [ 116.322561796121178, 40.009523570698889 ], [ 116.322560652970864, 40.009522677523435 ], [ 116.32231429541514, 40.009522677523435 ], [ 116.32231429541514, 40.009367559637049 ], [ 116.321321446655773, 40.008759050438655 ] ] ], [ [ [ 116.321695431775638, 40.002330143774614 ], [ 116.321460661244785, 40.002330143774614 ], [ 116.321460587840818, 40.002331034888407 ], [ 116.321695358374669, 40.002331034888407 ], [ 116.321695431775638, 40.002330143774614 ] ] ], [ [ [ 116.321729353274577, 40.001970427582819 ], [ 116.32149388084369, 40.001970427582819 ], [ 116.321493764762863, 40.00197131869669 ], [ 116.321729237196777, 40.00197131869669 ], [ 116.321729353274577, 40.001970427582819 ] ] ], [ [ [ 116.321776210432247, 40.001610711369722 ], [ 116.321540739224943, 40.001610711369722 ], [ 116.321540623144116, 40.001611602483671 ], [ 116.321776094354448, 40.001611602483671 ], [ 116.321776210432247, 40.001610711369722 ] ] ], [ [ [ 116.321820974526744, 40.001250995135507 ], [ 116.321585783807492, 40.001250995135507 ], [ 116.321585682515618, 40.00125188624952 ], [ 116.321820873237897, 40.00125188624952 ], [ 116.321820974526744, 40.001250995135507 ] ] ], [ [ [ 116.32184870313408, 40.001007045761206 ], [ 116.321848965057612, 40.001004235529052 ], [ 116.321891764058606, 40.000416235478028 ], [ 116.321942863671055, 39.999712624306135 ], [ 116.321942972286649, 39.999710795002613 ], [ 116.321971531233473, 39.999091805110353 ], [ 116.321847342174792, 39.999091805110353 ], [ 116.321847342174792, 39.998732980918362 ], [ 116.321988086658919, 39.998732980918362 ], [ 116.322008169878231, 39.99829769491739 ], [ 116.322008026053368, 39.998289012448105 ], [ 116.322006796120093, 39.998280380952401 ], [ 116.322004491503506, 39.998271880606936 ], [ 116.322001133611167, 39.998263590370058 ], [ 116.321996753634409, 39.99825558724848 ], [ 116.321991392258468, 39.998247945581873 ], [ 116.321985099284603, 39.998240736352436 ], [ 116.32197793316746, 39.998234026525452 ], [ 116.321969960472131, 39.998227878427372 ], [ 116.321961255255786, 39.998222349166802 ], [ 116.32195189837978, 39.998217490104025 ], [ 116.321941976758609, 39.998213346374079 ], [ 116.321931582552523, 39.99820995646725 ], [ 116.321920812311447, 39.998207351871784 ], [ 116.32190976607825, 39.998205556781301 ], [ 116.321898546459309, 39.998204587870056 ], [ 116.321887257671619, 39.998204454138047 ], [ 116.320944158909967, 39.9982282541175 ], [ 116.320943427099039, 39.998228274343703 ], [ 116.320721601847097, 39.998234939052239 ], [ 116.319908793892694, 39.998246801233719 ], [ 116.319436010585349, 39.998244906912333 ], [ 116.319421807596285, 39.998244850736427 ], [ 116.319403096627767, 39.997865356224231 ], [ 116.319397496850527, 39.997658274953032 ], [ 116.319163161333861, 39.997658274953032 ], [ 116.319168882532225, 39.997869873165179 ], [ 116.319168941332137, 39.997871413762823 ], [ 116.319191940536001, 39.998337913779089 ], [ 116.319192896939555, 39.998346481601459 ], [ 116.319194911084068, 39.998354940267653 ], [ 116.319197964620372, 39.998363212716129 ], [ 116.319202029730008, 39.998371223581863 ], [ 116.319207069378621, 39.99837889988288 ], [ 116.319213037653469, 39.998386171685233 ], [ 116.31921988018162, 39.998392972740056 ], [ 116.319227534625298, 39.998399241087135 ], [ 116.319235931249793, 39.998404919619468 ], [ 116.319244993558797, 39.99840995660341 ], [ 116.319254638991367, 39.99841430615011 ], [ 116.319264779673873, 39.998417928633501 ], [ 116.319275323220893, 39.998420791051338 ], [ 116.3192861735766, 39.998422867325878 ], [ 116.319297231890033, 39.998424138541445 ], [ 116.319308397415583, 39.998424593116738 ], [ 116.319434793416505, 39.998425093102313 ], [ 116.31990899003452, 39.998426993093929 ], [ 116.31991182194578, 39.998426978107069 ], [ 116.3207272230173, 39.998415078100578 ], [ 116.32072957261866, 39.998415025661075 ], [ 116.320952207045579, 39.998408336647543 ], [ 116.32176958197536, 39.998387709887027 ], [ 116.321708869949816, 39.99970348980311 ], [ 116.321657835555868, 40.000406169959149 ], [ 116.321622459215135, 40.000892169994415 ], [ 116.321847025322072, 40.000892169994415 ], [ 116.321847025322072, 40.001021806732957 ], [ 116.32184870313408, 40.001007045761206 ] ] ], [ [ [ 116.319414622285436, 39.997298558497818 ], [ 116.319178705988023, 39.997298558497818 ], [ 116.319178569968116, 39.997299443075086 ], [ 116.319414486268542, 39.997299443075086 ], [ 116.319414622285436, 39.997298558497818 ] ] ], [ [ [ 116.319462677293956, 39.996938842023468 ], [ 116.319234857299833, 39.996938842023468 ], [ 116.319234545199819, 39.99693972660085 ], [ 116.319462941617516, 39.99693972660085 ], [ 116.319462677293956, 39.996938842023468 ] ] ] ] } },
{ "type": "Feature", "properties": { "arc_id": "(6, 13)", "length": 1410.1740604144572 }, "geometry": { "type": "MultiPolygon", "coordinates": [ [ [ [ 116.324015897255407, 40.009712524637223 ], [ 116.324027246426439, 40.009712444702032 ], [ 116.324038532289521, 40.009711520734392 ], [ 116.324049648938896, 40.009709761404743 ], [ 116.324060492056788, 40.009707183222517 ], [ 116.32407095989214, 40.009703810381161 ], [ 116.324080954215688, 40.009699674531177 ], [ 116.324090381241518, 40.009694814483062 ], [ 116.324099152507259, 40.00968927584313 ], [ 116.324107185704236, 40.009683110585534 ], [ 116.324114405449805, 40.009676376564528 ], [ 116.324120743994683, 40.009669136971617 ], [ 116.324126141858869, 40.009661459742489 ], [ 116.324130548389576, 40.009653416919576 ], [ 116.324133922236683, 40.009645083975968 ], [ 116.324136231740724, 40.009636539107206 ], [ 116.324137455229959, 40.009627862497467 ], [ 116.324208853665979, 40.008707062413251 ], [ 116.324208907330515, 40.008706318559049 ], [ 116.324271084210665, 40.007774841103476 ], [ 116.324353957817451, 40.006685863498049 ], [ 116.324354092316852, 40.006683614701004 ], [ 116.324382591200475, 40.006029014663277 ], [ 116.324382630748616, 40.00602790004789 ], [ 116.32440152847488, 40.005338940021431 ], [ 116.324424194366273, 40.004545985841133 ], [ 116.324441226981477, 40.004264690742509 ], [ 116.324488325443795, 40.003486794212868 ], [ 116.324558806122454, 40.002324777375968 ], [ 116.32432425039147, 40.002324777375968 ], [ 116.324254274802314, 40.003478401874879 ], [ 116.324207173023069, 40.004256309328063 ], [ 116.324190072553819, 40.004538709118357 ], [ 116.324189974032777, 40.004540919893095 ], [ 116.324167272676974, 40.00533501985916 ], [ 116.324148384550824, 40.006023542432033 ], [ 116.324119956679795, 40.006676460136241 ], [ 116.324037140351791, 40.007764636285977 ], [ 116.324037094271944, 40.007765281398186 ], [ 116.323974917520673, 40.008696709310584 ], [ 116.323910378776176, 40.009529006963483 ], [ 116.322782514646192, 40.009494902171525 ], [ 116.322782514646192, 40.009522677523435 ], [ 116.32258266720784, 40.009522677523435 ], [ 116.322581633175986, 40.009523570698889 ], [ 116.322782469351026, 40.009523570698889 ], [ 116.322782469351026, 40.009675228648319 ], [ 116.324015897255407, 40.009712524637223 ] ] ], [ [ [ 116.324620421150343, 40.001307903698958 ], [ 116.324632920420854, 40.001102409926581 ], [ 116.324632976390603, 40.001101358149036 ], [ 116.32469247416681, 39.999796758071142 ], [ 116.324692315397328, 39.999787947917433 ], [ 116.324691038408702, 39.999779191822732 ], [ 116.324688655414903, 39.99977057353334 ], [ 116.324685189208111, 39.999762175477528 ], [ 116.324680672940659, 39.999754077977094 ], [ 116.324675149808016, 39.999746358479257 ], [ 116.324668672635582, 39.999739090815787 ], [ 116.324661303373446, 39.999732344497033 ], [ 116.324653112503825, 39.999726184046935 ], [ 116.324644178367066, 39.999720668386026 ], [ 116.324634586412245, 39.999715850267862 ], [ 116.324624428379991, 39.999711775774387 ], [ 116.324613801424988, 39.999708483875374 ], [ 116.324602807186807, 39.999706006055575 ], [ 116.324591550817829, 39.99970436601361 ], [ 116.324580139977442, 39.999703579435355 ], [ 116.324152731540096, 39.999690267447576 ], [ 116.324171888597718, 39.999088227244449 ], [ 116.323937528586058, 39.999088227244449 ], [ 116.323915688954457, 39.999774495639905 ], [ 116.32391596335431, 39.999783244489727 ], [ 116.323917340153002, 39.999791931590309 ], [ 116.323919806360323, 39.999800474975501 ], [ 116.32392333870699, 39.999808794035133 ], [ 116.323927903864373, 39.999816810275583 ], [ 116.323933458758731, 39.99982444806043 ], [ 116.323939950977703, 39.999831635324121 ], [ 116.323947319264875, 39.999838304251938 ], [ 116.323955494097703, 39.999844391919801 ], [ 116.32396439834352, 39.999849840888096 ], [ 116.32397394798727, 39.999854599743529 ], [ 116.323984052924189, 39.999858623584352 ], [ 116.323994617810129, 39.999861874443937 ], [ 116.324005542961018, 39.999864321649099 ], [ 116.324016725293532, 39.999865942109402 ], [ 116.324028059297646, 39.999866720535103 ], [ 116.324454241459136, 39.999879994765557 ], [ 116.324398847613622, 40.001094515718322 ], [ 116.324386379245453, 40.001299489939996 ], [ 116.324345958579414, 40.001965957533479 ], [ 116.324580513017992, 40.001965957533479 ], [ 116.324620421150343, 40.001307903698958 ] ] ], [ [ [ 116.323720352820445, 39.998839950584241 ], [ 116.323720352820445, 39.999020290475613 ], [ 116.323720398105479, 39.999020291902056 ], [ 116.323720398105479, 39.998839952010663 ], [ 116.323720352820445, 39.998839950584241 ] ] ] ] } },
{ "type": "Feature", "properties": { "arc_id": "(6, 14)", "length": 905.0977962034932 }, "geometry": { "type": "MultiPolygon", "coordinates": [ [ [ [ 116.321321446655773, 40.008759050438655 ], [ 116.321201362509839, 40.008644344530524 ], [ 116.321233149225989, 40.00818175242182 ], [ 116.321248186849331, 40.008012750197501 ], [ 116.321248214254979, 40.008012434032089 ], [ 116.321301013193477, 40.007386733970584 ], [ 116.321301092555416, 40.007385701854496 ], [ 116.321303791516229, 40.007346815870839 ], [ 116.321345171567359, 40.006754087129593 ], [ 116.321358651395499, 40.006579644317732 ], [ 116.321358701718665, 40.006578947516758 ], [ 116.321381782993896, 40.00623531755334 ], [ 116.321384462685003, 40.006199587525991 ], [ 116.321421363642088, 40.005705263467455 ], [ 116.321424267971125, 40.005665904237063 ], [ 116.321424281683335, 40.005665714885467 ], [ 116.32147843972399, 40.004903387192869 ], [ 116.321483280679885, 40.004848156506981 ], [ 116.321378349951615, 40.004848156506981 ], [ 116.321378349951615, 40.004489331582242 ], [ 116.321514731595414, 40.004489331582242 ], [ 116.32151480970127, 40.004488440468897 ], [ 116.32137839521927, 40.004488440468897 ], [ 116.32137839521927, 40.004129615521776 ], [ 116.32154626061876, 40.004129615521776 ], [ 116.321546388278833, 40.004128159042153 ], [ 116.321546411939593, 40.004127882766305 ], [ 116.321608610677984, 40.003384182693765 ], [ 116.321665801983229, 40.002689859944951 ], [ 116.321431030243332, 40.002689859944951 ], [ 116.321374785710461, 40.003372660625615 ], [ 116.321312599636627, 40.004116178964139 ], [ 116.321248283374288, 40.004849937583309 ], [ 116.321378259414161, 40.004849937583309 ], [ 116.321378259414161, 40.005208763635608 ], [ 116.321222084699897, 40.005208763635608 ], [ 116.32119032506202, 40.005655790315146 ], [ 116.321187434166561, 40.005694966027086 ], [ 116.321150536433706, 40.006189224364448 ], [ 116.321147837273173, 40.006225212352881 ], [ 116.321147798883757, 40.006225752393171 ], [ 116.321124721706923, 40.006569303889833 ], [ 116.321111248327711, 40.006743655548433 ], [ 116.321111210489036, 40.006744170039866 ], [ 116.321069809480804, 40.007337169990144 ], [ 116.321067143294613, 40.007375581794435 ], [ 116.321014399108449, 40.008000607749089 ], [ 116.320999312885633, 40.008170149667308 ], [ 116.320999202798703, 40.00817154591045 ], [ 116.320965001952317, 40.008669245869257 ], [ 116.320964994514071, 40.008678644741877 ], [ 116.320966260475231, 40.008687993065273 ], [ 116.320968786058515, 40.008697189099315 ], [ 116.320972543777899, 40.008706132761255 ], [ 116.320977492737626, 40.008714726714942 ], [ 116.320983579077293, 40.008722877430145 ], [ 116.320990736558088, 40.008730496200471 ], [ 116.321147036484618, 40.008879796321537 ], [ 116.321155655999078, 40.008887160966474 ], [ 116.321165275055733, 40.008893753243441 ], [ 116.322314250126311, 40.009597952141071 ], [ 116.322314250126311, 40.009523570698889 ], [ 116.322561796121178, 40.009523570698889 ], [ 116.322560652970864, 40.009522677523435 ], [ 116.32231429541514, 40.009522677523435 ], [ 116.32231429541514, 40.009367559637049 ], [ 116.321321446655773, 40.008759050438655 ] ] ], [ [ [ 116.321695431773307, 40.002330143774614 ], [ 116.321460661244785, 40.002330143774614 ], [ 116.321460587840818, 40.002331034888407 ], [ 116.321695358372338, 40.002331034888407 ], [ 116.321695431773307, 40.002330143774614 ] ] ], [ [ [ 116.321648312892265, 40.001970427582819 ], [ 116.321553267357032, 40.001970427582819 ], [ 116.321552318101851, 40.001970717915889 ], [ 116.321550805390956, 40.00197131869669 ], [ 116.321651001839172, 40.00197131869669 ], [ 116.321648312892265, 40.001970427582819 ] ] ] ] } },
{ "type": "Feature", "properties": { "arc_id": "(6, 15)", "length": 1034.4793795314508 }, "geometry": { "type": "MultiPolygon", "coordinates": [ [ [ [ 116.321321446655773, 40.008759050438655 ], [ 116.321201362509839, 40.008644344530524 ], [ 116.321233149225989, 40.00818175242182 ], [ 116.321248186849331, 40.008012750197501 ], [ 116.321248214254979, 40.008012434032089 ], [ 116.321301013193477, 40.007386733970584 ], [ 116.321301092555416, 40.007385701854496 ], [ 116.321303791516229, 40.007346815870839 ], [ 116.321345171567359, 40.006754087129593 ], [ 116.321358651395499, 40.006579644317732 ], [ 116.321358701718665, 40.006578947516758 ], [ 116.321381782993896, 40.00623531755334 ], [ 116.321384462685003, 40.006199587525991 ], [ 116.321421363642088, 40.005705263467455 ], [ 116.321424267971125, 40.005665904237063 ], [ 116.321424281683335, 40.005665714885467 ], [ 116.32147843972399, 40.004903387192869 ], [ 116.321483280679885, 40.004848156506981 ], [ 116.321378349951615, 40.004848156506981 ], [ 116.321378349951615, 40.004489331582242 ], [ 116.321514731595414, 40.004489331582242 ], [ 116.32151480970127, 40.004488440468897 ], [ 116.32137839521927, 40.004488440468897 ], [ 116.32137839521927, 40.004129615521776 ], [ 116.32154626061876, 40.004129615521776 ], [ 116.321546388278833, 40.004128159042153 ], [ 116.321546411939593, 40.004127882766305 ], [ 116.321608610677984, 40.003384182693765 ], [ 116.321665802064217, 40.002689859944951 ], [ 116.321431030243332, 40.002689859944951 ], [ 116.321374785710461, 40.003372660625615 ], [ 116.321312599636627, 40.004116178964139 ], [ 116.321248283374288, 40.004849937583309 ], [ 116.321378259414161, 40.004849937583309 ], [ 116.321378259414161, 40.005208763635608 ], [ 116.321222084699897, 40.005208763635608 ], [ 116.32119032506202, 40.005655790315146 ], [ 116.321187434166561, 40.005694966027086 ], [ 116.321150536433706, 40.006189224364448 ], [ 116.321147837273173, 40.006225212352881 ], [ 116.321147798883757, 40.006225752393171 ], [ 116.321124721706923, 40.006569303889833 ], [ 116.321111248327711, 40.006743655548433 ], [ 116.321111210489036, 40.006744170039866 ], [ 116.321069809480804, 40.007337169990144 ], [ 116.321067143294613, 40.007375581794435 ], [ 116.321014399108449, 40.008000607749089 ], [ 116.320999312885633, 40.008170149667308 ], [ 116.320999202798703, 40.00817154591045 ], [ 116.320965001952317, 40.008669245869257 ], [ 116.320964994514071, 40.008678644741877 ], [ 116.320966260475231, 40.008687993065273 ], [ 116.320968786058515, 40.008697189099315 ], [ 116.320972543777899, 40.008706132761255 ], [ 116.320977492737626, 40.008714726714942 ], [ 116.320983579077293, 40.008722877430145 ], [ 116.320990736558088, 40.008730496200471 ], [ 116.321147036484618, 40.008879796321537 ], [ 116.321155655999078, 40.008887160966474 ], [ 116.321165275055733, 40.008893753243441 ], [ 116.322314250126311, 40.009597952141071 ], [ 116.322314250126311, 40.009523570698889 ], [ 116.322561796121178, 40.009523570698889 ], [ 116.322560652970864, 40.009522677523435 ], [ 116.32231429541514, 40.009522677523435 ], [ 116.32231429541514, 40.009367559637049 ], [ 116.321321446655773, 40.008759050438655 ] ] ], [ [ [ 116.321695431896259, 40.002330143774614 ], [ 116.321460661244785, 40.002330143774614 ], [ 116.321460587840818, 40.002331034888407 ], [ 116.321695358495191, 40.002331034888407 ], [ 116.321695431896259, 40.002330143774614 ] ] ], [ [ [ 116.322783465679763, 40.002165672281549 ], [ 116.322783465679763, 40.001985426737797 ], [ 116.321961014540321, 40.001969535397883 ], [ 116.321846980054531, 40.001969535397883 ], [ 116.321846980054531, 40.001967332032009 ], [ 116.321846934786294, 40.001967331157338 ], [ 116.321846934786294, 40.001970427582819 ], [ 116.321553466970329, 40.001970427582819 ], [ 116.321550771055698, 40.00197131869669 ], [ 116.321846889517346, 40.00197131869669 ], [ 116.321846889517346, 40.002147576260576 ], [ 116.322783465679763, 40.002165672281549 ] ] ] ] } },
{ "type": "Feature", "properties": { "arc_id": "(7, 8)", "length": 1021.4058311646174 }, "geometry": { "type": "MultiPolygon", "coordinates": [ [ [ [ 116.327972239789787, 39.99867538701551 ], [ 116.327972350339564, 39.998683991471523 ], [ 116.327973527713141, 39.998692548571064 ], [ 116.327975761170876, 39.998700980255585 ], [ 116.327979030339378, 39.998709209610588 ], [ 116.327983305397325, 39.998717161567193 ], [ 116.327988547347601, 39.998724763586928 ], [ 116.327994708373041, 39.998731946323502 ], [ 116.328001732272412, 39.998738644255262 ], [ 116.328009554973292, 39.998744796283077 ], [ 116.328018105116385, 39.998750346287501 ], [ 116.328027304706609, 39.998755243640844 ], [ 116.328037069824461, 39.998759443668924 ], [ 116.328047311391629, 39.998762908058623 ], [ 116.328057935983452, 39.998765605207431 ], [ 116.329002697838092, 39.998967512243418 ], [ 116.328997503596938, 39.999133859038103 ], [ 116.32897223109579, 39.999694976640612 ], [ 116.328220962803897, 39.999810864879535 ], [ 116.328209412761254, 39.999813121971385 ], [ 116.328198220647437, 39.999816269850861 ], [ 116.328187502285004, 39.999820275941893 ], [ 116.328177368593856, 39.999825098787113 ], [ 116.328167924443534, 39.999830688476862 ], [ 116.328159267567784, 39.999836987165786 ], [ 116.328151487553313, 39.999843929671336 ], [ 116.328144664912571, 39.999851444148341 ], [ 116.328138870250612, 39.99985945283251 ], [ 116.328134163534443, 39.999867872845201 ], [ 116.328130593472451, 39.999876617051022 ], [ 116.328128197010159, 39.999885594959665 ], [ 116.328126998948136, 39.999894713662229 ], [ 116.328117598701539, 40.000039713650807 ], [ 116.328117543587126, 40.000040664826237 ], [ 116.328075144196688, 40.000871025129165 ], [ 116.328056345652897, 40.001231085464383 ], [ 116.328047944516754, 40.001393201948453 ], [ 116.328005043653633, 40.002216291550596 ], [ 116.328002442746723, 40.002266607310055 ], [ 116.327993743192806, 40.002433593276152 ], [ 116.327932341095661, 40.003614394834088 ], [ 116.327887339894588, 40.00447728961754 ], [ 116.327887441877948, 40.004486110581304 ], [ 116.327888665110578, 40.004494881593068 ], [ 116.327890997866106, 40.004503518567219 ], [ 116.327894417781309, 40.004511938703104 ], [ 116.327898892070678, 40.004520061278868 ], [ 116.327904377840611, 40.004527808425244 ], [ 116.32791082250057, 40.00453510587208 ], [ 116.327918164267388, 40.00454188366038 ], [ 116.327926332757329, 40.004548076812966 ], [ 116.327935249661138, 40.004553625957442 ], [ 116.327944829494513, 40.004558477895344 ], [ 116.327954980417772, 40.004562586112172 ], [ 116.327965605116262, 40.004565911223331 ], [ 116.327976601733241, 40.004568421351628 ], [ 116.327987864846449, 40.004570092433028 ], [ 116.327999286478814, 40.004570908447192 ], [ 116.328644687177388, 40.004592590903584 ], [ 116.328870488316952, 40.00461061782481 ], [ 116.328870488316952, 40.004474989812408 ], [ 116.329338695778148, 40.004474989812408 ], [ 116.329338695778148, 40.004636024281346 ], [ 116.32933874114363, 40.004636017084145 ], [ 116.32933874114363, 40.00447409113184 ], [ 116.329386999431819, 40.00447409113184 ], [ 116.329378314725304, 40.004469696776631 ], [ 116.329368137097305, 40.004465584392825 ], [ 116.329357484327815, 40.004462258974179 ], [ 116.329346459008519, 40.004459752546147 ], [ 116.32933516731886, 40.004458089246931 ], [ 116.329323718003607, 40.004457285094951 ], [ 116.329147815616224, 40.004451601345508 ], [ 116.328665397549543, 40.004413087308158 ], [ 116.328658412656338, 40.004412691515753 ], [ 116.328126137878584, 40.004394809851142 ], [ 116.328166458649235, 40.003621610207254 ], [ 116.328227856998225, 40.002440803207584 ], [ 116.32823655653668, 40.00227380659468 ], [ 116.328239157136494, 40.002223493438613 ], [ 116.328282054958137, 40.001400408276822 ], [ 116.328290455061705, 40.00123830099821 ], [ 116.328309253747705, 40.000878214393651 ], [ 116.328351632138606, 40.00004821075543 ], [ 116.328356459687257, 39.999973741374603 ], [ 116.32910913830014, 39.999857634958182 ], [ 116.32911999541875, 39.999855540656249 ], [ 116.329130543073163, 39.999852658981538 ], [ 116.329140684963619, 39.999849016243694 ], [ 116.329150328495061, 39.999844645700755 ], [ 116.329159385622404, 39.999839587255671 ], [ 116.329167773654561, 39.999833887091853 ], [ 116.329175416009235, 39.999827597251617 ], [ 116.329182242912253, 39.999820775160941 ], [ 116.329188192034493, 39.99981348310525 ], [ 116.329193209061017, 39.999805787660698 ], [ 116.329197248186915, 39.999797759086327 ], [ 116.329200272535559, 39.999789470682607 ], [ 116.329202254495101, 39.999780998122276 ], [ 116.329203175970804, 39.999772418759306 ], [ 116.329231674892156, 39.999139618721948 ], [ 116.329231711338736, 39.999138662816542 ], [ 116.329239110934296, 39.998901662805807 ], [ 116.329238790150399, 39.99889249589706 ], [ 116.329237259407464, 39.998883401552227 ], [ 116.329234534564563, 39.998874473989709 ], [ 116.329230643851901, 39.998865805700007 ], [ 116.329225627578026, 39.998857486487488 ], [ 116.329219537712447, 39.99884960254002 ], [ 116.329212437347138, 39.998842235536038 ], [ 116.329204400042812, 39.998835461798393 ], [ 116.329195509066921, 39.998829351503602 ], [ 116.329185856530984, 39.99882396795482 ], [ 116.329175542436204, 39.998819366926078 ], [ 116.329164673637578, 39.998815596084391 ], [ 116.32915336273679, 39.998812694495982 ], [ 116.328209867315508, 39.998611058997561 ], [ 116.328239936234382, 39.998000996252692 ], [ 116.328005481665613, 39.998000996252692 ], [ 116.327972239789787, 39.99867538701551 ] ] ], [ [ [ 116.328259114490976, 39.997641279816172 ], [ 116.328024552480741, 39.997641279816172 ], [ 116.328024495635361, 39.997642178672919 ], [ 116.328259057648665, 39.997642178672919 ], [ 116.328259114490976, 39.997641279816172 ] ] ] ] } },
{ "type": "Feature", "properties": { "arc_id": "(7, 9)", "length": 1860.4600456633809 }, "geometry": { "type": "MultiPolygon", "coordinates": [ [ [ [ 116.326068941229479, 39.999099061826719 ], [ 116.326057986466381, 39.999102394591475 ], [ 116.326047522337191, 39.999106556706955 ], [ 116.326037654669335, 39.999111506080261 ], [ 116.326028483258071, 39.999117192656684 ], [ 116.326020100857221, 39.999123558925866 ], [ 116.326012592241156, 39.999130540503536 ], [ 116.326006033347454, 39.999138066782542 ], [ 116.325541686976678, 39.999733610570466 ], [ 116.324580154000486, 39.999703579872723 ], [ 116.324568617814265, 39.999703656772617 ], [ 116.324557147404477, 39.999704605981023 ], [ 116.324545854015881, 39.999706418292106 ], [ 116.324534847176366, 39.999709076129349 ], [ 116.324524233634833, 39.999712553715938 ], [ 116.324514116325886, 39.999716817324824 ], [ 116.324504593371401, 39.999721825605718 ], [ 116.324495757129142, 39.999727529986259 ], [ 116.324487693296817, 39.999733875142965 ], [ 116.324480480081135, 39.999740799537847 ], [ 116.324474187439137, 39.999748236015172 ], [ 116.324468876399862, 39.999756112452822 ], [ 116.324464598472389, 39.999764352461725 ], [ 116.324461395146315, 39.999772876126706 ], [ 116.324459297489256, 39.999781600781539 ], [ 116.324458325845654, 39.99979044181066 ], [ 116.324398847613622, 40.001094515718322 ], [ 116.324386379245453, 40.001299489939996 ], [ 116.324345958579414, 40.001965957533479 ], [ 116.324580513017992, 40.001965957533479 ], [ 116.324620421150343, 40.001307903698958 ], [ 116.324632920420854, 40.001102409926581 ], [ 116.324632976390603, 40.001101358149036 ], [ 116.32468834514097, 39.999887296550035 ], [ 116.325601647335958, 39.999915820178593 ], [ 116.325613050502071, 39.999915749053322 ], [ 116.325624390648287, 39.999914825576219 ], [ 116.32563556031576, 39.99991305849813 ], [ 116.325646453661193, 39.99991046456379 ], [ 116.325656967459636, 39.999907068353259 ], [ 116.325667002082781, 39.999902902048859 ], [ 116.325676462443099, 39.999898005130362 ], [ 116.325685258894666, 39.99989242400072 ], [ 116.32569330808289, 39.999886211546496 ], [ 116.325700533734235, 39.999879426636603 ], [ 116.325706867379054, 39.999872133564537 ], [ 116.326173816906106, 39.999273249821691 ], [ 116.326188776728969, 39.999272967201399 ], [ 116.326200546063504, 39.999272287455341 ], [ 116.326212166729533, 39.999270700361798 ], [ 116.326223520768551, 39.999268222030921 ], [ 116.326234492928563, 39.999264877619659 ], [ 116.326244971834001, 39.999260701076253 ], [ 116.326254851116246, 39.999255734795781 ], [ 116.326264030493306, 39.999250029189646 ], [ 116.326272416787901, 39.999243642174001 ], [ 116.326279924873177, 39.99923663858177 ], [ 116.326286478536758, 39.999229089504624 ], [ 116.326292011254495, 39.999221071571199 ], [ 116.326296466865614, 39.999212666169392 ], [ 116.32629980014282, 39.999203958620143 ], [ 116.326301977251376, 39.999195037311367 ], [ 116.326302976092492, 39.999185992800811 ], [ 116.326327575153599, 39.998635192768461 ], [ 116.326360079016879, 39.997905476455543 ], [ 116.32666314542611, 39.997912552910279 ], [ 116.326755951122138, 39.997914655342349 ], [ 116.326756162731712, 39.997914659988822 ], [ 116.327934843545222, 39.997939714502124 ], [ 116.327934843545222, 39.997759457453654 ], [ 116.326762743068301, 39.997734542259387 ], [ 116.326670201769005, 39.997732445855497 ], [ 116.326250555113347, 39.997722647105405 ], [ 116.32623908972819, 39.997722811249794 ], [ 116.326227700146219, 39.997723836789554 ], [ 116.326216495512469, 39.997725713897026 ], [ 116.326205583199609, 39.997728424584103 ], [ 116.326195067779111, 39.99773194287463 ], [ 116.326185050019021, 39.997736235053196 ], [ 116.326175625918538, 39.997741259988373 ], [ 116.326166885787856, 39.997746969526766 ], [ 116.326158913382855, 39.997753308954493 ], [ 116.326151785102454, 39.997760217521503 ], [ 116.326145569256454, 39.997767629023734 ], [ 116.326140325410961, 39.997775472437546 ], [ 116.326136103817589, 39.997783672600256 ], [ 116.326132944931814, 39.997792150930522 ], [ 116.326130879025328, 39.997800826181248 ], [ 116.326129925895955, 39.997809615218337 ], [ 116.326093424678845, 39.998629011138597 ], [ 116.326072464645591, 39.999098294106304 ], [ 116.326068941229479, 39.999099061826719 ] ] ], [ [ [ 116.324254274802314, 40.003478401874879 ], [ 116.324207173023069, 40.004256309328063 ], [ 116.324190072553819, 40.004538709118357 ], [ 116.324189974032777, 40.004540919893095 ], [ 116.324167272676974, 40.00533501985916 ], [ 116.324148384550824, 40.006023542432033 ], [ 116.324119956679795, 40.006676460136241 ], [ 116.324043969207295, 40.007674909069813 ], [ 116.3227317693229, 40.007618247538062 ], [ 116.322719537874605, 40.007618211072227 ], [ 116.322707368140513, 40.007619155440999 ], [ 116.322695392764345, 40.007621070351192 ], [ 116.322683742271423, 40.007623934931317 ], [ 116.321074743983004, 40.008092034376645 ], [ 116.321064393338105, 40.0080954924222 ], [ 116.321054523366129, 40.008099700219027 ], [ 116.321045225642877, 40.008104618726328 ], [ 116.321036586434602, 40.008110202309126 ], [ 116.321028685897971, 40.008116399161764 ], [ 116.321021597335985, 40.008123151788546 ], [ 116.321015386518141, 40.008130397537109 ], [ 116.321010111070052, 40.008138069179793 ], [ 116.321005819938776, 40.00814609553742 ], [ 116.321002552938808, 40.008154402139638 ], [ 116.321000340382426, 40.008162911915882 ], [ 116.320999202798703, 40.00817154591045 ], [ 116.320965001952317, 40.008669245869257 ], [ 116.320964994514071, 40.008678644741877 ], [ 116.320966260475231, 40.008687993065273 ], [ 116.320968786058515, 40.008697189099315 ], [ 116.320972543777899, 40.008706132761255 ], [ 116.320977492737626, 40.008714726714942 ], [ 116.320983579077293, 40.008722877430145 ], [ 116.320990736558088, 40.008730496200471 ], [ 116.321073792395751, 40.008809832535349 ], [ 116.320829054801123, 40.008962291699859 ], [ 116.320686159626291, 40.009051288638105 ], [ 116.320499829373787, 40.009167416958533 ], [ 116.320872005708594, 40.009167416958533 ], [ 116.320976540576822, 40.009102311225952 ], [ 116.321312050197491, 40.008893305100528 ], [ 116.321320602238458, 40.008887421426842 ], [ 116.321328364759822, 40.008880922642163 ], [ 116.321335263296476, 40.008873871088916 ], [ 116.321341231671553, 40.008866334412097 ], [ 116.32134621263117, 40.008858384910482 ], [ 116.321350158393741, 40.008850098843006 ], [ 116.321353031108316, 40.008841555697188 ], [ 116.321354803217531, 40.008832837426745 ], [ 116.321355457722177, 40.008824027665199 ], [ 116.321354988344055, 40.008815210923792 ], [ 116.321353399586314, 40.008806471780638 ], [ 116.321350706690154, 40.008797894069467 ], [ 116.321346935488663, 40.008789560075378 ], [ 116.321342122158924, 40.008781549745429 ], [ 116.32133631287509, 40.008773939921852 ], [ 116.321329563365211, 40.008766803604793 ], [ 116.321201362509839, 40.008644344530524 ], [ 116.321229163094515, 40.008239762977141 ], [ 116.322743428178683, 40.00779922337 ], [ 116.324147532525643, 40.007859852555612 ], [ 116.324159012420552, 40.007859914985488 ], [ 116.324170445148695, 40.007859113134934 ], [ 116.324181720938228, 40.007857454702972 ], [ 116.324192731524192, 40.007854955613105 ], [ 116.324203371188048, 40.007851639860412 ], [ 116.324213537772692, 40.007847539281244 ], [ 116.324223133663395, 40.007842693247461 ], [ 116.32423206672496, 40.007837148288409 ], [ 116.324240251186453, 40.007830957644209 ], [ 116.324247608464759, 40.00782418075454 ], [ 116.324254067918986, 40.007816882687884 ], [ 116.324259567528799, 40.007809133516822 ], [ 116.32426405448993, 40.007801007645185 ], [ 116.324267485721066, 40.007792583093696 ], [ 116.324269828277579, 40.007783940750819 ], [ 116.324271059667851, 40.007775163596108 ], [ 116.324353957817451, 40.006685863498049 ], [ 116.324354092316852, 40.006683614701004 ], [ 116.324382591200475, 40.006029014663277 ], [ 116.324382630748616, 40.00602790004789 ], [ 116.32440152847488, 40.005338940021431 ], [ 116.324424194366273, 40.004545985841133 ], [ 116.324441226981477, 40.004264690742509 ], [ 116.324488325443795, 40.003486794212868 ], [ 116.324558806122454, 40.002324777375968 ], [ 116.32432425039147, 40.002324777375968 ], [ 116.324254274802314, 40.003478401874879 ] ] ], [ [ [ 116.320441174839104, 40.00919985836348 ], [ 116.320441174839104, 40.009385575788421 ], [ 116.320441220105636, 40.009385567099372 ], [ 116.320441220105636, 40.009199849674438 ], [ 116.320441174839104, 40.00919985836348 ] ] ], [ [ [ 116.328259114490749, 39.997641279816172 ], [ 116.32802455250021, 39.997641279816172 ], [ 116.328024495654901, 39.997642178672919 ], [ 116.328259057648438, 39.997642178672919 ], [ 116.328259114490749, 39.997641279816172 ] ] ] ] } },
{ "type": "Feature", "properties": { "arc_id": "(7, 10)", "length": 1684.114086455535 }, "geometry": { "type": "MultiPolygon", "coordinates": [ [ [ [ 116.326068941229479, 39.999099061826719 ], [ 116.326057986466381, 39.999102394591475 ], [ 116.326047522337191, 39.999106556706955 ], [ 116.326037654669335, 39.999111506080261 ], [ 116.326028483258071, 39.999117192656684 ], [ 116.326020100857221, 39.999123558925866 ], [ 116.326012592241156, 39.999130540503536 ], [ 116.326006033347454, 39.999138066782542 ], [ 116.325541686976678, 39.999733610570466 ], [ 116.324580154000486, 39.999703579872723 ], [ 116.32403755231968, 39.999686679825501 ], [ 116.321830666774815, 39.999617580301262 ], [ 116.321819281370836, 39.999617649595322 ], [ 116.32180795848943, 39.999618568603999 ], [ 116.321796805091736, 39.999620328645889 ], [ 116.321785926537814, 39.999622913094889 ], [ 116.321775425591483, 39.99962629753707 ], [ 116.321765401449539, 39.999630450001455 ], [ 116.321755948804736, 39.999635331261956 ], [ 116.32174715695119, 39.999640895207925 ], [ 116.321739108941046, 39.999647089279769 ], [ 116.321731880799703, 39.999653854965374 ], [ 116.321725540807847, 39.999661128352926 ], [ 116.321720148856286, 39.999668840734593 ], [ 116.321715755880305, 39.999676919255542 ], [ 116.321712403378399, 39.999685287602226 ], [ 116.321710123020281, 39.999693866723206 ], [ 116.321708936347719, 39.999702575575981 ], [ 116.321657835555868, 40.000406169959149 ], [ 116.321622459215135, 40.000892169994415 ], [ 116.321847025322072, 40.000892169994415 ], [ 116.321847025322072, 40.001021806732957 ], [ 116.32184870313408, 40.001007045761206 ], [ 116.321848965057612, 40.001004235529052 ], [ 116.321891764058606, 40.000416235478028 ], [ 116.321936428710998, 39.999801230746264 ], [ 116.324028036101836, 39.999866719810825 ], [ 116.32457065292688, 39.999883620342402 ], [ 116.325601647335958, 39.999915820178593 ], [ 116.325613050502071, 39.999915749053322 ], [ 116.325624390648287, 39.999914825576219 ], [ 116.32563556031576, 39.99991305849813 ], [ 116.325646453661193, 39.99991046456379 ], [ 116.325656967459636, 39.999907068353259 ], [ 116.325667002082781, 39.999902902048859 ], [ 116.325676462443099, 39.999898005130362 ], [ 116.325685258894666, 39.99989242400072 ], [ 116.32569330808289, 39.999886211546496 ], [ 116.325700533734235, 39.999879426636603 ], [ 116.325706867379054, 39.999872133564537 ], [ 116.326173816906106, 39.999273249821691 ], [ 116.326188776728969, 39.999272967201399 ], [ 116.326200546063504, 39.999272287455341 ], [ 116.326212166729533, 39.999270700361798 ], [ 116.326223520768551, 39.999268222030921 ], [ 116.326234492928563, 39.999264877619659 ], [ 116.326244971834001, 39.999260701076253 ], [ 116.326254851116246, 39.999255734795781 ], [ 116.326264030493306, 39.999250029189646 ], [ 116.326272416787901, 39.999243642174001 ], [ 116.326279924873177, 39.99923663858177 ], [ 116.326286478536758, 39.999229089504624 ], [ 116.326292011254495, 39.999221071571199 ], [ 116.326296466865614, 39.999212666169392 ], [ 116.32629980014282, 39.999203958620143 ], [ 116.326301977251376, 39.999195037311367 ], [ 116.326302976092492, 39.999185992800811 ], [ 116.326327575153599, 39.998635192768461 ], [ 116.326360079016879, 39.997905476455543 ], [ 116.32666314542611, 39.997912552910279 ], [ 116.326755951122138, 39.997914655342349 ], [ 116.326756162731712, 39.997914659988822 ], [ 116.327934843545222, 39.997939714502124 ], [ 116.327934843545222, 39.997759457453654 ], [ 116.326762743068301, 39.997734542259387 ], [ 116.326670201769005, 39.997732445855497 ], [ 116.326250555113347, 39.997722647105405 ], [ 116.32623908972819, 39.997722811249794 ], [ 116.326227700146219, 39.997723836789554 ], [ 116.326216495512469, 39.997725713897026 ], [ 116.326205583199609, 39.997728424584103 ], [ 116.326195067779111, 39.99773194287463 ], [ 116.326185050019021, 39.997736235053196 ], [ 116.326175625918538, 39.997741259988373 ], [ 116.326166885787856, 39.997746969526766 ], [ 116.326158913382855, 39.997753308954493 ], [ 116.326151785102454, 39.997760217521503 ], [ 116.326145569256454, 39.997767629023734 ], [ 116.326140325410961, 39.997775472437546 ], [ 116.326136103817589, 39.997783672600256 ], [ 116.326132944931814, 39.997792150930522 ], [ 116.326130879025328, 39.997800826181248 ], [ 116.326129925895955, 39.997809615218337 ], [ 116.326093424678845, 39.998629011138597 ], [ 116.326072464645591, 39.999098294106304 ], [ 116.326068941229479, 39.999099061826719 ] ] ], [ [ [ 116.321585682555707, 40.00125188624952 ], [ 116.321820873237897, 40.00125188624952 ], [ 116.321820974526744, 40.001250995135507 ], [ 116.321585783847453, 40.001250995135507 ], [ 116.321585682555707, 40.00125188624952 ] ] ], [ [ [ 116.320904689465053, 40.001240780302965 ], [ 116.320892926687151, 40.001240671425506 ], [ 116.320881209015454, 40.001241470344524 ], [ 116.320869654603968, 40.001243169004162 ], [ 116.320858379960441, 40.001245750276176 ], [ 116.32084749877167, 40.001249188132533 ], [ 116.320837120757105, 40.00125344790797 ], [ 116.320827350562595, 40.001258486649427 ], [ 116.320818286705091, 40.001264253549223 ], [ 116.320810020579344, 40.001270690457375 ], [ 116.320802635536353, 40.001277732467848 ], [ 116.320796206042857, 40.001285308573166 ], [ 116.320790796930396, 40.001293342380272 ], [ 116.320786462741751, 40.001301752880927 ], [ 116.320783247180728, 40.001310455268474 ], [ 116.32070462761682, 40.001572648635673 ], [ 116.320118757976488, 40.002639806543229 ], [ 116.320049234630218, 40.002636044825309 ], [ 116.319652947586718, 40.002612963057153 ], [ 116.319641187385557, 40.002612733602767 ], [ 116.31962945655404, 40.002613412345028 ], [ 116.319617873381361, 40.002614992439788 ], [ 116.319606554667672, 40.00261745795396 ], [ 116.319595614546515, 40.002620784026256 ], [ 116.319585163333855, 40.002624937117858 ], [ 116.3195753064158, 40.002629875350607 ], [ 116.31956614318581, 40.002635548929234 ], [ 116.319557766042564, 40.002641900643575 ], [ 116.319550259458268, 40.002648866445327 ], [ 116.319543699126726, 40.002656376094002 ], [ 116.319538151200163, 40.002664353865072 ], [ 116.319533671622182, 40.002672719313686 ], [ 116.319530305563617, 40.002681388085726 ], [ 116.319528086966955, 40.002690272768433 ], [ 116.319527038204242, 40.002699283771875 ], [ 116.319518643808664, 40.002864563952265 ], [ 116.318162007267546, 40.004067160116811 ], [ 116.318155217738891, 40.004073780658715 ], [ 116.318149262755412, 40.004080860324969 ], [ 116.318144194475067, 40.00408833710712 ], [ 116.31814005728954, 40.004096145518574 ], [ 116.318136887435358, 40.004104217168013 ], [ 116.318134712676596, 40.004112481358504 ], [ 116.318133552061667, 40.004120865706696 ], [ 116.318093875993412, 40.004635287535855 ], [ 116.317805166848814, 40.004616139032592 ], [ 116.317804016718156, 40.004616067135693 ], [ 116.316807518014542, 40.004557567222378 ], [ 116.316796204629938, 40.004557324649241 ], [ 116.316784913600543, 40.004557922720558 ], [ 116.316773750301635, 40.004559355854731 ], [ 116.31676281891643, 40.004561610676788 ], [ 116.316752221463858, 40.00456466614326 ], [ 116.316742056846337, 40.004568493738518 ], [ 116.316732419926879, 40.004573057740906 ], [ 116.316723400643696, 40.004578315556145 ], [ 116.316715083170877, 40.004584218114815 ], [ 116.316707545132772, 40.004590710330277 ], [ 116.316700856879621, 40.00459773161289 ], [ 116.316695080830954, 40.004605216435287 ], [ 116.316690270893062, 40.004613094944084 ], [ 116.31668647195589, 40.004621293611706 ], [ 116.316683719474042, 40.004629735922606 ], [ 116.316682039135969, 40.004638343087393 ], [ 116.316681446624116, 40.004647034778067 ], [ 116.316680330355183, 40.004858756678587 ], [ 116.3166954630574, 40.004858756678587 ], [ 116.3166954630574, 40.005186742410544 ], [ 116.316695508271792, 40.005186800958725 ], [ 116.316695508271792, 40.004857882528903 ], [ 116.31691464629246, 40.004857882528903 ], [ 116.316915243147605, 40.00474460438204 ], [ 116.31778560796019, 40.00479569909146 ], [ 116.318193633653308, 40.004822761004448 ], [ 116.318205318945303, 40.004823085594822 ], [ 116.318216988110052, 40.004822512793211 ], [ 116.31822852490437, 40.004821048305629 ], [ 116.318239814403597, 40.004818706720648 ], [ 116.318250744146582, 40.004815511364164 ], [ 116.318261205256007, 40.004811494066928 ], [ 116.318271093522839, 40.004806694847531 ], [ 116.318280310444592, 40.004801161513704 ], [ 116.318288764206443, 40.004794949186135 ], [ 116.318296370595931, 40.0047881197493 ], [ 116.318303053841831, 40.004780741235052 ], [ 116.318308747368846, 40.004772887144895 ], [ 116.318313394460972, 40.004764635717763 ], [ 116.318316948826379, 40.004756069150652 ], [ 116.318319375058479, 40.004747272779838 ], [ 116.31832064898866, 40.004738334230765 ], [ 116.318365090128722, 40.004162106308101 ], [ 116.319722592523348, 40.002958738768932 ], [ 116.319729577972623, 40.002951906582055 ], [ 116.319735674882821, 40.002944588550271 ], [ 116.319740826515002, 40.002936852776791 ], [ 116.319744984927297, 40.002928771252385 ], [ 116.319748111421006, 40.002920419185472 ], [ 116.319750176900669, 40.002911874302114 ], [ 116.319751162144925, 40.002903216122775 ], [ 116.319756419551013, 40.002799694478881 ], [ 116.320031852904421, 40.002815736974839 ], [ 116.320032477911667, 40.002815772084674 ], [ 116.320185878111488, 40.002824072097098 ], [ 116.32019705924435, 40.002824265502561 ], [ 116.320208213407327, 40.002823638072201 ], [ 116.320219238943693, 40.002822195524296 ], [ 116.320230035369079, 40.002819951005904 ], [ 116.32024050428717, 40.002816924973096 ], [ 116.320250550286559, 40.002813145004453 ], [ 116.320260081810204, 40.002808645549848 ], [ 116.320269011989993, 40.002803467616303 ], [ 116.320277259438328, 40.002797658394378 ], [ 116.320284748989991, 40.002791270828034 ], [ 116.320291412387078, 40.002784363132108 ], [ 116.320297188901151, 40.002776998261808 ], [ 116.320302025886676, 40.002769243338868 ], [ 116.320924424436143, 40.001635542753817 ], [ 116.320927954895453, 40.001628247298427 ], [ 116.320930653311407, 40.001620744701881 ], [ 116.320989235778043, 40.001425372404583 ], [ 116.321378757334841, 40.001444047258751 ], [ 116.321378757334841, 40.001263508994988 ], [ 116.320904689465053, 40.001240780302965 ] ] ], [ [ [ 116.316735228777503, 40.005217598543084 ], [ 116.316856782605413, 40.005217598543084 ], [ 116.316858700874405, 40.00521672246218 ], [ 116.316733345451922, 40.00521672246218 ], [ 116.316735228777503, 40.005217598543084 ] ] ], [ [ [ 116.328259114490749, 39.997641279816172 ], [ 116.32802455250021, 39.997641279816172 ], [ 116.328024495654901, 39.997642178672919 ], [ 116.328259057648438, 39.997642178672919 ], [ 116.328259114490749, 39.997641279816172 ] ] ] ] } },
{ "type": "Feature", "properties": { "arc_id": "(7, 11)", "length": 837.9405804340621 }, "geometry": { "type": "MultiPolygon", "coordinates": [ [ [ [ 116.322388363392719, 39.994982023607228 ], [ 116.322388954389623, 39.994990648672477 ], [ 116.322390616486132, 39.994999190577452 ], [ 116.32239333440738, 39.995007570818672 ], [ 116.322397083174948, 39.995015712378446 ], [ 116.322401828336552, 39.995023540432562 ], [ 116.322407526282561, 39.995030983038085 ], [ 116.322414124646869, 39.995037971794453 ], [ 116.32242156278808, 39.995044442472128 ], [ 116.322429772346837, 39.995050335602954 ], [ 116.322438677874132, 39.995055597026592 ], [ 116.322448197524579, 39.995060178388414 ], [ 116.322458243808796, 39.995064037583774 ], [ 116.32246872439724, 39.995067139145029 ], [ 116.322479542968949, 39.995069454567549 ], [ 116.322490600096799, 39.995070962571624 ], [ 116.322501794161056, 39.995071649298055 ], [ 116.322555120824376, 39.9950729475133 ], [ 116.323661548872508, 39.995100945703918 ], [ 116.323721159692923, 39.995102445978212 ], [ 116.324733551630416, 39.995128045785002 ], [ 116.324734316988767, 39.995128063209037 ], [ 116.32535536382909, 39.995140637803964 ], [ 116.326318500764785, 39.995510005834113 ], [ 116.326217281715969, 39.996198876584167 ], [ 116.32618905339821, 39.996234791090203 ], [ 116.326183677297649, 39.996242442461948 ], [ 116.326179285468754, 39.996250456870122 ], [ 116.32617591883816, 39.996258759630422 ], [ 116.326173608779129, 39.996267273371487 ], [ 116.326172376818874, 39.996275918755785 ], [ 116.326172234438218, 39.996284615219054 ], [ 116.326173182964325, 39.996293281720973 ], [ 116.326175213558557, 39.996301837500425 ], [ 116.326178307298619, 39.996310202828042 ], [ 116.326182435355051, 39.996318299749198 ], [ 116.326187559259779, 39.996326052810481 ], [ 116.326193631264559, 39.996333389762796 ], [ 116.326200594785973, 39.996340242234652 ], [ 116.326208384932698, 39.996346546369303 ], [ 116.326216929110188, 39.996352243419828 ], [ 116.326226147697227, 39.996357280296621 ], [ 116.326235954787776, 39.996361610062024 ], [ 116.326246258991688, 39.996365192367833 ], [ 116.326256964286188, 39.996367993831242 ], [ 116.326267970910791, 39.99636998834599 ], [ 116.326279176297035, 39.996371157325584 ], [ 116.326290476024056, 39.996371489876523 ], [ 116.326316298513504, 39.996371290475345 ], [ 116.326505200438447, 39.996370023990906 ], [ 116.326597748606545, 39.996375390465893 ], [ 116.326611005042608, 39.996376307651389 ], [ 116.326568220556126, 39.997382254489501 ], [ 116.326568408328797, 39.997391087662727 ], [ 116.326569720027166, 39.997399864226033 ], [ 116.32657214303957, 39.997408499791788 ], [ 116.326575654068861, 39.997416911328102 ], [ 116.326580219356529, 39.997425017957099 ], [ 116.326585795007148, 39.997432741732567 ], [ 116.326592327410467, 39.997440008389496 ], [ 116.326599753756938, 39.99744674805806 ], [ 116.326608002641549, 39.99745289593551 ], [ 116.326616994750424, 39.997458392909174 ], [ 116.326626643623385, 39.997463186124939 ], [ 116.326636856485408, 39.997467229495413 ], [ 116.326647535138463, 39.997470484143001 ], [ 116.326658576905942, 39.997472918773859 ], [ 116.326669875619729, 39.997474509978623 ], [ 116.326681322641093, 39.997475242457647 ], [ 116.326765089118425, 39.9974774311315 ], [ 116.327466635131955, 39.997499759500108 ], [ 116.327466635131955, 39.997319416547249 ], [ 116.326806196364117, 39.997298396618007 ], [ 116.326848777595671, 39.996297145330558 ], [ 116.32684856771354, 39.996288058415992 ], [ 116.326847168594043, 39.996279033998327 ], [ 116.326844594475006, 39.996270163909401 ], [ 116.326840871550928, 39.996261538410494 ], [ 116.326836037706371, 39.996253245273991 ], [ 116.326830142130547, 39.996245368890129 ], [ 116.326823244816623, 39.996237989408293 ], [ 116.326815415951387, 39.996231181921402 ], [ 116.326806735200819, 39.996225015701768 ], [ 116.326797290899663, 39.996219553496239 ], [ 116.326787179152305, 39.996214850887689 ], [ 116.326776502854941, 39.996210955729339 ], [ 116.326765370648587, 39.996207907657912 ], [ 116.326753895813354, 39.996205737690246 ], [ 116.326742195115997, 39.99620446790771 ], [ 116.326617895277053, 39.996195867920179 ], [ 116.326616206446332, 39.996195760538747 ], [ 116.326517906574225, 39.996190060547193 ], [ 116.326508078785722, 39.996189809002971 ], [ 116.326454332441074, 39.996190169377726 ], [ 116.326560497892828, 39.995467616985941 ], [ 116.326561231944169, 39.995458472832773 ], [ 116.326560754787124, 39.995449318620544 ], [ 116.326559071356257, 39.995440249008844 ], [ 116.326556199059638, 39.995431357782373 ], [ 116.326552167598791, 39.995422736881125 ], [ 116.326547018661643, 39.995414475449884 ], [ 116.326540805491277, 39.995406658916181 ], [ 116.326533592335508, 39.995399368107101 ], [ 116.326525453782452, 39.995392678413396 ], [ 116.326516473989244, 39.995386659009981 ], [ 116.326506745811741, 39.995381372140628 ], [ 116.326496369844492, 39.995376872474218 ], [ 116.325436670767488, 39.9949704729543 ], [ 116.325424950357032, 39.994966576146702 ], [ 116.325412748125743, 39.99496368365719 ], [ 116.325400209061058, 39.994961829854425 ], [ 116.325387482152621, 39.994961036765353 ], [ 116.32474086571564, 39.994947944539405 ], [ 116.323728849685125, 39.99492235425766 ], [ 116.323669241085, 39.9949208540407 ], [ 116.32263247088332, 39.994894618877709 ], [ 116.322631984532421, 39.994887998601342 ], [ 116.322630206755903, 39.994879240420602 ], [ 116.322627318579364, 39.994870658999389 ], [ 116.322623347961695, 39.994862337408712 ], [ 116.32261833334023, 39.994854356204343 ], [ 116.322612323258483, 39.994846792646939 ], [ 116.32260537589633, 39.994839719954207 ], [ 116.322597558506757, 39.994833206592112 ], [ 116.322588946764796, 39.994827315612049 ], [ 116.322579624035043, 39.994822104040544 ], [ 116.322569680564627, 39.994817622327311 ], [ 116.322559212609505, 39.994813913856667 ], [ 116.32254832150285, 39.994811014527791 ], [ 116.32253711267397, 39.99480895240707 ], [ 116.322525694627771, 39.994807747456463 ], [ 116.322475094693388, 39.994804347461404 ], [ 116.322470532904262, 39.994804109831414 ], [ 116.321847794760927, 39.99478104743951 ], [ 116.321847794760927, 39.994961445149329 ], [ 116.322388394777875, 39.994981465827415 ], [ 116.322388363392719, 39.994982023607228 ] ] ], [ [ [ 116.327934888878971, 39.997514662788078 ], [ 116.327934888878971, 39.997334319761762 ], [ 116.327934843545222, 39.99733431831892 ], [ 116.327934843545222, 39.997514661345221 ], [ 116.327934888878971, 39.997514662788078 ] ] ], [ [ [ 116.321714188808542, 39.994776099496512 ], [ 116.321379617176333, 39.994776099496512 ], [ 116.321379617176333, 39.994763709020376 ], [ 116.321379571927935, 39.994763707344653 ], [ 116.321379571927935, 39.994776990611797 ], [ 116.321231630942023, 39.994776990611797 ], [ 116.321229902837615, 39.994777880577111 ], [ 116.321379526678825, 39.994777880577111 ], [ 116.321379526678825, 39.994944103225109 ], [ 116.321379571927935, 39.994944104900874 ], [ 116.321379571927935, 39.994776990611804 ], [ 116.321738250991018, 39.994776990611804 ], [ 116.321714188808542, 39.994776099496512 ] ] ] ] } },
{ "type": "Feature", "properties": { "arc_id": "(7, 12)", "length": 945.39571178095662 }, "geometry": { "type": "MultiPolygon", "coordinates": [ [ [ [ 116.321923450255468, 39.997652598415911 ], [ 116.321922597040782, 39.997661360036041 ], [ 116.321922857532869, 39.997670143910945 ], [ 116.321924229254776, 39.997678866501609 ], [ 116.321926699161153, 39.997687444851856 ], [ 116.321930243762381, 39.997695797377283 ], [ 116.321934829347882, 39.99770384464118 ], [ 116.321940412306759, 39.997711510109951 ], [ 116.32194693954257, 39.997718720881061 ], [ 116.321954348978196, 39.997725408376404 ], [ 116.321962570146368, 39.997731508994413 ], [ 116.321971524859691, 39.997736964715038 ], [ 116.321981127954288, 39.997741723651536 ], [ 116.321991288099881, 39.99774574054392 ], [ 116.322001908668184, 39.997748977189424 ], [ 116.322012888652068, 39.997751402805825 ], [ 116.322024123626107, 39.997752994324266 ], [ 116.322035506739709, 39.997753736608523 ], [ 116.322105930472105, 39.997755676657654 ], [ 116.322409658908981, 39.997772754556351 ], [ 116.322412681568736, 39.997772894327525 ], [ 116.323465982946971, 39.997811094388567 ], [ 116.323466418965594, 39.997811109573611 ], [ 116.32358059998657, 39.997814922127311 ], [ 116.324103289244718, 39.997850444697825 ], [ 116.324110283627448, 39.997850758258373 ], [ 116.325446000635239, 39.997879845580364 ], [ 116.326151517009251, 39.997900628393786 ], [ 116.326152486629866, 39.99790065386135 ], [ 116.326243465819857, 39.997902753382071 ], [ 116.32666314542611, 39.997912552910279 ], [ 116.326755951122138, 39.997914655342349 ], [ 116.326756162731712, 39.997914659988822 ], [ 116.327934843545222, 39.997939714502124 ], [ 116.327934843545222, 39.997759457453654 ], [ 116.326762743068301, 39.997734542259387 ], [ 116.326670201769005, 39.997732445855497 ], [ 116.326250555113347, 39.997722647105405 ], [ 116.326159998236491, 39.997720557326758 ], [ 116.325454383902496, 39.997699771639219 ], [ 116.325453214609126, 39.997699741687704 ], [ 116.324120419643251, 39.997670718049555 ], [ 116.323598611407661, 39.997635255351504 ], [ 116.323593380866456, 39.997634990418327 ], [ 116.323476799046119, 39.997631097704776 ], [ 116.322425230915655, 39.997592960531378 ], [ 116.322171465978329, 39.99757869201391 ], [ 116.322296048338899, 39.996807001316817 ], [ 116.322296905386025, 39.996798121464629 ], [ 116.322296618555299, 39.996789219913879 ], [ 116.322295190648887, 39.99678038361435 ], [ 116.322292635614971, 39.996771698878341 ], [ 116.322288978411322, 39.996763250537768 ], [ 116.322284254761598, 39.996755121115342 ], [ 116.322278510806441, 39.996747390018605 ], [ 116.322271802652637, 39.996740132764259 ], [ 116.322264195825142, 39.996733420240552 ], [ 116.32225576462703, 39.99672731801477 ], [ 116.322246591413631, 39.996721885692914 ], [ 116.322236765788205, 39.996717176337377 ], [ 116.322226383726658, 39.996713235948683 ], [ 116.322215546639967, 39.996710103016127 ], [ 116.322204360383765, 39.996707808141927 ], [ 116.322192934224304, 39.996706373742107 ], [ 116.322181379771123, 39.996705813827809 ], [ 116.322134133315075, 39.996705323720043 ], [ 116.320996703706186, 39.996679269674935 ], [ 116.320849331034466, 39.996665346935409 ], [ 116.31944466162706, 39.99647852341117 ], [ 116.319433080165823, 39.996477436503504 ], [ 116.319421415569792, 39.996477241082104 ], [ 116.319409783556736, 39.996477939085651 ], [ 116.319398299521154, 39.996479523589635 ], [ 116.31938707738955, 39.996481978875103 ], [ 116.319376228490256, 39.996485280584579 ], [ 116.319365860449025, 39.996489395963685 ], [ 116.31935607612138, 39.996494284186106 ], [ 116.319346972572177, 39.996499896758564 ], [ 116.319338640112733, 39.99650617800193 ], [ 116.319331161404875, 39.996513065603523 ], [ 116.319324610640919, 39.99652049123533 ], [ 116.319319052807657, 39.996528381231791 ], [ 116.319314543041571, 39.996536657320668 ], [ 116.319311126081956, 39.996545237399438 ], [ 116.319308835827002, 39.996554036349877 ], [ 116.319303809245156, 39.996580010107643 ], [ 116.31950620895546, 39.996580010107643 ], [ 116.31950620895546, 39.996758090212275 ], [ 116.319522909155666, 39.996671794211991 ], [ 116.320812240080954, 39.996843276837957 ], [ 116.320817918323755, 39.996843922254151 ], [ 116.320973518523132, 39.996858622274793 ], [ 116.320984312029864, 39.996859254403752 ], [ 116.32204759924609, 39.996883610550867 ], [ 116.321923450255468, 39.997652598415911 ] ] ], [ [ [ 116.328259114490749, 39.997641279816172 ], [ 116.32802455250021, 39.997641279816172 ], [ 116.328024495654901, 39.997642178672919 ], [ 116.328259057648438, 39.997642178672919 ], [ 116.328259114490749, 39.997641279816172 ] ] ], [ [ [ 116.319234194967208, 39.99693972660085 ], [ 116.319471058264298, 39.99693972660085 ], [ 116.319471229449746, 39.996938842023468 ], [ 116.319234366155399, 39.996938842023468 ], [ 116.319234194967208, 39.99693972660085 ] ] ] ] } },
{ "type": "Feature", "properties": { "arc_id": "(7, 13)", "length": 568.75338124930113 }, "geometry": { "type": "MultiPolygon", "coordinates": [ [ [ [ 116.324071920712854, 39.998526708424812 ], [ 116.324060577939349, 39.998527062911791 ], [ 116.324049333039795, 39.998528260124957 ], [ 116.324038291615423, 39.998530288821229 ], [ 116.324027557356615, 39.998533129949045 ], [ 116.324017231069249, 39.998536756827278 ], [ 116.32400740972794, 39.998541135395783 ], [ 116.323998185565358, 39.998546224535232 ], [ 116.323989645206112, 39.998551976453342 ], [ 116.323981868853295, 39.998558337133581 ], [ 116.323974929535154, 39.998565246842517 ], [ 116.323968892419458, 39.998572640690746 ], [ 116.323963814201292, 39.998580449242269 ], [ 116.323959742570892, 39.998588599166567 ], [ 116.32395671576549, 39.998597013927231 ], [ 116.323954762210363, 39.99860561450074 ], [ 116.323953900251908, 39.99861432011857 ], [ 116.323949779683801, 39.998729406542928 ], [ 116.324184157147528, 39.998729406542928 ], [ 116.324184938346548, 39.998707585839156 ], [ 116.326122250262785, 39.998719278763836 ], [ 116.326205320673779, 39.99872210627791 ], [ 116.326216889512224, 39.998722060262558 ], [ 116.326228396032064, 39.998721136842931 ], [ 116.326239728007138, 39.998719345025421 ], [ 116.326250774913674, 39.99871670228606 ], [ 116.326261429008298, 39.998713234400192 ], [ 116.326271586378851, 39.99870897519105 ], [ 116.326281147957914, 39.998703966199798 ], [ 116.326290020489054, 39.998698256280434 ], [ 116.326298117436338, 39.998691901123287 ], [ 116.326305359828424, 39.998684962711827 ], [ 116.326311677028627, 39.998677508718139 ], [ 116.32631700742408, 39.998669611842914 ], [ 116.326321299026404, 39.9986613491063 ], [ 116.326324509978974, 39.998652801096803 ], [ 116.326326608964976, 39.998644051185202 ], [ 116.326327575512948, 39.998635184711482 ], [ 116.326360079016879, 39.997905476455543 ], [ 116.32666314542611, 39.997912552910279 ], [ 116.326755951122138, 39.997914655342349 ], [ 116.326756162731712, 39.997914659988822 ], [ 116.327934843545222, 39.997939714502124 ], [ 116.327934843545222, 39.997759457453654 ], [ 116.326762743068301, 39.997734542259387 ], [ 116.326670201769005, 39.997732445855497 ], [ 116.326250555113347, 39.997722647105405 ], [ 116.32623908972819, 39.997722811249794 ], [ 116.326227700146219, 39.997723836789554 ], [ 116.326216495512469, 39.997725713897026 ], [ 116.326205583199609, 39.997728424584103 ], [ 116.326195067779111, 39.99773194287463 ], [ 116.326185050019021, 39.997736235053196 ], [ 116.326175625918538, 39.997741259988373 ], [ 116.326166885787856, 39.997746969526766 ], [ 116.326158913382855, 39.997753308954493 ], [ 116.326151785102454, 39.997760217521503 ], [ 116.326145569256454, 39.997767629023734 ], [ 116.326140325410961, 39.997775472437546 ], [ 116.326136103817589, 39.997783672600256 ], [ 116.326132944931814, 39.997792150930522 ], [ 116.326130879025328, 39.997800826181248 ], [ 116.326129925895955, 39.997809615218337 ], [ 116.326097437308718, 39.99853893491435 ], [ 116.324071920712854, 39.998526708424812 ] ] ], [ [ [ 116.323720352820445, 39.998839950717368 ], [ 116.323720352820445, 39.999020290341626 ], [ 116.323720398105479, 39.999020291768048 ], [ 116.323720398105479, 39.998839952143811 ], [ 116.323720352820445, 39.998839950717368 ] ] ], [ [ [ 116.328259114490749, 39.997641279816172 ], [ 116.32802455250021, 39.997641279816172 ], [ 116.328024495654901, 39.997642178672919 ], [ 116.328259057648438, 39.997642178672919 ], [ 116.328259114490749, 39.997641279816172 ] ] ] ] } },
{ "type": "Feature", "properties": { "arc_id": "(7, 14)", "length": 1033.591814888654 }, "geometry": { "type": "MultiPolygon", "coordinates": [ [ [ [ 116.326068941229479, 39.999099061826719 ], [ 116.326057986466381, 39.999102394591475 ], [ 116.326047522337191, 39.999106556706955 ], [ 116.326037654669335, 39.999111506080261 ], [ 116.326028483258071, 39.999117192656684 ], [ 116.326020100857221, 39.999123558925866 ], [ 116.326012592241156, 39.999130540503536 ], [ 116.326006033347454, 39.999138066782542 ], [ 116.325541686976678, 39.999733610570466 ], [ 116.324580154000486, 39.999703579872723 ], [ 116.32403755231968, 39.999686679825501 ], [ 116.321830666774815, 39.999617580301262 ], [ 116.321819281370836, 39.999617649595322 ], [ 116.32180795848943, 39.999618568603999 ], [ 116.321796805091736, 39.999620328645889 ], [ 116.321785926537814, 39.999622913094889 ], [ 116.321775425591483, 39.99962629753707 ], [ 116.321765401449539, 39.999630450001455 ], [ 116.321755948804736, 39.999635331261956 ], [ 116.32174715695119, 39.999640895207925 ], [ 116.321739108941046, 39.999647089279769 ], [ 116.321731880799703, 39.999653854965374 ], [ 116.321725540807847, 39.999661128352926 ], [ 116.321720148856286, 39.999668840734593 ], [ 116.321715755880305, 39.999676919255542 ], [ 116.321712403378399, 39.999685287602226 ], [ 116.321710123020281, 39.999693866723206 ], [ 116.321708936347719, 39.999702575575981 ], [ 116.321657835555868, 40.000406169959149 ], [ 116.321622459215135, 40.000892169994415 ], [ 116.321847025322072, 40.000892169994415 ], [ 116.321847025322072, 40.001021806732957 ], [ 116.32184870313408, 40.001007045761206 ], [ 116.321848965057612, 40.001004235529052 ], [ 116.321891764058606, 40.000416235478028 ], [ 116.321936428710998, 39.999801230746264 ], [ 116.324028036101836, 39.999866719810825 ], [ 116.32457065292688, 39.999883620342402 ], [ 116.325601647335958, 39.999915820178593 ], [ 116.325613050502071, 39.999915749053322 ], [ 116.325624390648287, 39.999914825576219 ], [ 116.32563556031576, 39.99991305849813 ], [ 116.325646453661193, 39.99991046456379 ], [ 116.325656967459636, 39.999907068353259 ], [ 116.325667002082781, 39.999902902048859 ], [ 116.325676462443099, 39.999898005130362 ], [ 116.325685258894666, 39.99989242400072 ], [ 116.32569330808289, 39.999886211546496 ], [ 116.325700533734235, 39.999879426636603 ], [ 116.325706867379054, 39.999872133564537 ], [ 116.326173816906106, 39.999273249821691 ], [ 116.326188776728969, 39.999272967201399 ], [ 116.326200546063504, 39.999272287455341 ], [ 116.326212166729533, 39.999270700361798 ], [ 116.326223520768551, 39.999268222030921 ], [ 116.326234492928563, 39.999264877619659 ], [ 116.326244971834001, 39.999260701076253 ], [ 116.326254851116246, 39.999255734795781 ], [ 116.326264030493306, 39.999250029189646 ], [ 116.326272416787901, 39.999243642174001 ], [ 116.326279924873177, 39.99923663858177 ], [ 116.326286478536758, 39.999229089504624 ], [ 116.326292011254495, 39.999221071571199 ], [ 116.326296466865614, 39.999212666169392 ], [ 116.32629980014282, 39.999203958620143 ], [ 116.326301977251376, 39.999195037311367 ], [ 116.326302976092492, 39.999185992800811 ], [ 116.326327575153599, 39.998635192768461 ], [ 116.326360079016879, 39.997905476455543 ], [ 116.32666314542611, 39.997912552910279 ], [ 116.326755951122138, 39.997914655342349 ], [ 116.326756162731712, 39.997914659988822 ], [ 116.327934843545222, 39.997939714502124 ], [ 116.327934843545222, 39.997759457453654 ], [ 116.326762743068301, 39.997734542259387 ], [ 116.326670201769005, 39.997732445855497 ], [ 116.326250555113347, 39.997722647105405 ], [ 116.32623908972819, 39.997722811249794 ], [ 116.326227700146219, 39.997723836789554 ], [ 116.326216495512469, 39.997725713897026 ], [ 116.326205583199609, 39.997728424584103 ], [ 116.326195067779111, 39.99773194287463 ], [ 116.326185050019021, 39.997736235053196 ], [ 116.326175625918538, 39.997741259988373 ], [ 116.326166885787856, 39.997746969526766 ], [ 116.326158913382855, 39.997753308954493 ], [ 116.326151785102454, 39.997760217521503 ], [ 116.326145569256454, 39.997767629023734 ], [ 116.326140325410961, 39.997775472437546 ], [ 116.326136103817589, 39.997783672600256 ], [ 116.326132944931814, 39.997792150930522 ], [ 116.326130879025328, 39.997800826181248 ], [ 116.326129925895955, 39.997809615218337 ], [ 116.326093424678845, 39.998629011138597 ], [ 116.326072464645591, 39.999098294106304 ], [ 116.326068941229479, 39.999099061826719 ] ] ], [ [ [ 116.321585682515618, 40.00125188624952 ], [ 116.321820873237897, 40.00125188624952 ], [ 116.321820974526744, 40.001250995135507 ], [ 116.321585783807492, 40.001250995135507 ], [ 116.321585682515618, 40.00125188624952 ] ] ], [ [ [ 116.321540623144116, 40.001611602483671 ], [ 116.321776094353666, 40.001611602483671 ], [ 116.321776210431466, 40.001610711369722 ], [ 116.321540739224943, 40.001610711369722 ], [ 116.321540623144116, 40.001611602483671 ] ] ], [ [ [ 116.321493764762863, 40.00197131869669 ], [ 116.321729237194802, 40.00197131869669 ], [ 116.321729353272602, 40.001970427582819 ], [ 116.32149388084369, 40.001970427582819 ], [ 116.321493764762863, 40.00197131869669 ] ] ], [ [ [ 116.328259114490749, 39.997641279816172 ], [ 116.32802455250021, 39.997641279816172 ], [ 116.328024495654901, 39.997642178672919 ], [ 116.328259057648438, 39.997642178672919 ], [ 116.328259114490749, 39.997641279816172 ] ] ] ] } },
{ "type": "Feature", "properties": { "arc_id": "(7, 15)", "length": 909.24290462018519 }, "geometry": { "type": "MultiPolygon", "coordinates": [ [ [ [ 116.326068941229479, 39.999099061826719 ], [ 116.326057986466381, 39.999102394591475 ], [ 116.326047522337191, 39.999106556706955 ], [ 116.326037654669335, 39.999111506080261 ], [ 116.326028483258071, 39.999117192656684 ], [ 116.326020100857221, 39.999123558925866 ], [ 116.326012592241156, 39.999130540503536 ], [ 116.326006033347454, 39.999138066782542 ], [ 116.325541686976678, 39.999733610570466 ], [ 116.324580154000486, 39.999703579872723 ], [ 116.324568617814265, 39.999703656772617 ], [ 116.324557147404477, 39.999704605981023 ], [ 116.324545854015881, 39.999706418292106 ], [ 116.324534847176366, 39.999709076129349 ], [ 116.324524233634833, 39.999712553715938 ], [ 116.324514116325886, 39.999716817324824 ], [ 116.324504593371401, 39.999721825605718 ], [ 116.324495757129142, 39.999727529986259 ], [ 116.324487693296817, 39.999733875142965 ], [ 116.324480480081135, 39.999740799537847 ], [ 116.324474187439137, 39.999748236015172 ], [ 116.324468876399862, 39.999756112452822 ], [ 116.324464598472389, 39.999764352461725 ], [ 116.324461395146315, 39.999772876126706 ], [ 116.324459297489256, 39.999781600781539 ], [ 116.324458325845654, 39.99979044181066 ], [ 116.324398847613622, 40.001094515718322 ], [ 116.324386379245453, 40.001299489939996 ], [ 116.324345958637679, 40.001965957533479 ], [ 116.324580513017978, 40.001965957533479 ], [ 116.324620421150343, 40.001307903698958 ], [ 116.324632920420854, 40.001102409926581 ], [ 116.324632976390603, 40.001101358149036 ], [ 116.32468834514097, 39.999887296550035 ], [ 116.325601647335958, 39.999915820178593 ], [ 116.325613050502071, 39.999915749053322 ], [ 116.325624390648287, 39.999914825576219 ], [ 116.32563556031576, 39.99991305849813 ], [ 116.325646453661193, 39.99991046456379 ], [ 116.325656967459636, 39.999907068353259 ], [ 116.325667002082781, 39.999902902048859 ], [ 116.325676462443099, 39.999898005130362 ], [ 116.325685258894666, 39.99989242400072 ], [ 116.32569330808289, 39.999886211546496 ], [ 116.325700533734235, 39.999879426636603 ], [ 116.325706867379054, 39.999872133564537 ], [ 116.326173816906106, 39.999273249821691 ], [ 116.326188776728969, 39.999272967201399 ], [ 116.326200546063504, 39.999272287455341 ], [ 116.326212166729533, 39.999270700361798 ], [ 116.326223520768551, 39.999268222030921 ], [ 116.326234492928563, 39.999264877619659 ], [ 116.326244971834001, 39.999260701076253 ], [ 116.326254851116246, 39.999255734795781 ], [ 116.326264030493306, 39.999250029189646 ], [ 116.326272416787901, 39.999243642174001 ], [ 116.326279924873177, 39.99923663858177 ], [ 116.326286478536758, 39.999229089504624 ], [ 116.326292011254495, 39.999221071571199 ], [ 116.326296466865614, 39.999212666169392 ], [ 116.32629980014282, 39.999203958620143 ], [ 116.326301977251376, 39.999195037311367 ], [ 116.326302976092492, 39.999185992800811 ], [ 116.326327575153599, 39.998635192768461 ], [ 116.326360079016879, 39.997905476455543 ], [ 116.32666314542611, 39.997912552910279 ], [ 116.326755951122138, 39.997914655342349 ], [ 116.326756162731712, 39.997914659988822 ], [ 116.327934843545222, 39.997939714502124 ], [ 116.327934843545222, 39.997759457453654 ], [ 116.326762743068301, 39.997734542259387 ], [ 116.326670201769005, 39.997732445855497 ], [ 116.326250555113347, 39.997722647105405 ], [ 116.32623908972819, 39.997722811249794 ], [ 116.326227700146219, 39.997723836789554 ], [ 116.326216495512469, 39.997725713897026 ], [ 116.326205583199609, 39.997728424584103 ], [ 116.326195067779111, 39.99773194287463 ], [ 116.326185050019021, 39.997736235053196 ], [ 116.326175625918538, 39.997741259988373 ], [ 116.326166885787856, 39.997746969526766 ], [ 116.326158913382855, 39.997753308954493 ], [ 116.326151785102454, 39.997760217521503 ], [ 116.326145569256454, 39.997767629023734 ], [ 116.326140325410961, 39.997775472437546 ], [ 116.326136103817589, 39.997783672600256 ], [ 116.326132944931814, 39.997792150930522 ], [ 116.326130879025328, 39.997800826181248 ], [ 116.326129925895955, 39.997809615218337 ], [ 116.326093424678845, 39.998629011138597 ], [ 116.326072464645591, 39.999098294106304 ], [ 116.326068941229479, 39.999099061826719 ] ] ], [ [ [ 116.324188205620402, 40.002014476954386 ], [ 116.324188205620402, 40.002194729132334 ], [ 116.324188250917544, 40.002194730057752 ], [ 116.324188250917544, 40.002014477879797 ], [ 116.324188205620402, 40.002014476954386 ] ] ], [ [ [ 116.323719945222948, 40.002004910431666 ], [ 116.323719945222948, 40.002185162599709 ], [ 116.323719990514391, 40.002185163525013 ], [ 116.323719990514391, 40.00200491135697 ], [ 116.323719945222948, 40.002004910431666 ] ] ], [ [ [ 116.3232516835171, 40.001995343882221 ], [ 116.3232516835171, 40.002175596040352 ], [ 116.323251728802916, 40.002175596965536 ], [ 116.323251728802916, 40.001995344807405 ], [ 116.3232516835171, 40.001995343882221 ] ] ], [ [ [ 116.328259114490749, 39.997641279816172 ], [ 116.32802455250021, 39.997641279816172 ], [ 116.328024495654901, 39.997642178672919 ], [ 116.328259057648438, 39.997642178672919 ], [ 116.328259114490749, 39.997641279816172 ] ] ] ] } },
{ "type": "Feature", "properties": { "arc_id": "(8, 9)", "length": 1237.5102563098892 }, "geometry": { "type": "MultiPolygon", "coordinates": [ [ [ [ 116.329132795354795, 40.004451544652625 ], [ 116.329121434312071, 40.004452459429643 ], [ 116.32911024312267, 40.004454220738474 ], [ 116.329099328183872, 40.004456811833919 ], [ 116.329088793266564, 40.004460208081838 ], [ 116.32907873852885, 40.004464377193287 ], [ 116.329069259563539, 40.004469279531513 ], [ 116.329060446489592, 40.004474868488821 ], [ 116.329060289271553, 40.004474989812408 ], [ 116.329338695778148, 40.004474989812408 ], [ 116.329338695778148, 40.004636024281346 ], [ 116.32933874114363, 40.004636017084145 ], [ 116.32933874114363, 40.00447409113184 ], [ 116.329386999431819, 40.00447409113184 ], [ 116.329378314725304, 40.004469696776631 ], [ 116.329368137097305, 40.004465584392825 ], [ 116.329357484327815, 40.004462258974179 ], [ 116.329346459008519, 40.004459752546147 ], [ 116.32933516731886, 40.004458089246931 ], [ 116.329323718003607, 40.004457285094951 ], [ 116.329144218238739, 40.004451485104418 ], [ 116.329132795354795, 40.004451544652625 ] ] ], [ [ [ 116.329002108616365, 40.00483470585074 ], [ 116.329236736522446, 40.00483470585074 ], [ 116.329236797445674, 40.004833807170122 ], [ 116.329002169542562, 40.004833807170122 ], [ 116.329002108616365, 40.00483470585074 ] ] ], [ [ [ 116.328971198520065, 40.005394960654456 ], [ 116.327957771925483, 40.005372467448765 ], [ 116.327920562518841, 40.005371107313998 ], [ 116.327143926347233, 40.005342906004216 ], [ 116.327143353791641, 40.005342886290848 ], [ 116.325481461005069, 40.005288786543098 ], [ 116.325064950692877, 40.005275196000355 ], [ 116.324289935573802, 40.005247006369494 ], [ 116.324278247090135, 40.005247030081307 ], [ 116.324266619851826, 40.005247949345495 ], [ 116.324255169595034, 40.005249755011775 ], [ 116.324244010294336, 40.005252429106768 ], [ 116.324233253028154, 40.005255945012841 ], [ 116.324223004873119, 40.00526026773305 ], [ 116.32421336783834, 40.005265354239519 ], [ 116.324204437849943, 40.005271153901738 ], [ 116.324196303796214, 40.005277608990475 ], [ 116.324189046642928, 40.005284655252474 ], [ 116.324182738627329, 40.005292222549969 ], [ 116.324177442539067, 40.005300235558806 ], [ 116.324173211095271, 40.005308614518263 ], [ 116.324170086415734, 40.005317276024989 ], [ 116.324168099603654, 40.005326133863107 ], [ 116.32416727043605, 40.005335099862435 ], [ 116.324148384550824, 40.006023542432033 ], [ 116.324119956679795, 40.006676460136241 ], [ 116.324043969207295, 40.007674909069813 ], [ 116.3227317693229, 40.007618247538062 ], [ 116.322719537874605, 40.007618211072227 ], [ 116.322707368140513, 40.007619155440999 ], [ 116.322695392764345, 40.007621070351192 ], [ 116.322683742271423, 40.007623934931317 ], [ 116.321074743983004, 40.008092034376645 ], [ 116.321064393338105, 40.0080954924222 ], [ 116.321054523366129, 40.008099700219027 ], [ 116.321045225642877, 40.008104618726328 ], [ 116.321036586434602, 40.008110202309126 ], [ 116.321028685897971, 40.008116399161764 ], [ 116.321021597335985, 40.008123151788546 ], [ 116.321015386518141, 40.008130397537109 ], [ 116.321010111070052, 40.008138069179793 ], [ 116.321005819938776, 40.00814609553742 ], [ 116.321002552938808, 40.008154402139638 ], [ 116.321000340382426, 40.008162911915882 ], [ 116.320999202798703, 40.00817154591045 ], [ 116.320965001952317, 40.008669245869257 ], [ 116.320964994514071, 40.008678644741877 ], [ 116.320966260475231, 40.008687993065273 ], [ 116.320968786058515, 40.008697189099315 ], [ 116.320972543777899, 40.008706132761255 ], [ 116.320977492737626, 40.008714726714942 ], [ 116.320983579077293, 40.008722877430145 ], [ 116.320990736558088, 40.008730496200471 ], [ 116.321073792395751, 40.008809832535349 ], [ 116.320829054801123, 40.008962291699859 ], [ 116.320686159626291, 40.009051288638105 ], [ 116.320499829373787, 40.009167416958533 ], [ 116.320872005708594, 40.009167416958533 ], [ 116.320976540576822, 40.009102311225952 ], [ 116.321312050197491, 40.008893305100528 ], [ 116.321320602238458, 40.008887421426842 ], [ 116.321328364759822, 40.008880922642163 ], [ 116.321335263296476, 40.008873871088916 ], [ 116.321341231671553, 40.008866334412097 ], [ 116.32134621263117, 40.008858384910482 ], [ 116.321350158393741, 40.008850098843006 ], [ 116.321353031108316, 40.008841555697188 ], [ 116.321354803217531, 40.008832837426745 ], [ 116.321355457722177, 40.008824027665199 ], [ 116.321354988344055, 40.008815210923792 ], [ 116.321353399586314, 40.008806471780638 ], [ 116.321350706690154, 40.008797894069467 ], [ 116.321346935488663, 40.008789560075378 ], [ 116.321342122158924, 40.008781549745429 ], [ 116.32133631287509, 40.008773939921852 ], [ 116.321329563365211, 40.008766803604793 ], [ 116.321201362509839, 40.008644344530524 ], [ 116.321229163094515, 40.008239762977141 ], [ 116.322743428178683, 40.00779922337 ], [ 116.324147532525643, 40.007859852555612 ], [ 116.324159012420552, 40.007859914985488 ], [ 116.324170445148695, 40.007859113134934 ], [ 116.324181720938228, 40.007857454702972 ], [ 116.324192731524192, 40.007854955613105 ], [ 116.324203371188048, 40.007851639860412 ], [ 116.324213537772692, 40.007847539281244 ], [ 116.324223133663395, 40.007842693247461 ], [ 116.32423206672496, 40.007837148288409 ], [ 116.324240251186453, 40.007830957644209 ], [ 116.324247608464759, 40.00782418075454 ], [ 116.324254067918986, 40.007816882687884 ], [ 116.324259567528799, 40.007809133516822 ], [ 116.32426405448993, 40.007801007645185 ], [ 116.324267485721066, 40.007792583093696 ], [ 116.324269828277579, 40.007783940750819 ], [ 116.324271059667851, 40.007775163596108 ], [ 116.324353957817451, 40.006685863498049 ], [ 116.324354092316852, 40.006683614701004 ], [ 116.324382591200475, 40.006029014663277 ], [ 116.324382630748616, 40.00602790004789 ], [ 116.324398993388783, 40.005431363424279 ], [ 116.325054165424746, 40.005455193673754 ], [ 116.325054733221293, 40.005455213262913 ], [ 116.325471533767228, 40.005468813285091 ], [ 116.327133159884397, 40.00552290438926 ], [ 116.327909456050918, 40.005551093363593 ], [ 116.327947737515046, 40.005552492686455 ], [ 116.327949919383627, 40.005552556776514 ], [ 116.329080820867546, 40.005577656821366 ], [ 116.329092270213394, 40.005577480299671 ], [ 116.32910364245248, 40.005576445019372 ], [ 116.329114828928752, 40.005574560872006 ], [ 116.329125722761177, 40.005571845859684 ], [ 116.329136219864679, 40.005568325922958 ], [ 116.329146219944874, 40.005564034693016 ], [ 116.329155627456146, 40.005559013170377 ], [ 116.329164352514738, 40.005553309333131 ], [ 116.329172311757333, 40.005546977678478 ], [ 116.329179429137696, 40.00554007870214 ], [ 116.329185636653236, 40.005532678320243 ], [ 116.329190874994637, 40.005524847239563 ], [ 116.329195094112677, 40.005516660281963 ], [ 116.329198253696276, 40.005508195669499 ], [ 116.329200323557686, 40.005499534277028 ], [ 116.329201283920895, 40.005490758859558 ], [ 116.329214843834194, 40.005193523185788 ], [ 116.328980388786178, 40.005193523185788 ], [ 116.328971198520065, 40.005394960654456 ] ] ], [ [ [ 116.320441174839104, 40.00919985836348 ], [ 116.320441174839104, 40.009385575788421 ], [ 116.320441220105636, 40.009385567099372 ], [ 116.320441220105636, 40.009199849674438 ], [ 116.320441174839104, 40.00919985836348 ] ] ] ] } },
{ "type": "Feature", "properties": { "arc_id": "(8, 10)", "length": 1235.8878582619977 }, "geometry": { "type": "MultiPolygon", "coordinates": [ [ [ [ 116.329132795354795, 40.004451544652625 ], [ 116.329121434312071, 40.004452459429643 ], [ 116.32911024312267, 40.004454220738474 ], [ 116.329099328183872, 40.004456811833919 ], [ 116.329088793266564, 40.004460208081838 ], [ 116.32907873852885, 40.004464377193287 ], [ 116.329069259563539, 40.004469279531513 ], [ 116.329060446489592, 40.004474868488821 ], [ 116.329060289271553, 40.004474989812408 ], [ 116.329338695778148, 40.004474989812408 ], [ 116.329338695778148, 40.004636024281346 ], [ 116.32933874114363, 40.004636017084145 ], [ 116.32933874114363, 40.00447409113184 ], [ 116.329386999431819, 40.00447409113184 ], [ 116.329378314725304, 40.004469696776631 ], [ 116.329368137097305, 40.004465584392825 ], [ 116.329357484327815, 40.004462258974179 ], [ 116.329346459008519, 40.004459752546147 ], [ 116.32933516731886, 40.004458089246931 ], [ 116.329323718003607, 40.004457285094951 ], [ 116.329144218238739, 40.004451485104418 ], [ 116.329132795354795, 40.004451544652625 ] ] ], [ [ [ 116.329002108616365, 40.00483470585074 ], [ 116.329236736522446, 40.00483470585074 ], [ 116.329236797445674, 40.004833807170122 ], [ 116.329002169542562, 40.004833807170122 ], [ 116.329002108616365, 40.00483470585074 ] ] ], [ [ [ 116.328971198520065, 40.005394960654456 ], [ 116.327957771925483, 40.005372467448765 ], [ 116.327920562518841, 40.005371107313998 ], [ 116.327143926347233, 40.005342906004216 ], [ 116.327143353791641, 40.005342886290848 ], [ 116.325481461005069, 40.005288786543098 ], [ 116.325064950692877, 40.005275196000355 ], [ 116.32429003623831, 40.005247010031304 ], [ 116.323322138155433, 40.005210513883981 ], [ 116.323319672011579, 40.005210440898146 ], [ 116.322959386662561, 40.005202699237564 ], [ 116.32227999467176, 40.005163816719808 ], [ 116.321584830730131, 40.004848156506981 ], [ 116.321378349951615, 40.004848156506981 ], [ 116.321378349951615, 40.004808793839132 ], [ 116.321367682896465, 40.00480793132386 ], [ 116.320483399071236, 40.004771988900146 ], [ 116.320230312195548, 40.004756972744801 ], [ 116.320228764628169, 40.004756888845783 ], [ 116.319433380190588, 40.004717833813345 ], [ 116.318635294726391, 40.004668989789572 ], [ 116.318213372393899, 40.004643212867087 ], [ 116.317805166848814, 40.004616139032592 ], [ 116.317804016718156, 40.004616067135693 ], [ 116.316807518014542, 40.004557567222378 ], [ 116.316796204629938, 40.004557324649241 ], [ 116.316784913600543, 40.004557922720558 ], [ 116.316773750301635, 40.004559355854731 ], [ 116.31676281891643, 40.004561610676788 ], [ 116.316752221463858, 40.00456466614326 ], [ 116.316742056846337, 40.004568493738518 ], [ 116.316732419926879, 40.004573057740906 ], [ 116.316723400643696, 40.004578315556145 ], [ 116.316715083170877, 40.004584218114815 ], [ 116.316707545132772, 40.004590710330277 ], [ 116.316700856879621, 40.00459773161289 ], [ 116.316695080830954, 40.004605216435287 ], [ 116.316690270893062, 40.004613094944084 ], [ 116.31668647195589, 40.004621293611706 ], [ 116.316683719474042, 40.004629735922606 ], [ 116.316682039135969, 40.004638343087393 ], [ 116.316681446624116, 40.004647034778067 ], [ 116.316680330355183, 40.004858756678587 ], [ 116.3166954630574, 40.004858756678587 ], [ 116.3166954630574, 40.005186742410544 ], [ 116.316695508271792, 40.005186800958725 ], [ 116.316695508271792, 40.004857882528903 ], [ 116.31691464629246, 40.004857882528903 ], [ 116.316915243147605, 40.00474460438204 ], [ 116.31778560796019, 40.00479569909146 ], [ 116.318193633653308, 40.004822761004448 ], [ 116.318194421724968, 40.004822811211184 ], [ 116.318616713725319, 40.004848610726945 ], [ 116.319415706286208, 40.004897510280117 ], [ 116.319417534311611, 40.004897611092794 ], [ 116.320213061203376, 40.004936673142609 ], [ 116.320441763248439, 40.004950242499376 ], [ 116.320441763248439, 40.004850826317309 ], [ 116.320909989665111, 40.004850826317309 ], [ 116.320909989665111, 40.004969767984441 ], [ 116.32091003492863, 40.004969769824221 ], [ 116.32091003492863, 40.004849937583309 ], [ 116.321378259414161, 40.004849937583309 ], [ 116.321378259414161, 40.004991148578775 ], [ 116.321461059558018, 40.005001210075825 ], [ 116.322184432853902, 40.005329679641953 ], [ 116.322193933519529, 40.005333552934331 ], [ 116.322203855975815, 40.005336740019096 ], [ 116.322214116629965, 40.005339214046323 ], [ 116.32222462903998, 40.005340954173235 ], [ 116.322235304642888, 40.005341945739978 ], [ 116.322944705566243, 40.005382545800281 ], [ 116.322950127501827, 40.005382759086196 ], [ 116.323311894403176, 40.005390532595634 ], [ 116.324278663094447, 40.005426986172118 ], [ 116.32427886440999, 40.005426993628717 ], [ 116.325054165424746, 40.005455193673754 ], [ 116.325054733221293, 40.005455213262913 ], [ 116.325471533767228, 40.005468813285091 ], [ 116.327133159884397, 40.00552290438926 ], [ 116.327909456050918, 40.005551093363593 ], [ 116.327947737515046, 40.005552492686455 ], [ 116.327949919383627, 40.005552556776514 ], [ 116.329080820867546, 40.005577656821366 ], [ 116.329092270213394, 40.005577480299671 ], [ 116.32910364245248, 40.005576445019372 ], [ 116.329114828928752, 40.005574560872006 ], [ 116.329125722761177, 40.005571845859684 ], [ 116.329136219864679, 40.005568325922958 ], [ 116.329146219944874, 40.005564034693016 ], [ 116.329155627456146, 40.005559013170377 ], [ 116.329164352514738, 40.005553309333131 ], [ 116.329172311757333, 40.005546977678478 ], [ 116.329179429137696, 40.00554007870214 ], [ 116.329185636653236, 40.005532678320243 ], [ 116.329190874994637, 40.005524847239563 ], [ 116.329195094112677, 40.005516660281963 ], [ 116.329198253696276, 40.005508195669499 ], [ 116.329200323557686, 40.005499534277028 ], [ 116.329201283920895, 40.005490758859558 ], [ 116.329214843834194, 40.005193523185788 ], [ 116.328980388786178, 40.005193523185788 ], [ 116.328971198520065, 40.005394960654456 ] ] ], [ [ [ 116.316735228777503, 40.005217598543084 ], [ 116.316856782605413, 40.005217598543084 ], [ 116.316858700874405, 40.00521672246218 ], [ 116.316733345451922, 40.00521672246218 ], [ 116.316735228777503, 40.005217598543084 ] ] ] ] } },
{ "type": "Feature", "properties": { "arc_id": "(8, 11)", "length": 1718.6358142778747 }, "geometry": { "type": "MultiPolygon", "coordinates": [ [ [ [ 116.322388363392719, 39.994982023607228 ], [ 116.322388954389623, 39.994990648672477 ], [ 116.322390616486132, 39.994999190577452 ], [ 116.32239333440738, 39.995007570818672 ], [ 116.322397083174948, 39.995015712378446 ], [ 116.322401828336552, 39.995023540432562 ], [ 116.322407526282561, 39.995030983038085 ], [ 116.322414124646869, 39.995037971794453 ], [ 116.32242156278808, 39.995044442472128 ], [ 116.322429772346837, 39.995050335602954 ], [ 116.322438677874132, 39.995055597026592 ], [ 116.322448197524579, 39.995060178388414 ], [ 116.322458243808796, 39.995064037583774 ], [ 116.32246872439724, 39.995067139145029 ], [ 116.322479542968949, 39.995069454567549 ], [ 116.322490600096799, 39.995070962571624 ], [ 116.322501794161056, 39.995071649298055 ], [ 116.322555120824376, 39.9950729475133 ], [ 116.323661548872508, 39.995100945703918 ], [ 116.323721159692923, 39.995102445978212 ], [ 116.324733551630416, 39.995128045785002 ], [ 116.324734316988767, 39.995128063209037 ], [ 116.32535536382909, 39.995140637803964 ], [ 116.326318500764785, 39.995510005834113 ], [ 116.326217281715969, 39.996198876584167 ], [ 116.32618905339821, 39.996234791090203 ], [ 116.326183677297649, 39.996242442461948 ], [ 116.326179285468754, 39.996250456870122 ], [ 116.32617591883816, 39.996258759630422 ], [ 116.326173608779129, 39.996267273371487 ], [ 116.326172376818874, 39.996275918755785 ], [ 116.326172234438218, 39.996284615219054 ], [ 116.326173182964325, 39.996293281720973 ], [ 116.326175213558557, 39.996301837500425 ], [ 116.326178307298619, 39.996310202828042 ], [ 116.326182435355051, 39.996318299749198 ], [ 116.326187559259779, 39.996326052810481 ], [ 116.326193631264559, 39.996333389762796 ], [ 116.326200594785973, 39.996340242234652 ], [ 116.326208384932698, 39.996346546369303 ], [ 116.326216929110188, 39.996352243419828 ], [ 116.326226147697227, 39.996357280296621 ], [ 116.326235954787776, 39.996361610062024 ], [ 116.326246258991688, 39.996365192367833 ], [ 116.326256964286188, 39.996367993831242 ], [ 116.326267970910791, 39.99636998834599 ], [ 116.326279176297035, 39.996371157325584 ], [ 116.326290476024056, 39.996371489876523 ], [ 116.326316298513504, 39.996371290475345 ], [ 116.326505200438447, 39.996370023990906 ], [ 116.326597748606545, 39.996375390465893 ], [ 116.326611005042608, 39.996376307651389 ], [ 116.326568220556126, 39.997382254489501 ], [ 116.326568408328797, 39.997391087662727 ], [ 116.326569720027166, 39.997399864226033 ], [ 116.32657214303957, 39.997408499791788 ], [ 116.326575654068861, 39.997416911328102 ], [ 116.326580219356529, 39.997425017957099 ], [ 116.326585795007148, 39.997432741732567 ], [ 116.326592327410467, 39.997440008389496 ], [ 116.326599753756938, 39.99744674805806 ], [ 116.326608002641549, 39.99745289593551 ], [ 116.326616994750424, 39.997458392909174 ], [ 116.326626643623385, 39.997463186124939 ], [ 116.326636856485408, 39.997467229495413 ], [ 116.326647535138463, 39.997470484143001 ], [ 116.326650405314595, 39.997471116996458 ], [ 116.326642291017109, 39.997822335097055 ], [ 116.326607417697389, 39.998646870955127 ], [ 116.32660739522214, 39.998647462036978 ], [ 116.326588594271769, 39.999204462010333 ], [ 116.32658886170509, 39.999213317161882 ], [ 116.326590258456292, 39.999222109321387 ], [ 116.32659277102529, 39.99923075350695 ], [ 116.326596375126854, 39.999239166166831 ], [ 116.326601035925364, 39.999247265987172 ], [ 116.327031535163044, 39.999905866365161 ], [ 116.327037113193043, 39.999913459965356 ], [ 116.327043619790018, 39.999920603184805 ], [ 116.327050993979299, 39.999927229082544 ], [ 116.327059166655744, 39.999933275565681 ], [ 116.327068061231358, 39.99993868597106 ], [ 116.327077594352915, 39.999943409596405 ], [ 116.327087676683178, 39.999947402175373 ], [ 116.327098213738182, 39.999950626292495 ], [ 116.327109106772426, 39.999953051733705 ], [ 116.32712025370445, 39.999954655769578 ], [ 116.327131550073446, 39.99995542336822 ], [ 116.328071995794389, 39.999984151295557 ], [ 116.328000839461978, 40.001392000635022 ], [ 116.328000824164178, 40.0013923176814 ], [ 116.327963022762091, 40.002214817632051 ], [ 116.327953022182143, 40.002432722158744 ], [ 116.327953178052965, 40.002441527740423 ], [ 116.327954451038295, 40.002450279553202 ], [ 116.327956828975985, 40.002458893979068 ], [ 116.327960289146731, 40.002467288712666 ], [ 116.327964798491266, 40.002475383547583 ], [ 116.327970313925888, 40.002483101142751 ], [ 116.327976782754462, 40.002490367761382 ], [ 116.327984143171605, 40.002497113975416 ], [ 116.327990202863347, 40.002501677328731 ], [ 116.327932341095661, 40.003614394834088 ], [ 116.327887339894588, 40.00447728961754 ], [ 116.327887441877948, 40.004486110581304 ], [ 116.327888665110578, 40.004494881593068 ], [ 116.327890997866106, 40.004503518567219 ], [ 116.327894417781309, 40.004511938703104 ], [ 116.327898892070678, 40.004520061278868 ], [ 116.327904377840611, 40.004527808425244 ], [ 116.32791082250057, 40.00453510587208 ], [ 116.327918164267388, 40.00454188366038 ], [ 116.327926332757329, 40.004548076812966 ], [ 116.327935249661138, 40.004553625957442 ], [ 116.327944829494513, 40.004558477895344 ], [ 116.327954980417772, 40.004562586112172 ], [ 116.327965605116262, 40.004565911223331 ], [ 116.327976601733241, 40.004568421351628 ], [ 116.327987864846449, 40.004570092433028 ], [ 116.327999286478814, 40.004570908447192 ], [ 116.328644687177388, 40.004592590903584 ], [ 116.328870488316952, 40.00461061782481 ], [ 116.328870488316952, 40.004474989812408 ], [ 116.329338695778148, 40.004474989812408 ], [ 116.329338695778148, 40.004636024281346 ], [ 116.32933874114363, 40.004636017084145 ], [ 116.32933874114363, 40.00447409113184 ], [ 116.329386999431819, 40.00447409113184 ], [ 116.329378314725304, 40.004469696776631 ], [ 116.329368137097305, 40.004465584392825 ], [ 116.329357484327815, 40.004462258974179 ], [ 116.329346459008519, 40.004459752546147 ], [ 116.32933516731886, 40.004458089246931 ], [ 116.329323718003607, 40.004457285094951 ], [ 116.329147815616224, 40.004451601345508 ], [ 116.328665397549543, 40.004413087308158 ], [ 116.328658412656338, 40.004412691515753 ], [ 116.328126137878584, 40.004394809851142 ], [ 116.328166458649235, 40.003621610207254 ], [ 116.328227857174937, 40.002440799809065 ], [ 116.328227752967194, 40.002431967404789 ], [ 116.328226524647079, 40.002423185294987 ], [ 116.328224184021181, 40.00241453789036 ], [ 116.328220753587217, 40.002406108306751 ], [ 116.328216266317753, 40.002397977566439 ], [ 116.328210765343144, 40.002390223819233 ], [ 116.328204303537248, 40.002382921591384 ], [ 116.328196943008848, 40.002376141069334 ], [ 116.328190296756887, 40.002371113958112 ], [ 116.328197177354667, 40.002221179981625 ], [ 116.328234968562924, 40.001398840733934 ], [ 116.328310657999737, 39.999901199150152 ], [ 116.328310540651501, 39.999892362906692 ], [ 116.328309298308142, 39.999883578007811 ], [ 116.328306942921728, 39.999874928966172 ], [ 116.328303497152021, 39.999866498987451 ], [ 116.328298994148454, 39.999858369169857 ], [ 116.328293477231227, 39.999850617723922 ], [ 116.328286999474557, 39.999843319220155 ], [ 116.328279623196082, 39.999836543871695 ], [ 116.32827141935735, 39.999830356858695 ], [ 116.328262466881142, 39.99982481770148 ], [ 116.328252851892159, 39.999819979687821 ], [ 116.328242666888613, 39.999815889360349 ], [ 116.328232009852286, 39.999812586068771 ], [ 116.32822098330594, 39.999810101591386 ], [ 116.328209693327068, 39.999808459829353 ], [ 116.328198248527386, 39.999807676576708 ], [ 116.327209848899997, 39.999777484610519 ], [ 116.326823568597575, 39.999186535194063 ], [ 116.326841594811981, 39.998652433414087 ], [ 116.326876480907359, 39.99782752888018 ], [ 116.326876524338587, 39.997826200442816 ], [ 116.326886623592145, 39.997389000426537 ], [ 116.326886273029416, 39.997380254209681 ], [ 116.326884820928015, 39.997371575400791 ], [ 116.326882280986254, 39.997363045868397 ], [ 116.326878677164203, 39.997354746072936 ], [ 116.326874043457622, 39.997346754307628 ], [ 116.326868423577295, 39.997339145959963 ], [ 116.326861870536717, 39.997331992800611 ], [ 116.326854446151941, 39.997325362306327 ], [ 116.326846220458435, 39.997319317023504 ], [ 116.326837271050508, 39.99731391397809 ], [ 116.326827682349276, 39.99730920413775 ], [ 116.326817544806346, 39.997305231931023 ], [ 116.326806954050582, 39.997302034828259 ], [ 116.326806050038115, 39.997301837255172 ], [ 116.326848777595671, 39.996297145330558 ], [ 116.32684856771354, 39.996288058415992 ], [ 116.326847168594043, 39.996279033998327 ], [ 116.326844594475006, 39.996270163909401 ], [ 116.326840871550928, 39.996261538410494 ], [ 116.326836037706371, 39.996253245273991 ], [ 116.326830142130547, 39.996245368890129 ], [ 116.326823244816623, 39.996237989408293 ], [ 116.326815415951387, 39.996231181921402 ], [ 116.326806735200819, 39.996225015701768 ], [ 116.326797290899663, 39.996219553496239 ], [ 116.326787179152305, 39.996214850887689 ], [ 116.326776502854941, 39.996210955729339 ], [ 116.326765370648587, 39.996207907657912 ], [ 116.326753895813354, 39.996205737690246 ], [ 116.326742195115997, 39.99620446790771 ], [ 116.326617895277053, 39.996195867920179 ], [ 116.326616206446332, 39.996195760538747 ], [ 116.326517906574225, 39.996190060547193 ], [ 116.326508078785722, 39.996189809002971 ], [ 116.326454332441074, 39.996190169377726 ], [ 116.326560497892828, 39.995467616985941 ], [ 116.326561231944169, 39.995458472832773 ], [ 116.326560754787124, 39.995449318620544 ], [ 116.326559071356257, 39.995440249008844 ], [ 116.326556199059638, 39.995431357782373 ], [ 116.326552167598791, 39.995422736881125 ], [ 116.326547018661643, 39.995414475449884 ], [ 116.326540805491277, 39.995406658916181 ], [ 116.326533592335508, 39.995399368107101 ], [ 116.326525453782452, 39.995392678413396 ], [ 116.326516473989244, 39.995386659009981 ], [ 116.326506745811741, 39.995381372140628 ], [ 116.326496369844492, 39.995376872474218 ], [ 116.325436670767488, 39.9949704729543 ], [ 116.325424950357032, 39.994966576146702 ], [ 116.325412748125743, 39.99496368365719 ], [ 116.325400209061058, 39.994961829854425 ], [ 116.325387482152621, 39.994961036765353 ], [ 116.32474086571564, 39.994947944539405 ], [ 116.323728849685125, 39.99492235425766 ], [ 116.323669241085, 39.9949208540407 ], [ 116.32263247088332, 39.994894618877709 ], [ 116.322631984532421, 39.994887998601342 ], [ 116.322630206755903, 39.994879240420602 ], [ 116.322627318579364, 39.994870658999389 ], [ 116.322623347961695, 39.994862337408712 ], [ 116.32261833334023, 39.994854356204343 ], [ 116.322612323258483, 39.994846792646939 ], [ 116.32260537589633, 39.994839719954207 ], [ 116.322597558506757, 39.994833206592112 ], [ 116.322588946764796, 39.994827315612049 ], [ 116.322579624035043, 39.994822104040544 ], [ 116.322569680564627, 39.994817622327311 ], [ 116.322559212609505, 39.994813913856667 ], [ 116.32254832150285, 39.994811014527791 ], [ 116.32253711267397, 39.99480895240707 ], [ 116.322525694627771, 39.994807747456463 ], [ 116.322475094693388, 39.994804347461404 ], [ 116.322470532904262, 39.994804109831414 ], [ 116.321847794760927, 39.99478104743951 ], [ 116.321847794760927, 39.994961445149329 ], [ 116.322388394777875, 39.994981465827415 ], [ 116.322388363392719, 39.994982023607228 ] ] ], [ [ [ 116.321714188808542, 39.994776099496512 ], [ 116.321379617176333, 39.994776099496512 ], [ 116.321379617176333, 39.994763709020376 ], [ 116.321379571927935, 39.994763707344653 ], [ 116.321379571927935, 39.994776990611797 ], [ 116.321231630942023, 39.994776990611797 ], [ 116.321229902837615, 39.994777880577111 ], [ 116.321379526678825, 39.994777880577111 ], [ 116.321379526678825, 39.994944103225109 ], [ 116.321379571927935, 39.994944104900874 ], [ 116.321379571927935, 39.994776990611804 ], [ 116.321738250991018, 39.994776990611804 ], [ 116.321714188808542, 39.994776099496512 ] ] ] ] } },
{ "type": "Feature", "properties": { "arc_id": "(8, 12)", "length": 1633.526434356638 }, "geometry": { "type": "MultiPolygon", "coordinates": [ [ [ [ 116.328117378495364, 40.003619407008443 ], [ 116.328117228984695, 40.003610634448449 ], [ 116.328115970670709, 40.003601914665524 ], [ 116.32811361548606, 40.003593330346767 ], [ 116.3281101857647, 40.003584962894713 ], [ 116.328105714029945, 40.003576891655435 ], [ 116.328100242686332, 40.003569193165966 ], [ 116.328093823617237, 40.003561940428753 ], [ 116.328086517692967, 40.003555202219239 ], [ 116.32807839419354, 40.003549042433747 ], [ 116.328069530151794, 40.00354351948355 ], [ 116.328060009622732, 40.003538685741027 ], [ 116.32804992288662, 40.003534587043021 ], [ 116.328039365592801, 40.003531262256146 ], [ 116.328028437852694, 40.003528742908266 ], [ 116.328017243290589, 40.003527052889545 ], [ 116.328005888060801, 40.003526208225871 ], [ 116.327240970886649, 40.003498114949132 ], [ 116.326952353056228, 40.003486822079743 ], [ 116.326951870777137, 40.003486803975022 ], [ 116.325286209833862, 40.003426908993724 ], [ 116.325119546917477, 40.003420614172967 ], [ 116.324493770912412, 40.003397016208723 ], [ 116.324558806122766, 40.002324777375968 ], [ 116.32432425039147, 40.002324777375968 ], [ 116.324254274802314, 40.003478401874879 ], [ 116.324254302332179, 40.0034872298544 ], [ 116.324255453193516, 40.003496013381771 ], [ 116.324257716337044, 40.00350466812359 ], [ 116.324261070033955, 40.00351311098288 ], [ 116.324265482084698, 40.003521260897045 ], [ 116.324270910128163, 40.003529039616048 ], [ 116.324277302048202, 40.003536372453866 ], [ 116.324284596474158, 40.003543189005462 ], [ 116.324292723370078, 40.003549423822832 ], [ 116.32430160470706, 40.003555017043375 ], [ 116.324311155212513, 40.003559914964647 ], [ 116.32432128318888, 40.003564070560031 ], [ 116.324331891394081, 40.003567443930201 ], [ 116.324342877975084, 40.003570002686274 ], [ 116.324354137445923, 40.003571722260745 ], [ 116.324365561700489, 40.003572586143328 ], [ 116.325108057892237, 40.003600586007501 ], [ 116.325274853284, 40.003606885835204 ], [ 116.325275127026472, 40.00360689592739 ], [ 116.326940688042015, 40.003666787352984 ], [ 116.327229247304203, 40.003678077936222 ], [ 116.327229610921577, 40.0036780917276 ], [ 116.327879101309648, 40.003701946039392 ], [ 116.327843220044983, 40.004476592821241 ], [ 116.327843376491785, 40.004485451330531 ], [ 116.327844663537633, 40.004494255194487 ], [ 116.327847068737796, 40.004502919283588 ], [ 116.327850568835473, 40.004511359819894 ], [ 116.327855129986602, 40.004519495186969 ], [ 116.327860708087201, 40.004527246719356 ], [ 116.32786724919967, 40.004534539462938 ], [ 116.327874690074523, 40.004541302899995 ], [ 116.327882958761862, 40.004547471630907 ], [ 116.327891975307097, 40.004552986006559 ], [ 116.327901652524133, 40.004557792705235 ], [ 116.327911896838387, 40.004561845248126 ], [ 116.32792260919156, 40.004565104448773 ], [ 116.327933685999596, 40.004567538792045 ], [ 116.327945020154345, 40.004569124738822 ], [ 116.327956502059024, 40.004569846953615 ], [ 116.327999944157114, 40.004570930543963 ], [ 116.328644687177388, 40.004592590903584 ], [ 116.328870488316952, 40.00461061782481 ], [ 116.328870488316952, 40.004474989812408 ], [ 116.329338695778148, 40.004474989812408 ], [ 116.329338695778148, 40.004636024281346 ], [ 116.32933874114363, 40.004636017084145 ], [ 116.32933874114363, 40.00447409113184 ], [ 116.329386999431819, 40.00447409113184 ], [ 116.329378314725304, 40.004469696776631 ], [ 116.329368137097305, 40.004465584392825 ], [ 116.329357484327815, 40.004462258974179 ], [ 116.329346459008519, 40.004459752546147 ], [ 116.32933516731886, 40.004458089246931 ], [ 116.329323718003607, 40.004457285094951 ], [ 116.329147815616224, 40.004451601345508 ], [ 116.328665397549543, 40.004413087308158 ], [ 116.328658412656338, 40.004412691515753 ], [ 116.328081534373936, 40.004393311293938 ], [ 116.328117378495364, 40.003619407008443 ] ] ], [ [ [ 116.324188250917544, 40.001846723981096 ], [ 116.324188250917544, 40.001965957533479 ], [ 116.324327169743583, 40.001965957533479 ], [ 116.324188250917544, 40.001846723981096 ] ] ], [ [ [ 116.323720035805167, 40.001444856554492 ], [ 116.323720035805167, 40.001607136996022 ], [ 116.323909108494661, 40.001607136996022 ], [ 116.323720035805167, 40.001444856554492 ] ] ], [ [ [ 116.323481448563484, 40.001240077942477 ], [ 116.323478426943282, 40.001237581206176 ], [ 116.323154626915951, 40.000979981438569 ], [ 116.323146521462164, 40.00097411789428 ], [ 116.323137729171904, 40.00096887225876 ], [ 116.323128329377298, 40.0009642918629 ], [ 116.323118406891794, 40.000960418035127 ], [ 116.323108051245143, 40.000957285728575 ], [ 116.323097355875234, 40.00095492320574 ], [ 116.323086417285367, 40.000953351783409 ], [ 116.32307533417324, 40.000952585640356 ], [ 116.321855603409077, 40.000913034340634 ], [ 116.321891764058606, 40.000416235478028 ], [ 116.321942863671055, 39.999712624306135 ], [ 116.321942972286649, 39.999710795002613 ], [ 116.321971531233473, 39.999091805110353 ], [ 116.321847342174792, 39.999091805110353 ], [ 116.321847342174792, 39.998732980918362 ], [ 116.321988086658919, 39.998732980918362 ], [ 116.322008169878231, 39.99829769491739 ], [ 116.322008026053368, 39.998289012448105 ], [ 116.322006796120093, 39.998280380952401 ], [ 116.322004491503506, 39.998271880606936 ], [ 116.322001133611167, 39.998263590370058 ], [ 116.321996753634409, 39.99825558724848 ], [ 116.321991392258468, 39.998247945581873 ], [ 116.321985099284603, 39.998240736352436 ], [ 116.32197793316746, 39.998234026525452 ], [ 116.321969960472131, 39.998227878427372 ], [ 116.321961255255786, 39.998222349166802 ], [ 116.32195189837978, 39.998217490104025 ], [ 116.321941976758609, 39.998213346374079 ], [ 116.321931582552523, 39.99820995646725 ], [ 116.321920812311447, 39.998207351871784 ], [ 116.32190976607825, 39.998205556781301 ], [ 116.321898546459309, 39.998204587870056 ], [ 116.321887257671619, 39.998204454138047 ], [ 116.320944158909967, 39.9982282541175 ], [ 116.320943427099039, 39.998228274343703 ], [ 116.320721601847097, 39.998234939052239 ], [ 116.319908793892694, 39.998246801233719 ], [ 116.319436010585349, 39.998244906912333 ], [ 116.319421807596285, 39.998244850736427 ], [ 116.319403096627767, 39.997865356224231 ], [ 116.319397496850527, 39.997658274953032 ], [ 116.319163161333861, 39.997658274953032 ], [ 116.319168882532225, 39.997869873165179 ], [ 116.319168941332137, 39.997871413762823 ], [ 116.319191940536001, 39.998337913779089 ], [ 116.319192896939555, 39.998346481601459 ], [ 116.319194911084068, 39.998354940267653 ], [ 116.319197964620372, 39.998363212716129 ], [ 116.319202029730008, 39.998371223581863 ], [ 116.319207069378621, 39.99837889988288 ], [ 116.319213037653469, 39.998386171685233 ], [ 116.31921988018162, 39.998392972740056 ], [ 116.319227534625298, 39.998399241087135 ], [ 116.319235931249793, 39.998404919619468 ], [ 116.319244993558797, 39.99840995660341 ], [ 116.319254638991367, 39.99841430615011 ], [ 116.319264779673873, 39.998417928633501 ], [ 116.319275323220893, 39.998420791051338 ], [ 116.3192861735766, 39.998422867325878 ], [ 116.319297231890033, 39.998424138541445 ], [ 116.319308397415583, 39.998424593116738 ], [ 116.319434793416505, 39.998425093102313 ], [ 116.31990899003452, 39.998426993093929 ], [ 116.31991182194578, 39.998426978107069 ], [ 116.3207272230173, 39.998415078100578 ], [ 116.32072957261866, 39.998415025661075 ], [ 116.320952207045579, 39.998408336647543 ], [ 116.32176958197536, 39.998387709887027 ], [ 116.321708869949816, 39.99970348980311 ], [ 116.321657835555868, 40.000406169959149 ], [ 116.321622459214325, 40.000892169994415 ], [ 116.321847025322072, 40.000892169994415 ], [ 116.321847025322072, 40.001093104269792 ], [ 116.323018703276958, 40.001131098260473 ], [ 116.323251819372402, 40.001316554510794 ], [ 116.323251819372402, 40.001248315684066 ], [ 116.323491046343364, 40.001248315684066 ], [ 116.323481448563484, 40.001240077942477 ] ] ], [ [ [ 116.319414622285436, 39.997298558497818 ], [ 116.319178705988023, 39.997298558497818 ], [ 116.319178569968116, 39.997299443075086 ], [ 116.319414486268542, 39.997299443075086 ], [ 116.319414622285436, 39.997298558497818 ] ] ], [ [ [ 116.319462677293956, 39.996938842023468 ], [ 116.319234857299833, 39.996938842023468 ], [ 116.319234545199819, 39.99693972660085 ], [ 116.319462941617516, 39.99693972660085 ], [ 116.319462677293956, 39.996938842023468 ] ] ], [ [ [ 116.32359555725283, 40.001608031918465 ], [ 116.323719990514405, 40.001608031918465 ], [ 116.323719990514405, 40.001714832730038 ], [ 116.323720035805152, 40.001714871602992 ], [ 116.323720035805152, 40.001607136996022 ], [ 116.323594514581728, 40.001607136996022 ], [ 116.32359555725283, 40.001608031918465 ] ] ], [ [ [ 116.324013618715952, 40.001966853209339 ], [ 116.324188205620402, 40.001966853209339 ], [ 116.324188205620402, 40.00211670078906 ], [ 116.324188250917544, 40.002116739667507 ], [ 116.324188250917544, 40.001965957533479 ], [ 116.32401257516706, 40.001965957533479 ], [ 116.324013618715952, 40.001966853209339 ] ] ] ] } },
{ "type": "Feature", "properties": { "arc_id": "(8, 13)", "length": 1120.6531171689583 }, "geometry": { "type": "MultiPolygon", "coordinates": [ [ [ [ 116.328117378495364, 40.003619407008443 ], [ 116.328117228984695, 40.003610634448449 ], [ 116.328115970670709, 40.003601914665524 ], [ 116.32811361548606, 40.003593330346767 ], [ 116.3281101857647, 40.003584962894713 ], [ 116.328105714029945, 40.003576891655435 ], [ 116.328100242686332, 40.003569193165966 ], [ 116.328093823617237, 40.003561940428753 ], [ 116.328086517692967, 40.003555202219239 ], [ 116.32807839419354, 40.003549042433747 ], [ 116.328069530151794, 40.00354351948355 ], [ 116.328060009622732, 40.003538685741027 ], [ 116.32804992288662, 40.003534587043021 ], [ 116.328039365592801, 40.003531262256146 ], [ 116.328028437852694, 40.003528742908266 ], [ 116.328017243290589, 40.003527052889545 ], [ 116.328005888060801, 40.003526208225871 ], [ 116.327240970886649, 40.003498114949132 ], [ 116.327068143133758, 40.003491352732809 ], [ 116.327082856290033, 40.003211641589999 ], [ 116.327125255303628, 40.002403934122086 ], [ 116.327125154348622, 40.002395086740478 ], [ 116.327123925458025, 40.002386289637336 ], [ 116.327121580483933, 40.002377627654035 ], [ 116.327118142042295, 40.002369184328735 ], [ 116.327113643294581, 40.002361041090808 ], [ 116.327108127628136, 40.002353276475496 ], [ 116.327101648237587, 40.002345965366459 ], [ 116.327094267611926, 40.00233917827363 ], [ 116.327086056931719, 40.002332980653236 ], [ 116.327077095382791, 40.002327432276424 ], [ 116.327067469392318, 40.002322586652916 ], [ 116.327057271795553, 40.002318490514917 ], [ 116.327046600940307, 40.002315183366434 ], [ 116.327035559738533, 40.002312697102269 ], [ 116.327024254673944, 40.002311055700474 ], [ 116.327012794774802, 40.002310274991061 ], [ 116.326814968000605, 40.002304303201335 ], [ 116.326861165927568, 40.00136058947426 ], [ 116.326861032814747, 40.001351730982563 ], [ 116.326859769076322, 40.001342925371461 ], [ 116.326857386931906, 40.001334257782553 ], [ 116.326853909414851, 40.00132581202287 ], [ 116.326849370149716, 40.00131766975457 ], [ 116.326843813027054, 40.001309909705263 ], [ 116.326837291779057, 40.001302606906918 ], [ 116.326829869459928, 40.001295831970268 ], [ 116.326821617836345, 40.001289650402171 ], [ 116.326812616693402, 40.001284121972155 ], [ 116.326802953063222, 40.001279300134584 ], [ 116.326792720383523, 40.001275231511727 ], [ 116.326782017593999, 40.001271955443052 ], [ 116.326770948179885, 40.001269503604831 ], [ 116.326759619171142, 40.001267899703826 ], [ 116.326748140107838, 40.001267159248165 ], [ 116.325684565461074, 40.001238928883218 ], [ 116.325712218637904, 40.00027238192056 ], [ 116.325712224614236, 40.000272160674342 ], [ 116.32572352385516, 39.999827560656747 ], [ 116.325723196254287, 39.999818841172292 ], [ 116.325721773745258, 39.99981018692403 ], [ 116.325719269663821, 39.999801679041269 ], [ 116.325715707484918, 39.999793397281302 ], [ 116.32571112060262, 39.999785419281494 ], [ 116.32570555201697, 39.999777819831628 ], [ 116.325699053931018, 39.999770670172758 ], [ 116.325691687261298, 39.999764037329314 ], [ 116.325683521066878, 39.999757983480848 ], [ 116.325674631901876, 39.999752565379112 ], [ 116.325665103097833, 39.999747833816031 ], [ 116.325655023982463, 39.999743833147562 ], [ 116.325644489042418, 39.999740600877935 ], [ 116.325633597037339, 39.999738167308003 ], [ 116.325622450074164, 39.999736555251197 ], [ 116.325611152649941, 39.999735779819709 ], [ 116.324580154000486, 39.999703579872723 ], [ 116.324152731540096, 39.999690267447576 ], [ 116.324171888597718, 39.999088227244449 ], [ 116.323937528586058, 39.999088227244449 ], [ 116.323915688954457, 39.999774495639905 ], [ 116.32391596335431, 39.999783244489727 ], [ 116.323917340153002, 39.999791931590309 ], [ 116.323919806360323, 39.999800474975501 ], [ 116.32392333870699, 39.999808794035133 ], [ 116.323927903864373, 39.999816810275583 ], [ 116.323933458758731, 39.99982444806043 ], [ 116.323939950977703, 39.999831635324121 ], [ 116.323947319264875, 39.999838304251938 ], [ 116.323955494097703, 39.999844391919801 ], [ 116.32396439834352, 39.999849840888096 ], [ 116.32397394798727, 39.999854599743529 ], [ 116.323984052924189, 39.999858623584352 ], [ 116.323994617810129, 39.999861874443937 ], [ 116.324005542961018, 39.999864321649099 ], [ 116.324016725293532, 39.999865942109402 ], [ 116.324028059297646, 39.999866720535103 ], [ 116.32457065292688, 39.999883620342402 ], [ 116.325487034269798, 39.999912241057892 ], [ 116.325477978205342, 40.000268528581557 ], [ 116.32544777956879, 40.001323917916011 ], [ 116.325448083977776, 40.001332685894631 ], [ 116.325449495561273, 40.001341389557567 ], [ 116.325452000940786, 40.001349946412027 ], [ 116.325455576370885, 40.001358275356687 ], [ 116.325460187964296, 40.001366297450303 ], [ 116.325465792012864, 40.001373936659888 ], [ 116.325472335402054, 40.001381120581428 ], [ 116.325479756114262, 40.001387781126027 ], [ 116.325487983816487, 40.001393855165382 ], [ 116.325496940527188, 40.001399285129978 ], [ 116.325506541355139, 40.001404019554833 ], [ 116.325516695304216, 40.001408013567236 ], [ 116.325527306135697, 40.001411229312104 ], [ 116.325538273280614, 40.001413636310694 ], [ 116.325549492792703, 40.001415211749567 ], [ 116.325560858333844, 40.001415940696752 ], [ 116.326622612697648, 40.001444123838283 ], [ 116.326576432324259, 40.002387410342457 ], [ 116.326576563298843, 40.002396242190336 ], [ 116.326577818142425, 40.002405021734297 ], [ 116.326580184795247, 40.002413664594897 ], [ 116.32658364051197, 40.002422087706265 ], [ 116.32658815208039, 40.002430210114497 ], [ 116.32659367614049, 40.002437953755688 ], [ 116.326600159601227, 40.002445244206228 ], [ 116.326607540150817, 40.002452011398049 ], [ 116.326615746855424, 40.002458190292103 ], [ 116.326624700841123, 40.002463721503368 ], [ 116.326634316051866, 40.002468551871708 ], [ 116.326644500076455, 40.002472634972683 ], [ 116.326655155036903, 40.002475931563829 ], [ 116.326666178528896, 40.002478409961753 ], [ 116.326677464606306, 40.00248004634674 ], [ 116.326688904799099, 40.002480824991522 ], [ 116.326886413701686, 40.002486787389792 ], [ 116.326848743528998, 40.00320436200024 ], [ 116.326829343095767, 40.003573158267301 ], [ 116.326829438220429, 40.003581940881034 ], [ 116.326830644890009, 40.003590674639035 ], [ 116.326832951637385, 40.003599276540079 ], [ 116.326836336540751, 40.003607664836096 ], [ 116.326840767432131, 40.003615759808909 ], [ 116.326846202202887, 40.003623484527957 ], [ 116.32685258920398, 40.003630765581342 ], [ 116.3268598677368, 40.003637533773535 ], [ 116.326867968629983, 40.003643724782911 ], [ 116.326876814896821, 40.003649279773171 ], [ 116.326886322466862, 40.003654145952389 ], [ 116.32689640098485, 40.003658277074706 ], [ 116.326906954669511, 40.003661633879965 ], [ 116.326917883223743, 40.003664184466651 ], [ 116.326929082787842, 40.003665904595238 ], [ 116.326940446926486, 40.00366677791844 ], [ 116.327229247304203, 40.003678077936222 ], [ 116.327229610921577, 40.0036780917276 ], [ 116.327879101309648, 40.003701946039392 ], [ 116.327843220044983, 40.004476592821241 ], [ 116.327843376491785, 40.004485451330531 ], [ 116.327844663537633, 40.004494255194487 ], [ 116.327847068737796, 40.004502919283588 ], [ 116.327850568835473, 40.004511359819894 ], [ 116.327855129986602, 40.004519495186969 ], [ 116.327860708087201, 40.004527246719356 ], [ 116.32786724919967, 40.004534539462938 ], [ 116.327874690074523, 40.004541302899995 ], [ 116.327882958761862, 40.004547471630907 ], [ 116.327891975307097, 40.004552986006559 ], [ 116.327901652524133, 40.004557792705235 ], [ 116.327911896838387, 40.004561845248126 ], [ 116.32792260919156, 40.004565104448773 ], [ 116.327933685999596, 40.004567538792045 ], [ 116.327945020154345, 40.004569124738822 ], [ 116.327956502059024, 40.004569846953615 ], [ 116.327999944157114, 40.004570930543963 ], [ 116.328644687177388, 40.004592590903584 ], [ 116.328870488316952, 40.00461061782481 ], [ 116.328870488316952, 40.004474989812408 ], [ 116.329338695778148, 40.004474989812408 ], [ 116.329338695778148, 40.004636024281346 ], [ 116.32933874114363, 40.004636017084145 ], [ 116.32933874114363, 40.00447409113184 ], [ 116.329386999431819, 40.00447409113184 ], [ 116.329378314725304, 40.004469696776631 ], [ 116.329368137097305, 40.004465584392825 ], [ 116.329357484327815, 40.004462258974179 ], [ 116.329346459008519, 40.004459752546147 ], [ 116.32933516731886, 40.004458089246931 ], [ 116.329323718003607, 40.004457285094951 ], [ 116.329147815616224, 40.004451601345508 ], [ 116.328665397549543, 40.004413087308158 ], [ 116.328658412656338, 40.004412691515753 ], [ 116.328081534373936, 40.004393311293938 ], [ 116.328117378495364, 40.003619407008443 ] ] ], [ [ [ 116.323720352820445, 39.998839950584241 ], [ 116.323720352820445, 39.999020290475613 ], [ 116.323720398105479, 39.999020291902056 ], [ 116.323720398105479, 39.998839952010663 ], [ 116.323720352820445, 39.998839950584241 ] ] ] ] } },
{ "type": "Feature", "properties": { "arc_id": "(8, 14)", "length": 915.8007833947679 }, "geometry": { "type": "MultiPolygon", "coordinates": [ [ [ [ 116.328117378495364, 40.003619407008443 ], [ 116.328117228984695, 40.003610634448449 ], [ 116.328115970670709, 40.003601914665524 ], [ 116.32811361548606, 40.003593330346767 ], [ 116.3281101857647, 40.003584962894713 ], [ 116.328105714029945, 40.003576891655435 ], [ 116.328100242686332, 40.003569193165966 ], [ 116.328093823617237, 40.003561940428753 ], [ 116.328086517692967, 40.003555202219239 ], [ 116.32807839419354, 40.003549042433747 ], [ 116.328069530151794, 40.00354351948355 ], [ 116.328060009622732, 40.003538685741027 ], [ 116.32804992288662, 40.003534587043021 ], [ 116.328039365592801, 40.003531262256146 ], [ 116.328028437852694, 40.003528742908266 ], [ 116.328017243290589, 40.003527052889545 ], [ 116.328005888060801, 40.003526208225871 ], [ 116.327240970886649, 40.003498114949132 ], [ 116.326952353056228, 40.003486822079743 ], [ 116.326951870777137, 40.003486803975022 ], [ 116.325286209833862, 40.003426908993724 ], [ 116.325119546917477, 40.003420614172967 ], [ 116.324377038282776, 40.003392613854864 ], [ 116.324376918584051, 40.003392609387774 ], [ 116.323234220079399, 40.003350409454995 ], [ 116.322404311037815, 40.003319809130026 ], [ 116.321739205558941, 40.003295308935066 ], [ 116.321737942124869, 40.003295267645626 ], [ 116.321616220786822, 40.003291795708392 ], [ 116.321665802086017, 40.002689859944951 ], [ 116.321431030243289, 40.002689859944951 ], [ 116.321374782132111, 40.003372704065178 ], [ 116.321374625992476, 40.003381691976898 ], [ 116.321375635216441, 40.003390647120632 ], [ 116.321377799758608, 40.003399480356116 ], [ 116.321381098073346, 40.003408103756662 ], [ 116.321385497329388, 40.003416431484155 ], [ 116.32139095373654, 40.003424380643693 ], [ 116.321397412981582, 40.003431872108571 ], [ 116.321404810768882, 40.003438831308046 ], [ 116.321413073460391, 40.003445188969543 ], [ 116.32142211880867, 40.003450881808234 ], [ 116.321431856775561, 40.003455853157028 ], [ 116.321442190428428, 40.003460053530574 ], [ 116.321453016905068, 40.003463441117887 ], [ 116.321464228437591, 40.003465982198549 ], [ 116.321475713425173, 40.003467651478367 ], [ 116.321487357544996, 40.003468432341108 ], [ 116.321728625998915, 40.003475314329982 ], [ 116.322393092092994, 40.003499790984257 ], [ 116.32322298497202, 40.003530390730411 ], [ 116.324365621546008, 40.00357258840031 ], [ 116.325108057892237, 40.003600586007501 ], [ 116.325274853284, 40.003606885835204 ], [ 116.325275127026472, 40.00360689592739 ], [ 116.326940688042015, 40.003666787352984 ], [ 116.327229247304203, 40.003678077936222 ], [ 116.327229610921577, 40.0036780917276 ], [ 116.327879101309648, 40.003701946039392 ], [ 116.327843220044983, 40.004476592821241 ], [ 116.327843376491785, 40.004485451330531 ], [ 116.327844663537633, 40.004494255194487 ], [ 116.327847068737796, 40.004502919283588 ], [ 116.327850568835473, 40.004511359819894 ], [ 116.327855129986602, 40.004519495186969 ], [ 116.327860708087201, 40.004527246719356 ], [ 116.32786724919967, 40.004534539462938 ], [ 116.327874690074523, 40.004541302899995 ], [ 116.327882958761862, 40.004547471630907 ], [ 116.327891975307097, 40.004552986006559 ], [ 116.327901652524133, 40.004557792705235 ], [ 116.327911896838387, 40.004561845248126 ], [ 116.32792260919156, 40.004565104448773 ], [ 116.327933685999596, 40.004567538792045 ], [ 116.327945020154345, 40.004569124738822 ], [ 116.327956502059024, 40.004569846953615 ], [ 116.327999944157114, 40.004570930543963 ], [ 116.328644687177388, 40.004592590903584 ], [ 116.328870488316952, 40.00461061782481 ], [ 116.328870488316952, 40.004474989812408 ], [ 116.329338695778148, 40.004474989812408 ], [ 116.329338695778148, 40.004636024281346 ], [ 116.32933874114363, 40.004636017084145 ], [ 116.32933874114363, 40.00447409113184 ], [ 116.329386999431819, 40.00447409113184 ], [ 116.329378314725304, 40.004469696776631 ], [ 116.329368137097305, 40.004465584392825 ], [ 116.329357484327815, 40.004462258974179 ], [ 116.329346459008519, 40.004459752546147 ], [ 116.32933516731886, 40.004458089246931 ], [ 116.329323718003607, 40.004457285094951 ], [ 116.329147815616224, 40.004451601345508 ], [ 116.328665397549543, 40.004413087308158 ], [ 116.328658412656338, 40.004412691515753 ], [ 116.328081534373936, 40.004393311293938 ], [ 116.328117378495364, 40.003619407008443 ] ] ], [ [ [ 116.321695431817545, 40.002330143774614 ], [ 116.321460661244771, 40.002330143774614 ], [ 116.321460587840804, 40.002331034888407 ], [ 116.321695358416719, 40.002331034888407 ], [ 116.321695431817545, 40.002330143774614 ] ] ], [ [ [ 116.321648312892265, 40.001970427582819 ], [ 116.321553267357032, 40.001970427582819 ], [ 116.321552318101851, 40.001970717915889 ], [ 116.321550805390956, 40.00197131869669 ], [ 116.321651001839172, 40.00197131869669 ], [ 116.321648312892265, 40.001970427582819 ] ] ] ] } },
{ "type": "Feature", "properties": { "arc_id": "(8, 15)", "length": 789.09101231692273 }, "geometry": { "type": "MultiPolygon", "coordinates": [ [ [ [ 116.328117378495364, 40.003619407008443 ], [ 116.328117228984695, 40.003610634448449 ], [ 116.328115970670709, 40.003601914665524 ], [ 116.32811361548606, 40.003593330346767 ], [ 116.3281101857647, 40.003584962894713 ], [ 116.328105714029945, 40.003576891655435 ], [ 116.328100242686332, 40.003569193165966 ], [ 116.328093823617237, 40.003561940428753 ], [ 116.328086517692967, 40.003555202219239 ], [ 116.32807839419354, 40.003549042433747 ], [ 116.328069530151794, 40.00354351948355 ], [ 116.328060009622732, 40.003538685741027 ], [ 116.32804992288662, 40.003534587043021 ], [ 116.328039365592801, 40.003531262256146 ], [ 116.328028437852694, 40.003528742908266 ], [ 116.328017243290589, 40.003527052889545 ], [ 116.328005888060801, 40.003526208225871 ], [ 116.327240970886649, 40.003498114949132 ], [ 116.326952353056228, 40.003486822079743 ], [ 116.326951870777137, 40.003486803975022 ], [ 116.325286209833862, 40.003426908993724 ], [ 116.325119546917477, 40.003420614172967 ], [ 116.324493770912412, 40.003397016208723 ], [ 116.324558806122766, 40.002324777375968 ], [ 116.32432425039147, 40.002324777375968 ], [ 116.324254274802314, 40.003478401874879 ], [ 116.324254302332179, 40.0034872298544 ], [ 116.324255453193516, 40.003496013381771 ], [ 116.324257716337044, 40.00350466812359 ], [ 116.324261070033955, 40.00351311098288 ], [ 116.324265482084698, 40.003521260897045 ], [ 116.324270910128163, 40.003529039616048 ], [ 116.324277302048202, 40.003536372453866 ], [ 116.324284596474158, 40.003543189005462 ], [ 116.324292723370078, 40.003549423822832 ], [ 116.32430160470706, 40.003555017043375 ], [ 116.324311155212513, 40.003559914964647 ], [ 116.32432128318888, 40.003564070560031 ], [ 116.324331891394081, 40.003567443930201 ], [ 116.324342877975084, 40.003570002686274 ], [ 116.324354137445923, 40.003571722260745 ], [ 116.324365561700489, 40.003572586143328 ], [ 116.325108057892237, 40.003600586007501 ], [ 116.325274853284, 40.003606885835204 ], [ 116.325275127026472, 40.00360689592739 ], [ 116.326940688042015, 40.003666787352984 ], [ 116.327229247304203, 40.003678077936222 ], [ 116.327229610921577, 40.0036780917276 ], [ 116.327879101309648, 40.003701946039392 ], [ 116.327843220044983, 40.004476592821241 ], [ 116.327843376491785, 40.004485451330531 ], [ 116.327844663537633, 40.004494255194487 ], [ 116.327847068737796, 40.004502919283588 ], [ 116.327850568835473, 40.004511359819894 ], [ 116.327855129986602, 40.004519495186969 ], [ 116.327860708087201, 40.004527246719356 ], [ 116.32786724919967, 40.004534539462938 ], [ 116.327874690074523, 40.004541302899995 ], [ 116.327882958761862, 40.004547471630907 ], [ 116.327891975307097, 40.004552986006559 ], [ 116.327901652524133, 40.004557792705235 ], [ 116.327911896838387, 40.004561845248126 ], [ 116.32792260919156, 40.004565104448773 ], [ 116.327933685999596, 40.004567538792045 ], [ 116.327945020154345, 40.004569124738822 ], [ 116.327956502059024, 40.004569846953615 ], [ 116.327999944157114, 40.004570930543963 ], [ 116.328644687177388, 40.004592590903584 ], [ 116.328870488316952, 40.00461061782481 ], [ 116.328870488316952, 40.004474989812408 ], [ 116.329338695778148, 40.004474989812408 ], [ 116.329338695778148, 40.004636024281346 ], [ 116.32933874114363, 40.004636017084145 ], [ 116.32933874114363, 40.00447409113184 ], [ 116.329386999431819, 40.00447409113184 ], [ 116.329378314725304, 40.004469696776631 ], [ 116.329368137097305, 40.004465584392825 ], [ 116.329357484327815, 40.004462258974179 ], [ 116.329346459008519, 40.004459752546147 ], [ 116.32933516731886, 40.004458089246931 ], [ 116.329323718003607, 40.004457285094951 ], [ 116.329147815616224, 40.004451601345508 ], [ 116.328665397549543, 40.004413087308158 ], [ 116.328658412656338, 40.004412691515753 ], [ 116.328081534373936, 40.004393311293938 ], [ 116.328117378495364, 40.003619407008443 ] ] ], [ [ [ 116.324188205620402, 40.002014476954386 ], [ 116.324188205620402, 40.002194729132334 ], [ 116.324188250917544, 40.002194730057752 ], [ 116.324188250917544, 40.002014477879797 ], [ 116.324188205620402, 40.002014476954386 ] ] ], [ [ [ 116.323719945222948, 40.002004910431666 ], [ 116.323719945222948, 40.002185162599709 ], [ 116.323719990514391, 40.002185163525013 ], [ 116.323719990514391, 40.00200491135697 ], [ 116.323719945222948, 40.002004910431666 ] ] ], [ [ [ 116.3232516835171, 40.001995343882221 ], [ 116.3232516835171, 40.002175596040352 ], [ 116.323251728802916, 40.002175596965536 ], [ 116.323251728802916, 40.001995344807405 ], [ 116.3232516835171, 40.001995343882221 ] ] ] ] } },
{ "type": "Feature", "properties": { "arc_id": "(9, 10)", "length": 787.49801660542585 }, "geometry": { "type": "MultiPolygon", "coordinates": [ [ [ [ 116.320976540576822, 40.009102311225952 ], [ 116.321312050197491, 40.008893305100528 ], [ 116.321320602238458, 40.008887421426842 ], [ 116.321328364759822, 40.008880922642163 ], [ 116.321335263296476, 40.008873871088916 ], [ 116.321341231671553, 40.008866334412097 ], [ 116.32134621263117, 40.008858384910482 ], [ 116.321350158393741, 40.008850098843006 ], [ 116.321353031108316, 40.008841555697188 ], [ 116.321354803217531, 40.008832837426745 ], [ 116.321355457722177, 40.008824027665199 ], [ 116.321354988344055, 40.008815210923792 ], [ 116.321353399586314, 40.008806471780638 ], [ 116.321350706690154, 40.008797894069467 ], [ 116.321346935488663, 40.008789560075378 ], [ 116.321342122158924, 40.008781549745429 ], [ 116.32133631287509, 40.008773939921852 ], [ 116.321329563365211, 40.008766803604793 ], [ 116.321173263291783, 40.008617503725851 ], [ 116.321168715783813, 40.008613415980378 ], [ 116.320549615654983, 40.008089416437222 ], [ 116.32054152468595, 40.008083206050479 ], [ 116.320532685150212, 40.008077631594347 ], [ 116.320523181207037, 40.008072746141877 ], [ 116.320513103341298, 40.008068596206265 ], [ 116.320502547501917, 40.008065221298011 ], [ 116.320491614188569, 40.008062653548819 ], [ 116.3204804074946, 40.008060917405544 ], [ 116.320469034116201, 40.008060029397598 ], [ 116.320431068177854, 40.008058498734407 ], [ 116.320433385112779, 40.007971829832385 ], [ 116.320458432623425, 40.007662804629447 ], [ 116.320458580632078, 40.007653894076711 ], [ 116.320457583202497, 40.007645015867475 ], [ 116.320455450093235, 40.007636256860167 ], [ 116.320452202173612, 40.007627702746987 ], [ 116.320447871219528, 40.007619437215524 ], [ 116.320442499602422, 40.007611541130125 ], [ 116.320436139874857, 40.007604091740653 ], [ 116.320428854256335, 40.007597161926761 ], [ 116.320420714024579, 40.007590819484967 ], [ 116.320411798818128, 40.00758512646528 ], [ 116.320402195857312, 40.007580138564236 ], [ 116.320391999090958, 40.007575904579951 ], [ 116.320381308277092, 40.00757246593475 ], [ 116.320370228007206, 40.00756985626991 ], [ 116.32035886668281, 40.007568101116547 ], [ 116.320347335455153, 40.007567217645814 ], [ 116.319943109828486, 40.007551715217254 ], [ 116.319948338813845, 40.007497458820851 ], [ 116.319948628064608, 40.007488721636918 ], [ 116.319947815035576, 40.007480004012784 ], [ 116.319945907378468, 40.007471387989064 ], [ 116.319942923046469, 40.007462954650215 ], [ 116.319938890125172, 40.007454783361389 ], [ 116.31993384656829, 40.00744695102167 ], [ 116.31992783984046, 40.007439531340232 ], [ 116.319433790981009, 40.006890536290314 ], [ 116.319455566198855, 40.006686260643519 ], [ 116.319455943404478, 40.006677485325348 ], [ 116.319455208047785, 40.006668723443532 ], [ 116.319453367113169, 40.006660058213477 ], [ 116.319450438085255, 40.006651571932615 ], [ 116.319446448782642, 40.00664334519881 ], [ 116.319441437093829, 40.006635456144885 ], [ 116.319435450617291, 40.006627979696496 ], [ 116.319428546209423, 40.006620986860632 ], [ 116.319420789444521, 40.006614544051182 ], [ 116.319412253992056, 40.006608712458146 ], [ 116.319403020916909, 40.006603547466582 ], [ 116.319315520970406, 40.006559447514967 ], [ 116.31930957742928, 40.006556642781995 ], [ 116.319144477553309, 40.006483842865102 ], [ 116.319134358157044, 40.006479869177561 ], [ 116.319123785794005, 40.006476667999429 ], [ 116.319112859905928, 40.006474269440396 ], [ 116.31910168325976, 40.006472696060868 ], [ 116.317812082292363, 40.006340467808599 ], [ 116.317842405622756, 40.005881370271403 ], [ 116.317842439541622, 40.005880824012934 ], [ 116.317847439395209, 40.005794824006728 ], [ 116.317847446976458, 40.00579469141659 ], [ 116.317869546306966, 40.005401591388889 ], [ 116.317869489268915, 40.005392900397894 ], [ 116.317868343546252, 40.005384254071807 ], [ 116.317866119801266, 40.005375732872047 ], [ 116.317862838728203, 40.005367416095595 ], [ 116.317858530860605, 40.005359381137019 ], [ 116.317853236287121, 40.005351702768394 ], [ 116.317847004278505, 40.005344452443317 ], [ 116.31783989282907, 40.005337697632122 ], [ 116.317831968117048, 40.005331501193922 ], [ 116.317823303888602, 40.005325920791691 ], [ 116.317813980771717, 40.005321008355679 ], [ 116.317804085525765, 40.005316809600131 ], [ 116.31779371023427, 40.005313363597949 ], [ 116.317782951447839, 40.005310702416956 ], [ 116.317771909285838, 40.005308850821635 ], [ 116.317760686504599, 40.005307826042603 ], [ 116.317163708575777, 40.005275665708652 ], [ 116.317163708575777, 40.00545629556018 ], [ 116.317630526710275, 40.005481444410606 ], [ 116.317613356765889, 40.005786842168121 ], [ 116.317608376356176, 40.005872502700228 ], [ 116.317572593472562, 40.006414229567135 ], [ 116.317572580463221, 40.006423169152882 ], [ 116.317573719581176, 40.006432065722272 ], [ 116.317575999611492, 40.006440831683271 ], [ 116.317579398106403, 40.006449380729677 ], [ 116.317583881606026, 40.006457628690967 ], [ 116.317589405967965, 40.006465494360924 ], [ 116.317595916801849, 40.006472900297204 ], [ 116.317603350004802, 40.006479773583784 ], [ 116.317611632392627, 40.006486046548901 ], [ 116.317620682420241, 40.00649165743129 ], [ 116.317630410984648, 40.006496550988338 ], [ 116.317640722302158, 40.006500679039867 ], [ 116.317651514851462, 40.006504000942641 ], [ 116.317662682373182, 40.006506483990393 ], [ 116.317674114915988, 40.006508103735975 ], [ 116.319047895226674, 40.006648964081634 ], [ 116.319189996365694, 40.006711622858859 ], [ 116.3192163452605, 40.006724902719959 ], [ 116.319196833428521, 40.006907939210564 ], [ 116.319196457446495, 40.006916774872387 ], [ 116.319197209347976, 40.006925596334256 ], [ 116.319199081893785, 40.00693431866047 ], [ 116.319202057054994, 40.006942857869838 ], [ 116.319206106186215, 40.006951131744238 ], [ 116.319211190301488, 40.006959060620211 ], [ 116.319217260449776, 40.006966568156059 ], [ 116.319711601293449, 40.007515889910266 ], [ 116.319700560962858, 40.0076304410454 ], [ 116.319700279209954, 40.007639415636277 ], [ 116.319701160305229, 40.007648367236648 ], [ 116.319703195501106, 40.007657206969427 ], [ 116.319706364591283, 40.007665847068196 ], [ 116.319710636111466, 40.007674201748586 ], [ 116.319715967651661, 40.007682188060024 ], [ 116.319722306277328, 40.007689726709273 ], [ 116.319729589054816, 40.007696742847813 ], [ 116.319737743676299, 40.007703166814871 ], [ 116.319746689177606, 40.007708934829111 ], [ 116.319756336742159, 40.007713989621948 ], [ 116.319766590582802, 40.007718281006099 ], [ 116.319777348892771, 40.007721766373855 ], [ 116.319788504856533, 40.007724411120229 ], [ 116.319799947710393, 40.007726188986382 ], [ 116.319811563842151, 40.007727082320535 ], [ 116.320217187733093, 40.007742638801361 ], [ 116.320199366869673, 40.007962495223175 ], [ 116.320199164688603, 40.00796624811732 ], [ 116.320194464388351, 40.008142048110116 ], [ 116.320194774532794, 40.008150707249222 ], [ 116.320196164675508, 40.008159303458982 ], [ 116.320198621965645, 40.008167757271288 ], [ 116.320202123687068, 40.008175990534475 ], [ 116.320206637468317, 40.008183927135683 ], [ 116.320212121581775, 40.008191493704587 ], [ 116.32021852532958, 40.008198620291566 ], [ 116.320225789512179, 40.008205241014437 ], [ 116.320233846975569, 40.008211294667532 ], [ 116.320242623232218, 40.008216725287397 ], [ 116.320252037149515, 40.008221482670301 ], [ 116.320262001700002, 40.008225522836298 ], [ 116.32027242476569, 40.008228808435746 ], [ 116.320283209989881, 40.008231309094668 ], [ 116.320294257667712, 40.008233001695537 ], [ 116.320305465668142, 40.008233870590985 ], [ 116.320408610529356, 40.008238029130816 ], [ 116.320992930924305, 40.00873259229914 ], [ 116.321073792395751, 40.008809832535349 ], [ 116.320829054801123, 40.008962291699859 ], [ 116.320686159626291, 40.009051288638105 ], [ 116.320499829373787, 40.009167416958533 ], [ 116.320872005708594, 40.009167416958533 ], [ 116.320976540576822, 40.009102311225952 ] ] ], [ [ [ 116.316909315153893, 40.00521672246218 ], [ 116.316695508271792, 40.00521672246218 ], [ 116.316695508271792, 40.005094455625454 ], [ 116.3166954630574, 40.005094508728625 ], [ 116.3166954630574, 40.005217598543084 ], [ 116.316909269833559, 40.005217598543084 ], [ 116.316909315153893, 40.00521672246218 ] ] ], [ [ [ 116.316674728628229, 40.005218472692604 ], [ 116.316695417842269, 40.005218472692604 ], [ 116.316695417842269, 40.005403140446646 ], [ 116.316695463057385, 40.005403183234485 ], [ 116.316695463057385, 40.005217598543084 ], [ 116.316674773851716, 40.005217598543084 ], [ 116.316674728628229, 40.005218472692604 ] ] ], [ [ [ 116.320441174839104, 40.00919985836348 ], [ 116.320441174839104, 40.009385575788421 ], [ 116.320441220105636, 40.009385567099372 ], [ 116.320441220105636, 40.009199849674438 ], [ 116.320441174839104, 40.00919985836348 ] ] ] ] } },
{ "type": "Feature", "properties": { "arc_id": "(9, 11)", "length": 1746.6441653848333 }, "geometry": { "type": "MultiPolygon", "coordinates": [ [ [ [ 116.320976540576822, 40.009102311225952 ], [ 116.321312050197491, 40.008893305100528 ], [ 116.321320602238458, 40.008887421426842 ], [ 116.321328364759822, 40.008880922642163 ], [ 116.321335263296476, 40.008873871088916 ], [ 116.321341231671553, 40.008866334412097 ], [ 116.32134621263117, 40.008858384910482 ], [ 116.321350158393741, 40.008850098843006 ], [ 116.321353031108316, 40.008841555697188 ], [ 116.321354803217531, 40.008832837426745 ], [ 116.321355457722177, 40.008824027665199 ], [ 116.321354988344055, 40.008815210923792 ], [ 116.321353399586314, 40.008806471780638 ], [ 116.321350706690154, 40.008797894069467 ], [ 116.321346935488663, 40.008789560075378 ], [ 116.321342122158924, 40.008781549745429 ], [ 116.32133631287509, 40.008773939921852 ], [ 116.321329563365211, 40.008766803604793 ], [ 116.321201362509839, 40.008644344530524 ], [ 116.321233149225989, 40.00818175242182 ], [ 116.321248186849331, 40.008012750197501 ], [ 116.321248214254979, 40.008012434032089 ], [ 116.321301013193477, 40.007386733970584 ], [ 116.321301092555416, 40.007385701854496 ], [ 116.321303791516229, 40.007346815870839 ], [ 116.321345171567359, 40.006754087129593 ], [ 116.321358651395499, 40.006579644317732 ], [ 116.321358701718665, 40.006578947516758 ], [ 116.321381782993896, 40.00623531755334 ], [ 116.321384462685003, 40.006199587525991 ], [ 116.321421363642088, 40.005705263467455 ], [ 116.321424267971125, 40.005665904237063 ], [ 116.321424281683335, 40.005665714885467 ], [ 116.32147843972399, 40.004903387192869 ], [ 116.321483280679885, 40.004848156506981 ], [ 116.321378349951615, 40.004848156506981 ], [ 116.321378349951615, 40.004489331582242 ], [ 116.321514731595414, 40.004489331582242 ], [ 116.32151480970127, 40.004488440468897 ], [ 116.32137839521927, 40.004488440468897 ], [ 116.32137839521927, 40.004129615521776 ], [ 116.32154626061876, 40.004129615521776 ], [ 116.321546388278833, 40.004128159042153 ], [ 116.321546411939593, 40.004127882766305 ], [ 116.321608610677984, 40.003384182693765 ], [ 116.32166580198475, 40.002689859944951 ], [ 116.321431030243332, 40.002689859944951 ], [ 116.321374785710461, 40.003372660625615 ], [ 116.321312599636627, 40.004116178964139 ], [ 116.321248283374288, 40.004849937583309 ], [ 116.321378259414161, 40.004849937583309 ], [ 116.321378259414161, 40.005208763635608 ], [ 116.321222084699897, 40.005208763635608 ], [ 116.32119032506202, 40.005655790315146 ], [ 116.321187434166561, 40.005694966027086 ], [ 116.321150536433706, 40.006189224364448 ], [ 116.321147837273173, 40.006225212352881 ], [ 116.321147798883757, 40.006225752393171 ], [ 116.321124721706923, 40.006569303889833 ], [ 116.321111248327711, 40.006743655548433 ], [ 116.321111210489036, 40.006744170039866 ], [ 116.321069809480804, 40.007337169990144 ], [ 116.321067143294613, 40.007375581794435 ], [ 116.321014399108449, 40.008000607749089 ], [ 116.320999312885633, 40.008170149667308 ], [ 116.320999202798703, 40.00817154591045 ], [ 116.320965001952317, 40.008669245869257 ], [ 116.320964994514071, 40.008678644741877 ], [ 116.320966260475231, 40.008687993065273 ], [ 116.320968786058515, 40.008697189099315 ], [ 116.320972543777899, 40.008706132761255 ], [ 116.320977492737626, 40.008714726714942 ], [ 116.320983579077293, 40.008722877430145 ], [ 116.320990736558088, 40.008730496200471 ], [ 116.321073792395751, 40.008809832535349 ], [ 116.320829054801123, 40.008962291699859 ], [ 116.320686159626291, 40.009051288638105 ], [ 116.320499829373787, 40.009167416958533 ], [ 116.320872005708594, 40.009167416958533 ], [ 116.320976540576822, 40.009102311225952 ] ] ], [ [ [ 116.321695431775638, 40.002330143774614 ], [ 116.321460661244785, 40.002330143774614 ], [ 116.321460587840818, 40.002331034888407 ], [ 116.321695358374669, 40.002331034888407 ], [ 116.321695431775638, 40.002330143774614 ] ] ], [ [ [ 116.321729353274577, 40.001970427582819 ], [ 116.32149388084369, 40.001970427582819 ], [ 116.321493764762863, 40.00197131869669 ], [ 116.321729237196777, 40.00197131869669 ], [ 116.321729353274577, 40.001970427582819 ] ] ], [ [ [ 116.321776210432247, 40.001610711369722 ], [ 116.321540739224943, 40.001610711369722 ], [ 116.321540623144116, 40.001611602483671 ], [ 116.321776094354448, 40.001611602483671 ], [ 116.321776210432247, 40.001610711369722 ] ] ], [ [ [ 116.321820974526744, 40.001250995135507 ], [ 116.321585783807492, 40.001250995135507 ], [ 116.321585682515618, 40.00125188624952 ], [ 116.321820873237897, 40.00125188624952 ], [ 116.321820974526744, 40.001250995135507 ] ] ], [ [ [ 116.32184870313408, 40.001007045761206 ], [ 116.321848965057612, 40.001004235529052 ], [ 116.321891764058606, 40.000416235478028 ], [ 116.321942863671055, 39.999712624306135 ], [ 116.321942972286649, 39.999710795002613 ], [ 116.321971531235363, 39.999091805110353 ], [ 116.321847342174792, 39.999091805110353 ], [ 116.321847342174792, 39.998732980918362 ], [ 116.321988086661918, 39.998732980918362 ], [ 116.322007988443175, 39.998301627454957 ], [ 116.322247859397351, 39.996806432591931 ], [ 116.322248704704577, 39.996797642565596 ], [ 116.322248429210049, 39.996788831076366 ], [ 116.322247035550888, 39.996780082458415 ], [ 116.322244537066155, 39.996771480444188 ], [ 116.322240957669081, 39.996763107362959 ], [ 116.3222363316182, 39.99675504335282 ], [ 116.322230703189419, 39.996747365593833 ], [ 116.322224126252351, 39.996740147569156 ], [ 116.322216663754531, 39.996733458361909 ], [ 116.322208387119147, 39.996727361993891 ], [ 116.322199375561354, 39.996721916812916 ], [ 116.322189715330055, 39.99671717493429 ], [ 116.322179498882548, 39.996713181742074 ], [ 116.322168823999576, 39.996709975454706 ], [ 116.32215779284941, 39.996707586759271 ], [ 116.32214651101016, 39.99670603851775 ], [ 116.322135086459141, 39.996705345548158 ], [ 116.321113879184438, 39.996681954221444 ], [ 116.321138763714188, 39.99642955960298 ], [ 116.32119938074311, 39.996073381486603 ], [ 116.321268583566692, 39.995726566706651 ], [ 116.321268766611865, 39.995725615533061 ], [ 116.3212806665058, 39.995661415520395 ], [ 116.321280790563392, 39.995660727242111 ], [ 116.321325590139395, 39.995404927194208 ], [ 116.321325717455011, 39.995404176402118 ], [ 116.321369587873676, 39.995136707197773 ], [ 116.321133454692685, 39.995136707197773 ], [ 116.321093344192974, 39.995381247879962 ], [ 116.321048669783409, 39.995636328318888 ], [ 116.321036921657182, 39.995699708388997 ], [ 116.320967615909481, 39.99604703310473 ], [ 116.320967251086245, 39.996049006795133 ], [ 116.320906050489157, 39.996408606729517 ], [ 116.320905395024752, 39.996413487563778 ], [ 116.320870994434685, 39.996762387524583 ], [ 116.320870696720391, 39.996771484256818 ], [ 116.320871593598824, 39.996780557687515 ], [ 116.320873675921234, 39.996789515256836 ], [ 116.320876922445919, 39.996798265586904 ], [ 116.320881300054864, 39.996806719413868 ], [ 116.320886764091583, 39.996814790498497 ], [ 116.32089325881671, 39.996822396505991 ], [ 116.3209007179765, 39.996829459845877 ], [ 116.320909065478759, 39.996835908463531 ], [ 116.320918216169076, 39.996841676575187 ], [ 116.320928076699431, 39.996846705339074 ], [ 116.320938546480505, 39.996850943455669 ], [ 116.320949518707806, 39.996854347690991 ], [ 116.320960881451285, 39.996856883317648 ], [ 116.320972518797035, 39.996858524469154 ], [ 116.320984312029864, 39.996859254403752 ], [ 116.321999595633955, 39.996882511168586 ], [ 116.321774838144862, 39.998283467032415 ], [ 116.321774030134392, 39.998291304964418 ], [ 116.321708869949816, 39.99970348980311 ], [ 116.321657835555868, 40.000406169959149 ], [ 116.321622459215135, 40.000892169994415 ], [ 116.321847025322072, 40.000892169994415 ], [ 116.321847025322072, 40.001021806732957 ], [ 116.32184870313408, 40.001007045761206 ] ] ], [ [ [ 116.321379571927935, 39.995075836407565 ], [ 116.321379571927935, 39.994786094291484 ], [ 116.321379526678825, 39.994786060972288 ], [ 116.321379526678825, 39.995076112282369 ], [ 116.321379571927935, 39.995075836407565 ] ] ], [ [ [ 116.321366113998664, 39.994777384281193 ], [ 116.321365310657569, 39.994776990611797 ], [ 116.321231659922802, 39.994776990611797 ], [ 116.321230007248914, 39.994777880577111 ], [ 116.321366936123155, 39.994777880577111 ], [ 116.321366113998664, 39.994777384281193 ] ] ], [ [ [ 116.320441174839104, 40.00919985836348 ], [ 116.320441174839104, 40.009385575788421 ], [ 116.320441220105636, 40.009385567099372 ], [ 116.320441220105636, 40.009199849674438 ], [ 116.320441174839104, 40.00919985836348 ] ] ] ] } },
{ "type": "Feature", "properties": { "arc_id": "(9, 12)", "length": 1640.2055350538315 }, "geometry": { "type": "MultiPolygon", "coordinates": [ [ [ [ 116.320976540576822, 40.009102311225952 ], [ 116.321312050197491, 40.008893305100528 ], [ 116.321320602238458, 40.008887421426842 ], [ 116.321328364759822, 40.008880922642163 ], [ 116.321335263296476, 40.008873871088916 ], [ 116.321341231671553, 40.008866334412097 ], [ 116.32134621263117, 40.008858384910482 ], [ 116.321350158393741, 40.008850098843006 ], [ 116.321353031108316, 40.008841555697188 ], [ 116.321354803217531, 40.008832837426745 ], [ 116.321355457722177, 40.008824027665199 ], [ 116.321354988344055, 40.008815210923792 ], [ 116.321353399586314, 40.008806471780638 ], [ 116.321350706690154, 40.008797894069467 ], [ 116.321346935488663, 40.008789560075378 ], [ 116.321342122158924, 40.008781549745429 ], [ 116.32133631287509, 40.008773939921852 ], [ 116.321329563365211, 40.008766803604793 ], [ 116.321201362509839, 40.008644344530524 ], [ 116.321233149225989, 40.00818175242182 ], [ 116.321248186849331, 40.008012750197501 ], [ 116.321248214254979, 40.008012434032089 ], [ 116.321301013193477, 40.007386733970584 ], [ 116.321301092555416, 40.007385701854496 ], [ 116.321303791516229, 40.007346815870839 ], [ 116.321345171567359, 40.006754087129593 ], [ 116.321358651395499, 40.006579644317732 ], [ 116.321358701718665, 40.006578947516758 ], [ 116.321381782993896, 40.00623531755334 ], [ 116.321384462685003, 40.006199587525991 ], [ 116.321421363642088, 40.005705263467455 ], [ 116.321424267971125, 40.005665904237063 ], [ 116.321424281683335, 40.005665714885467 ], [ 116.32147843972399, 40.004903387192869 ], [ 116.321483280679885, 40.004848156506981 ], [ 116.321378349951615, 40.004848156506981 ], [ 116.321378349951615, 40.004489331582242 ], [ 116.321514731595414, 40.004489331582242 ], [ 116.32151480970127, 40.004488440468897 ], [ 116.32137839521927, 40.004488440468897 ], [ 116.32137839521927, 40.004129615521776 ], [ 116.32154626061876, 40.004129615521776 ], [ 116.321546388278833, 40.004128159042153 ], [ 116.321546411939593, 40.004127882766305 ], [ 116.321608610677984, 40.003384182693765 ], [ 116.32166580198475, 40.002689859944951 ], [ 116.321431030243332, 40.002689859944951 ], [ 116.321374785710461, 40.003372660625615 ], [ 116.321312599636627, 40.004116178964139 ], [ 116.321248283374288, 40.004849937583309 ], [ 116.321378259414161, 40.004849937583309 ], [ 116.321378259414161, 40.005208763635608 ], [ 116.321222084699897, 40.005208763635608 ], [ 116.32119032506202, 40.005655790315146 ], [ 116.321187434166561, 40.005694966027086 ], [ 116.321150536433706, 40.006189224364448 ], [ 116.321147837273173, 40.006225212352881 ], [ 116.321147798883757, 40.006225752393171 ], [ 116.321124721706923, 40.006569303889833 ], [ 116.321111248327711, 40.006743655548433 ], [ 116.321111210489036, 40.006744170039866 ], [ 116.321069809480804, 40.007337169990144 ], [ 116.321067143294613, 40.007375581794435 ], [ 116.321014399108449, 40.008000607749089 ], [ 116.320999312885633, 40.008170149667308 ], [ 116.320999202798703, 40.00817154591045 ], [ 116.320965001952317, 40.008669245869257 ], [ 116.320964994514071, 40.008678644741877 ], [ 116.320966260475231, 40.008687993065273 ], [ 116.320968786058515, 40.008697189099315 ], [ 116.320972543777899, 40.008706132761255 ], [ 116.320977492737626, 40.008714726714942 ], [ 116.320983579077293, 40.008722877430145 ], [ 116.320990736558088, 40.008730496200471 ], [ 116.321073792395751, 40.008809832535349 ], [ 116.320829054801123, 40.008962291699859 ], [ 116.320686159626291, 40.009051288638105 ], [ 116.320499829373787, 40.009167416958533 ], [ 116.320872005708594, 40.009167416958533 ], [ 116.320976540576822, 40.009102311225952 ] ] ], [ [ [ 116.321695431775638, 40.002330143774614 ], [ 116.321460661244785, 40.002330143774614 ], [ 116.321460587840818, 40.002331034888407 ], [ 116.321695358374669, 40.002331034888407 ], [ 116.321695431775638, 40.002330143774614 ] ] ], [ [ [ 116.321729353274577, 40.001970427582819 ], [ 116.32149388084369, 40.001970427582819 ], [ 116.321493764762863, 40.00197131869669 ], [ 116.321729237196777, 40.00197131869669 ], [ 116.321729353274577, 40.001970427582819 ] ] ], [ [ [ 116.321776210432247, 40.001610711369722 ], [ 116.321540739224943, 40.001610711369722 ], [ 116.321540623144116, 40.001611602483671 ], [ 116.321776094354448, 40.001611602483671 ], [ 116.321776210432247, 40.001610711369722 ] ] ], [ [ [ 116.321820974526744, 40.001250995135507 ], [ 116.321585783807492, 40.001250995135507 ], [ 116.321585682515618, 40.00125188624952 ], [ 116.321820873237897, 40.00125188624952 ], [ 116.321820974526744, 40.001250995135507 ] ] ], [ [ [ 116.32184870313408, 40.001007045761206 ], [ 116.321848965057612, 40.001004235529052 ], [ 116.321891764058606, 40.000416235478028 ], [ 116.321942863671055, 39.999712624306135 ], [ 116.321942972286649, 39.999710795002613 ], [ 116.321971531233473, 39.999091805110353 ], [ 116.321847342174792, 39.999091805110353 ], [ 116.321847342174792, 39.998732980918362 ], [ 116.321988086658919, 39.998732980918362 ], [ 116.322008169878231, 39.99829769491739 ], [ 116.322008026053368, 39.998289012448105 ], [ 116.322006796120093, 39.998280380952401 ], [ 116.322004491503506, 39.998271880606936 ], [ 116.322001133611167, 39.998263590370058 ], [ 116.321996753634409, 39.99825558724848 ], [ 116.321991392258468, 39.998247945581873 ], [ 116.321985099284603, 39.998240736352436 ], [ 116.32197793316746, 39.998234026525452 ], [ 116.321969960472131, 39.998227878427372 ], [ 116.321961255255786, 39.998222349166802 ], [ 116.32195189837978, 39.998217490104025 ], [ 116.321941976758609, 39.998213346374079 ], [ 116.321931582552523, 39.99820995646725 ], [ 116.321920812311447, 39.998207351871784 ], [ 116.32190976607825, 39.998205556781301 ], [ 116.321898546459309, 39.998204587870056 ], [ 116.321887257671619, 39.998204454138047 ], [ 116.320944158909967, 39.9982282541175 ], [ 116.320943427099039, 39.998228274343703 ], [ 116.320721601847097, 39.998234939052239 ], [ 116.319908793892694, 39.998246801233719 ], [ 116.319436010585349, 39.998244906912333 ], [ 116.319421807596285, 39.998244850736427 ], [ 116.319403096627767, 39.997865356224231 ], [ 116.319397496850527, 39.997658274953032 ], [ 116.319163161333861, 39.997658274953032 ], [ 116.319168882532225, 39.997869873165179 ], [ 116.319168941332137, 39.997871413762823 ], [ 116.319191940536001, 39.998337913779089 ], [ 116.319192896939555, 39.998346481601459 ], [ 116.319194911084068, 39.998354940267653 ], [ 116.319197964620372, 39.998363212716129 ], [ 116.319202029730008, 39.998371223581863 ], [ 116.319207069378621, 39.99837889988288 ], [ 116.319213037653469, 39.998386171685233 ], [ 116.31921988018162, 39.998392972740056 ], [ 116.319227534625298, 39.998399241087135 ], [ 116.319235931249793, 39.998404919619468 ], [ 116.319244993558797, 39.99840995660341 ], [ 116.319254638991367, 39.99841430615011 ], [ 116.319264779673873, 39.998417928633501 ], [ 116.319275323220893, 39.998420791051338 ], [ 116.3192861735766, 39.998422867325878 ], [ 116.319297231890033, 39.998424138541445 ], [ 116.319308397415583, 39.998424593116738 ], [ 116.319434793416505, 39.998425093102313 ], [ 116.31990899003452, 39.998426993093929 ], [ 116.31991182194578, 39.998426978107069 ], [ 116.3207272230173, 39.998415078100578 ], [ 116.32072957261866, 39.998415025661075 ], [ 116.320952207045579, 39.998408336647543 ], [ 116.32176958197536, 39.998387709887027 ], [ 116.321708869949816, 39.99970348980311 ], [ 116.321657835555868, 40.000406169959149 ], [ 116.321622459215135, 40.000892169994415 ], [ 116.321847025322072, 40.000892169994415 ], [ 116.321847025322072, 40.001021806732957 ], [ 116.32184870313408, 40.001007045761206 ] ] ], [ [ [ 116.319414622285436, 39.997298558497818 ], [ 116.319178705988023, 39.997298558497818 ], [ 116.319178569968116, 39.997299443075086 ], [ 116.319414486268542, 39.997299443075086 ], [ 116.319414622285436, 39.997298558497818 ] ] ], [ [ [ 116.319462677293956, 39.996938842023468 ], [ 116.319234857299833, 39.996938842023468 ], [ 116.319234545199819, 39.99693972660085 ], [ 116.319462941617516, 39.99693972660085 ], [ 116.319462677293956, 39.996938842023468 ] ] ], [ [ [ 116.320441174839104, 40.00919985836348 ], [ 116.320441174839104, 40.009385575788421 ], [ 116.320441220105636, 40.009385567099372 ], [ 116.320441220105636, 40.009199849674438 ], [ 116.320441174839104, 40.00919985836348 ] ] ] ] } },
{ "type": "Feature", "properties": { "arc_id": "(9, 13)", "length": 1442.6164035542674 }, "geometry": { "type": "MultiPolygon", "coordinates": [ [ [ [ 116.320976540576822, 40.009102311225952 ], [ 116.321312050197491, 40.008893305100528 ], [ 116.321320602238458, 40.008887421426842 ], [ 116.321328364759822, 40.008880922642163 ], [ 116.321335263296476, 40.008873871088916 ], [ 116.321341231671553, 40.008866334412097 ], [ 116.32134621263117, 40.008858384910482 ], [ 116.321350158393741, 40.008850098843006 ], [ 116.321353031108316, 40.008841555697188 ], [ 116.321354803217531, 40.008832837426745 ], [ 116.321355457722177, 40.008824027665199 ], [ 116.321354988344055, 40.008815210923792 ], [ 116.321353399586314, 40.008806471780638 ], [ 116.321350706690154, 40.008797894069467 ], [ 116.321346935488663, 40.008789560075378 ], [ 116.321342122158924, 40.008781549745429 ], [ 116.32133631287509, 40.008773939921852 ], [ 116.321329563365211, 40.008766803604793 ], [ 116.321201362509839, 40.008644344530524 ], [ 116.321233149225989, 40.00818175242182 ], [ 116.321248186849331, 40.008012750197501 ], [ 116.321248214254979, 40.008012434032089 ], [ 116.321301013193477, 40.007386733970584 ], [ 116.321301092555416, 40.007385701854496 ], [ 116.321303791516229, 40.007346815870839 ], [ 116.321345171567359, 40.006754087129593 ], [ 116.321358651395499, 40.006579644317732 ], [ 116.321358701718665, 40.006578947516758 ], [ 116.321381782993896, 40.00623531755334 ], [ 116.321384462685003, 40.006199587525991 ], [ 116.321421363642088, 40.005705263467455 ], [ 116.321424267971125, 40.005665904237063 ], [ 116.321424281683335, 40.005665714885467 ], [ 116.32147843972399, 40.004903387192869 ], [ 116.321483280679885, 40.004848156506981 ], [ 116.321378349951615, 40.004848156506981 ], [ 116.321378349951615, 40.004489331582242 ], [ 116.321514731595414, 40.004489331582242 ], [ 116.32151480970127, 40.004488440468897 ], [ 116.32137839521927, 40.004488440468897 ], [ 116.32137839521927, 40.004129615521776 ], [ 116.32154626061876, 40.004129615521776 ], [ 116.321546388278833, 40.004128159042153 ], [ 116.321546411939593, 40.004127882766305 ], [ 116.321608610677984, 40.003384182693765 ], [ 116.32166580198475, 40.002689859944951 ], [ 116.321431030243332, 40.002689859944951 ], [ 116.321374785710461, 40.003372660625615 ], [ 116.321312599636627, 40.004116178964139 ], [ 116.321248283374288, 40.004849937583309 ], [ 116.321378259414161, 40.004849937583309 ], [ 116.321378259414161, 40.005208763635608 ], [ 116.321222084699897, 40.005208763635608 ], [ 116.32119032506202, 40.005655790315146 ], [ 116.321187434166561, 40.005694966027086 ], [ 116.321150536433706, 40.006189224364448 ], [ 116.321147837273173, 40.006225212352881 ], [ 116.321147798883757, 40.006225752393171 ], [ 116.321124721706923, 40.006569303889833 ], [ 116.321111248327711, 40.006743655548433 ], [ 116.321111210489036, 40.006744170039866 ], [ 116.321069809480804, 40.007337169990144 ], [ 116.321067143294613, 40.007375581794435 ], [ 116.321014399108449, 40.008000607749089 ], [ 116.320999312885633, 40.008170149667308 ], [ 116.320999202798703, 40.00817154591045 ], [ 116.320965001952317, 40.008669245869257 ], [ 116.320964994514071, 40.008678644741877 ], [ 116.320966260475231, 40.008687993065273 ], [ 116.320968786058515, 40.008697189099315 ], [ 116.320972543777899, 40.008706132761255 ], [ 116.320977492737626, 40.008714726714942 ], [ 116.320983579077293, 40.008722877430145 ], [ 116.320990736558088, 40.008730496200471 ], [ 116.321073792395751, 40.008809832535349 ], [ 116.320829054801123, 40.008962291699859 ], [ 116.320686159626291, 40.009051288638105 ], [ 116.320499829373787, 40.009167416958533 ], [ 116.320872005708594, 40.009167416958533 ], [ 116.320976540576822, 40.009102311225952 ] ] ], [ [ [ 116.321695431775638, 40.002330143774614 ], [ 116.321460661244785, 40.002330143774614 ], [ 116.321460587840818, 40.002331034888407 ], [ 116.321695358374669, 40.002331034888407 ], [ 116.321695431775638, 40.002330143774614 ] ] ], [ [ [ 116.321729353274577, 40.001970427582819 ], [ 116.32149388084369, 40.001970427582819 ], [ 116.321493764762863, 40.00197131869669 ], [ 116.321729237196777, 40.00197131869669 ], [ 116.321729353274577, 40.001970427582819 ] ] ], [ [ [ 116.321776210432247, 40.001610711369722 ], [ 116.321540739224943, 40.001610711369722 ], [ 116.321540623144116, 40.001611602483671 ], [ 116.321776094354448, 40.001611602483671 ], [ 116.321776210432247, 40.001610711369722 ] ] ], [ [ [ 116.321820974526744, 40.001250995135507 ], [ 116.321585783807492, 40.001250995135507 ], [ 116.321585682515618, 40.00125188624952 ], [ 116.321820873237897, 40.00125188624952 ], [ 116.321820974526744, 40.001250995135507 ] ] ], [ [ [ 116.32184870313408, 40.001007045761206 ], [ 116.321848965057612, 40.001004235529052 ], [ 116.321891764058606, 40.000416235478028 ], [ 116.321936428710998, 39.999801230746264 ], [ 116.324028036101836, 39.999866719810825 ], [ 116.324039650358174, 39.999866640164846 ], [ 116.324051197274187, 39.999865676391892 ], [ 116.324062563341471, 39.999863837966025 ], [ 116.324073636829368, 39.999861142959332 ], [ 116.324084308883414, 39.99985761786423 ], [ 116.324094474595313, 39.999853297333082 ], [ 116.324104034034363, 39.999848223837532 ], [ 116.324112893229568, 39.999842447250991 ], [ 116.32412096509357, 39.999836024358338 ], [ 116.324128170278726, 39.99982901829781 ], [ 116.324134437957056, 39.999821497940239 ], [ 116.324139706516476, 39.999813537212063 ], [ 116.324143924166464, 39.999805214368614 ], [ 116.32414704944722, 39.999796611224852 ], [ 116.324149051637107, 39.999787812351137 ], [ 116.324149911054704, 39.999778904241808 ], [ 116.324171888590385, 39.999088227244449 ], [ 116.323937528589241, 39.999088227244449 ], [ 116.323918602108193, 39.999682956464547 ], [ 116.321830666774815, 39.999617580301262 ], [ 116.321819281370836, 39.999617649595322 ], [ 116.32180795848943, 39.999618568603999 ], [ 116.321796805091736, 39.999620328645889 ], [ 116.321785926537814, 39.999622913094889 ], [ 116.321775425591483, 39.99962629753707 ], [ 116.321765401449539, 39.999630450001455 ], [ 116.321755948804736, 39.999635331261956 ], [ 116.32174715695119, 39.999640895207925 ], [ 116.321739108941046, 39.999647089279769 ], [ 116.321731880799703, 39.999653854965374 ], [ 116.321725540807847, 39.999661128352926 ], [ 116.321720148856286, 39.999668840734593 ], [ 116.321715755880305, 39.999676919255542 ], [ 116.321712403378399, 39.999685287602226 ], [ 116.321710123020281, 39.999693866723206 ], [ 116.321708936347719, 39.999702575575981 ], [ 116.321657835555868, 40.000406169959149 ], [ 116.321622459215135, 40.000892169994415 ], [ 116.321847025322072, 40.000892169994415 ], [ 116.321847025322072, 40.001021806732957 ], [ 116.32184870313408, 40.001007045761206 ] ] ], [ [ [ 116.323720352820445, 39.998839950584241 ], [ 116.323720352820445, 39.999020290475613 ], [ 116.323720398105479, 39.999020291902056 ], [ 116.323720398105479, 39.998839952010663 ], [ 116.323720352820445, 39.998839950584241 ] ] ], [ [ [ 116.320441174839104, 40.00919985836348 ], [ 116.320441174839104, 40.009385575788421 ], [ 116.320441220105636, 40.009385567099372 ], [ 116.320441220105636, 40.009199849674438 ], [ 116.320441174839104, 40.00919985836348 ] ] ] ] } },
{ "type": "Feature", "properties": { "arc_id": "(9, 14)", "length": 848.67393555845717 }, "geometry": { "type": "MultiPolygon", "coordinates": [ [ [ [ 116.320976540576822, 40.009102311225952 ], [ 116.321312050197491, 40.008893305100528 ], [ 116.321320602238458, 40.008887421426842 ], [ 116.321328364759822, 40.008880922642163 ], [ 116.321335263296476, 40.008873871088916 ], [ 116.321341231671553, 40.008866334412097 ], [ 116.32134621263117, 40.008858384910482 ], [ 116.321350158393741, 40.008850098843006 ], [ 116.321353031108316, 40.008841555697188 ], [ 116.321354803217531, 40.008832837426745 ], [ 116.321355457722177, 40.008824027665199 ], [ 116.321354988344055, 40.008815210923792 ], [ 116.321353399586314, 40.008806471780638 ], [ 116.321350706690154, 40.008797894069467 ], [ 116.321346935488663, 40.008789560075378 ], [ 116.321342122158924, 40.008781549745429 ], [ 116.32133631287509, 40.008773939921852 ], [ 116.321329563365211, 40.008766803604793 ], [ 116.321201362509839, 40.008644344530524 ], [ 116.321233149225989, 40.00818175242182 ], [ 116.321248186849331, 40.008012750197501 ], [ 116.321248214254979, 40.008012434032089 ], [ 116.321301013193477, 40.007386733970584 ], [ 116.321301092555416, 40.007385701854496 ], [ 116.321303791516229, 40.007346815870839 ], [ 116.321345171567359, 40.006754087129593 ], [ 116.321358651395499, 40.006579644317732 ], [ 116.321358701718665, 40.006578947516758 ], [ 116.321381782993896, 40.00623531755334 ], [ 116.321384462685003, 40.006199587525991 ], [ 116.321421363642088, 40.005705263467455 ], [ 116.321424267971125, 40.005665904237063 ], [ 116.321424281683335, 40.005665714885467 ], [ 116.32147843972399, 40.004903387192869 ], [ 116.321483280679885, 40.004848156506981 ], [ 116.321378349951615, 40.004848156506981 ], [ 116.321378349951615, 40.004489331582242 ], [ 116.321514731595414, 40.004489331582242 ], [ 116.32151480970127, 40.004488440468897 ], [ 116.32137839521927, 40.004488440468897 ], [ 116.32137839521927, 40.004129615521776 ], [ 116.32154626061876, 40.004129615521776 ], [ 116.321546388278833, 40.004128159042153 ], [ 116.321546411939593, 40.004127882766305 ], [ 116.321608610677984, 40.003384182693765 ], [ 116.321665801983229, 40.002689859944951 ], [ 116.321431030243332, 40.002689859944951 ], [ 116.321374785710461, 40.003372660625615 ], [ 116.321312599636627, 40.004116178964139 ], [ 116.321248283374288, 40.004849937583309 ], [ 116.321378259414161, 40.004849937583309 ], [ 116.321378259414161, 40.005208763635608 ], [ 116.321222084699897, 40.005208763635608 ], [ 116.32119032506202, 40.005655790315146 ], [ 116.321187434166561, 40.005694966027086 ], [ 116.321150536433706, 40.006189224364448 ], [ 116.321147837273173, 40.006225212352881 ], [ 116.321147798883757, 40.006225752393171 ], [ 116.321124721706923, 40.006569303889833 ], [ 116.321111248327711, 40.006743655548433 ], [ 116.321111210489036, 40.006744170039866 ], [ 116.321069809480804, 40.007337169990144 ], [ 116.321067143294613, 40.007375581794435 ], [ 116.321014399108449, 40.008000607749089 ], [ 116.320999312885633, 40.008170149667308 ], [ 116.320999202798703, 40.00817154591045 ], [ 116.320965001952317, 40.008669245869257 ], [ 116.320964994514071, 40.008678644741877 ], [ 116.320966260475231, 40.008687993065273 ], [ 116.320968786058515, 40.008697189099315 ], [ 116.320972543777899, 40.008706132761255 ], [ 116.320977492737626, 40.008714726714942 ], [ 116.320983579077293, 40.008722877430145 ], [ 116.320990736558088, 40.008730496200471 ], [ 116.321073792395751, 40.008809832535349 ], [ 116.320829054801123, 40.008962291699859 ], [ 116.320686159626291, 40.009051288638105 ], [ 116.320499829373787, 40.009167416958533 ], [ 116.320872005708594, 40.009167416958533 ], [ 116.320976540576822, 40.009102311225952 ] ] ], [ [ [ 116.321695431773307, 40.002330143774614 ], [ 116.321460661244785, 40.002330143774614 ], [ 116.321460587840818, 40.002331034888407 ], [ 116.321695358372338, 40.002331034888407 ], [ 116.321695431773307, 40.002330143774614 ] ] ], [ [ [ 116.321648312892265, 40.001970427582819 ], [ 116.321553267357032, 40.001970427582819 ], [ 116.321552318101851, 40.001970717915889 ], [ 116.321550805390956, 40.00197131869669 ], [ 116.321651001839172, 40.00197131869669 ], [ 116.321648312892265, 40.001970427582819 ] ] ], [ [ [ 116.320441174839104, 40.00919985836348 ], [ 116.320441174839104, 40.009385575788421 ], [ 116.320441220105636, 40.009385567099372 ], [ 116.320441220105636, 40.009199849674438 ], [ 116.320441174839104, 40.00919985836348 ] ] ] ] } },
{ "type": "Feature", "properties": { "arc_id": "(9, 15)", "length": 978.0555188864148 }, "geometry": { "type": "MultiPolygon", "coordinates": [ [ [ [ 116.320976540576822, 40.009102311225952 ], [ 116.321312050197491, 40.008893305100528 ], [ 116.321320602238458, 40.008887421426842 ], [ 116.321328364759822, 40.008880922642163 ], [ 116.321335263296476, 40.008873871088916 ], [ 116.321341231671553, 40.008866334412097 ], [ 116.32134621263117, 40.008858384910482 ], [ 116.321350158393741, 40.008850098843006 ], [ 116.321353031108316, 40.008841555697188 ], [ 116.321354803217531, 40.008832837426745 ], [ 116.321355457722177, 40.008824027665199 ], [ 116.321354988344055, 40.008815210923792 ], [ 116.321353399586314, 40.008806471780638 ], [ 116.321350706690154, 40.008797894069467 ], [ 116.321346935488663, 40.008789560075378 ], [ 116.321342122158924, 40.008781549745429 ], [ 116.32133631287509, 40.008773939921852 ], [ 116.321329563365211, 40.008766803604793 ], [ 116.321201362509839, 40.008644344530524 ], [ 116.321233149225989, 40.00818175242182 ], [ 116.321248186849331, 40.008012750197501 ], [ 116.321248214254979, 40.008012434032089 ], [ 116.321301013193477, 40.007386733970584 ], [ 116.321301092555416, 40.007385701854496 ], [ 116.321303791516229, 40.007346815870839 ], [ 116.321345171567359, 40.006754087129593 ], [ 116.321358651395499, 40.006579644317732 ], [ 116.321358701718665, 40.006578947516758 ], [ 116.321381782993896, 40.00623531755334 ], [ 116.321384462685003, 40.006199587525991 ], [ 116.321421363642088, 40.005705263467455 ], [ 116.321424267971125, 40.005665904237063 ], [ 116.321424281683335, 40.005665714885467 ], [ 116.32147843972399, 40.004903387192869 ], [ 116.321483280679885, 40.004848156506981 ], [ 116.321378349951615, 40.004848156506981 ], [ 116.321378349951615, 40.004489331582242 ], [ 116.321514731595414, 40.004489331582242 ], [ 116.32151480970127, 40.004488440468897 ], [ 116.32137839521927, 40.004488440468897 ], [ 116.32137839521927, 40.004129615521776 ], [ 116.32154626061876, 40.004129615521776 ], [ 116.321546388278833, 40.004128159042153 ], [ 116.321546411939593, 40.004127882766305 ], [ 116.321608610677984, 40.003384182693765 ], [ 116.321665802064217, 40.002689859944951 ], [ 116.321431030243332, 40.002689859944951 ], [ 116.321374785710461, 40.003372660625615 ], [ 116.321312599636627, 40.004116178964139 ], [ 116.321248283374288, 40.004849937583309 ], [ 116.321378259414161, 40.004849937583309 ], [ 116.321378259414161, 40.005208763635608 ], [ 116.321222084699897, 40.005208763635608 ], [ 116.32119032506202, 40.005655790315146 ], [ 116.321187434166561, 40.005694966027086 ], [ 116.321150536433706, 40.006189224364448 ], [ 116.321147837273173, 40.006225212352881 ], [ 116.321147798883757, 40.006225752393171 ], [ 116.321124721706923, 40.006569303889833 ], [ 116.321111248327711, 40.006743655548433 ], [ 116.321111210489036, 40.006744170039866 ], [ 116.321069809480804, 40.007337169990144 ], [ 116.321067143294613, 40.007375581794435 ], [ 116.321014399108449, 40.008000607749089 ], [ 116.320999312885633, 40.008170149667308 ], [ 116.320999202798703, 40.00817154591045 ], [ 116.320965001952317, 40.008669245869257 ], [ 116.320964994514071, 40.008678644741877 ], [ 116.320966260475231, 40.008687993065273 ], [ 116.320968786058515, 40.008697189099315 ], [ 116.320972543777899, 40.008706132761255 ], [ 116.320977492737626, 40.008714726714942 ], [ 116.320983579077293, 40.008722877430145 ], [ 116.320990736558088, 40.008730496200471 ], [ 116.321073792395751, 40.008809832535349 ], [ 116.320829054801123, 40.008962291699859 ], [ 116.320686159626291, 40.009051288638105 ], [ 116.320499829373787, 40.009167416958533 ], [ 116.320872005708594, 40.009167416958533 ], [ 116.320976540576822, 40.009102311225952 ] ] ], [ [ [ 116.321695431896259, 40.002330143774614 ], [ 116.321460661244785, 40.002330143774614 ], [ 116.321460587840818, 40.002331034888407 ], [ 116.321695358495191, 40.002331034888407 ], [ 116.321695431896259, 40.002330143774614 ] ] ], [ [ [ 116.322783465679763, 40.002165672281549 ], [ 116.322783465679763, 40.001985426737797 ], [ 116.321961014540321, 40.001969535397883 ], [ 116.321846980054531, 40.001969535397883 ], [ 116.321846980054531, 40.001967332032009 ], [ 116.321846934786294, 40.001967331157338 ], [ 116.321846934786294, 40.001970427582819 ], [ 116.321553466970329, 40.001970427582819 ], [ 116.321550771055698, 40.00197131869669 ], [ 116.321846889517346, 40.00197131869669 ], [ 116.321846889517346, 40.002147576260576 ], [ 116.322783465679763, 40.002165672281549 ] ] ], [ [ [ 116.320441174839104, 40.00919985836348 ], [ 116.320441174839104, 40.009385575788421 ], [ 116.320441220105636, 40.009385567099372 ], [ 116.320441220105636, 40.009199849674438 ], [ 116.320441174839104, 40.00919985836348 ] ] ] ] } },
{ "type": "Feature", "properties": { "arc_id": "(10, 11)", "length": 1473.7364570666703 }, "geometry": { "type": "MultiPolygon", "coordinates": [ [ [ [ 116.317042962606834, 40.003066471861715 ], [ 116.317747699499918, 40.003095663832099 ], [ 116.317759060966694, 40.00309571011077 ], [ 116.317770374832165, 40.00309490979452 ], [ 116.317781534682894, 40.003093270410794 ], [ 116.317792435554054, 40.003090807378932 ], [ 116.317802974916731, 40.003087543865171 ], [ 116.317813053642155, 40.003083510564736 ], [ 116.317822576934233, 40.003078745413134 ], [ 116.317831455221096, 40.00307329322932 ], [ 116.317839604997545, 40.003067205294194 ], [ 116.31784694961047, 40.003060538868255 ], [ 116.317853419979926, 40.003053356652984 ], [ 116.31785895524871, 40.003045726201165 ], [ 116.317863503354829, 40.003037719281465 ], [ 116.317867021521195, 40.003029411203407 ], [ 116.317869476657833, 40.003020880109062 ], [ 116.317870845673269, 40.00301220623809 ], [ 116.317887705414719, 40.002833130598049 ], [ 116.317904075168158, 40.002679428905395 ], [ 116.3180284827951, 40.002006685253399 ], [ 116.318029329435731, 40.0020006586197 ], [ 116.318144010751837, 40.000810558583801 ], [ 116.318243679728397, 40.000787027161707 ], [ 116.318254929665173, 40.000783878989424 ], [ 116.318265703081892, 40.000779864252479 ], [ 116.318275887469625, 40.000775024877598 ], [ 116.31828537647084, 40.000769411403368 ], [ 116.318294070990177, 40.000763082452409 ], [ 116.318301880229242, 40.000756104119226 ], [ 116.318308722634896, 40.000748549279947 ], [ 116.318314526750868, 40.000740496831206 ], [ 116.318319231964097, 40.000732030866246 ], [ 116.31832278913754, 40.000723239796748 ], [ 116.318325161123454, 40.000714215429397 ], [ 116.318326323151211, 40.000705052007334 ], [ 116.318355418184396, 40.000220021008779 ], [ 116.318375013367415, 39.99990389001745 ], [ 116.31837506367043, 39.999896217865455 ], [ 116.318374265041015, 39.999888570240728 ], [ 116.318372623271003, 39.999881002602969 ], [ 116.318324364858171, 39.999705076126233 ], [ 116.318329375698269, 39.999703465179323 ], [ 116.318339765371945, 39.999699132286636 ], [ 116.318349534486487, 39.999694016311373 ], [ 116.31835858360337, 39.999688169328415 ], [ 116.318366820612951, 39.999681650853496 ], [ 116.318374161672025, 39.999674527237303 ], [ 116.318380532057148, 39.999666870990239 ], [ 116.318385866925382, 39.999658760044213 ], [ 116.318390111974182, 39.999650276959414 ], [ 116.318393223994207, 39.999641508083997 ], [ 116.318395171309106, 39.999632542675073 ], [ 116.318395934097879, 39.999623471990219 ], [ 116.318404733279266, 39.999144171974585 ], [ 116.318404640422642, 39.999139094869385 ], [ 116.318367261345443, 39.998459047331572 ], [ 116.319311475586403, 39.998424605294716 ], [ 116.319434793416505, 39.998425093102313 ], [ 116.31990899003452, 39.998426993093929 ], [ 116.319920801583294, 39.998426581472557 ], [ 116.319932499015877, 39.998425256223008 ], [ 116.319943963164647, 39.998423030846226 ], [ 116.319955077238518, 39.998419928013277 ], [ 116.31996572801286, 39.998415979334268 ], [ 116.319975806982995, 39.998411225036392 ], [ 116.319985211469543, 39.998405713554014 ], [ 116.319993845664442, 39.998399501035408 ], [ 116.320001621607091, 39.998392650770526 ], [ 116.320008460080416, 39.998385232546426 ], [ 116.320014291417834, 39.998377321936175 ], [ 116.320019056213042, 39.998368999529006 ], [ 116.320022705925126, 39.998360350109301 ], [ 116.320025203373206, 39.998351461792858 ], [ 116.320026523114976, 39.998342425129159 ], [ 116.320026651706101, 39.998333332178973 ], [ 116.320011986527746, 39.998048745812625 ], [ 116.320895681670208, 39.998006420104936 ], [ 116.320907340665798, 39.998005408858262 ], [ 116.320918809652127, 39.998003505696509 ], [ 116.320929973574422, 39.998000729711869 ], [ 116.320940720438372, 39.9979971087525 ], [ 116.320950942433441, 39.997992679143174 ], [ 116.320960537014642, 39.997987485320884 ], [ 116.320969407931102, 39.997981579389105 ], [ 116.320977466191678, 39.997975020594993 ], [ 116.320984630957682, 39.997967874735075 ], [ 116.320990830353935, 39.997960213495205 ], [ 116.320996002189631, 39.997952113731401 ], [ 116.321000094582388, 39.997943656698844 ], [ 116.321003066478511, 39.99793492723672 ], [ 116.321004888065076, 39.997926012917148 ], [ 116.3210055410687, 39.99791700316667 ], [ 116.321005018939076, 39.997907988369093 ], [ 116.320951727824919, 39.997476097702318 ], [ 116.320932627086947, 39.99709645881574 ], [ 116.320944444817457, 39.996855875610365 ], [ 116.320973518523132, 39.996858622274793 ], [ 116.320985324082329, 39.996859274224811 ], [ 116.320997154918601, 39.996859006595898 ], [ 116.321008890249118, 39.996857822120326 ], [ 116.321020410266158, 39.996855732890559 ], [ 116.321031597360118, 39.996852760235868 ], [ 116.321042337320378, 39.99684893450452 ], [ 116.321052520501183, 39.996844294753949 ], [ 116.321062042941065, 39.996838888352066 ], [ 116.321070807424263, 39.996832770493576 ], [ 116.321078724473111, 39.996826003636556 ], [ 116.321085713261652, 39.996818656864797 ], [ 116.321091702440697, 39.996810805182442 ], [ 116.321096630866279, 39.996802528748375 ], [ 116.321100448223888, 39.996793912057761 ], [ 116.321103115542016, 39.996785043079434 ], [ 116.321104605590179, 39.996776012357898 ], [ 116.321138763714188, 39.99642955960298 ], [ 116.32119938074311, 39.996073381486603 ], [ 116.321268583566692, 39.995726566706651 ], [ 116.321268766611865, 39.995725615533061 ], [ 116.3212806665058, 39.995661415520395 ], [ 116.321280790563392, 39.995660727242111 ], [ 116.321325590139395, 39.995404927194208 ], [ 116.321325717455011, 39.995404176402118 ], [ 116.321369587873676, 39.995136707197773 ], [ 116.321133454692685, 39.995136707197773 ], [ 116.321093344192974, 39.995381247879962 ], [ 116.321048669783409, 39.995636328318888 ], [ 116.321036921657182, 39.995699708388997 ], [ 116.320967615909481, 39.99604703310473 ], [ 116.320967251086245, 39.996049006795133 ], [ 116.320906050489157, 39.996408606729517 ], [ 116.320905395024752, 39.996413487563778 ], [ 116.320880274180666, 39.996668270243482 ], [ 116.320846481637346, 39.996665077742392 ], [ 116.320835111193929, 39.996664433475246 ], [ 116.320823713172757, 39.996664642411098 ], [ 116.320812395547364, 39.996665702570652 ], [ 116.320801265529724, 39.996667603911035 ], [ 116.32079042855456, 39.996670328420805 ], [ 116.320779987280659, 39.996673850290669 ], [ 116.320770040618385, 39.996678136157932 ], [ 116.320760682792667, 39.996683145422487 ], [ 116.320752002450433, 39.996688830631548 ], [ 116.320744081820891, 39.996695137929009 ], [ 116.3207369959365, 39.996702007565744 ], [ 116.32073081192226, 39.996709374465539 ], [ 116.32072558835975, 39.996717168841577 ], [ 116.32072137473223, 39.996725316857557 ], [ 116.320718210955945, 39.99673374132707 ], [ 116.320716127001788, 39.996742362444813 ], [ 116.320715142611533, 39.996751098542667 ], [ 116.320698342028891, 39.997093098521034 ], [ 116.320698346100386, 39.997099983490628 ], [ 116.320717745442423, 39.997485583504485 ], [ 116.320718181767461, 39.997490611466127 ], [ 116.320760349574655, 39.99783236467168 ], [ 116.319883119653042, 39.997874379842337 ], [ 116.319871858110162, 39.997875341446047 ], [ 116.319860770042467, 39.997877135335031 ], [ 116.319849959188346, 39.997879744725921 ], [ 116.319839526692562, 39.997883145205627 ], [ 116.319829570160124, 39.99788730495974 ], [ 116.319820182743015, 39.997892185070214 ], [ 116.319811452268652, 39.99789773987942 ], [ 116.319803460418342, 39.997903917417318 ], [ 116.319796281962937, 39.997910659887722 ], [ 116.319789984063362, 39.997917904208997 ], [ 116.319784625642185, 39.997925582604218 ], [ 116.319780256832416, 39.997933623235298 ], [ 116.319776918508495, 39.997941950875102 ], [ 116.319774641903678, 39.997950487611277 ], [ 116.319773448318102, 39.99795915357511 ], [ 116.319773348919142, 39.997967867688857 ], [ 116.319787696820484, 39.998246316212565 ], [ 116.319436010585349, 39.998244906912333 ], [ 116.319309602581185, 39.998244406881831 ], [ 116.319303449672432, 39.998244506873952 ], [ 116.318239751067154, 39.99828330683529 ], [ 116.318228345840566, 39.998284154285258 ], [ 116.318217102825287, 39.998285854651336 ], [ 116.318206129590379, 39.998288391665071 ], [ 116.318195531123862, 39.998291741053208 ], [ 116.318185408828086, 39.998295870769986 ], [ 116.31817585954964, 39.998300741303758 ], [ 116.318166974652783, 39.998306306055007 ], [ 116.31815883914517, 39.998312511782139 ], [ 116.318151530864739, 39.998319299110968 ], [ 116.318145119734766, 39.998326603102662 ], [ 116.318139667095068, 39.99833435387518 ], [ 116.318135225114929, 39.998342477271784 ], [ 116.318131836294057, 39.998350895570582 ], [ 116.318129533055981, 39.998359528228107 ], [ 116.318128337437685, 39.998368292649964 ], [ 116.318128260878879, 39.998377104981088 ], [ 116.318170420096294, 39.999144167466127 ], [ 116.31816335848076, 39.999528749689453 ], [ 116.318153788946859, 39.999530115197963 ], [ 116.318142908771691, 39.999532522585589 ], [ 116.31813238157298, 39.999535726480602 ], [ 116.318122305676596, 39.999539696958095 ], [ 116.318112775193143, 39.999544396933096 ], [ 116.31810387913913, 39.999549782507053 ], [ 116.318095700605369, 39.999555803377795 ], [ 116.318088315981043, 39.999562403309255 ], [ 116.318081794240086, 39.999569520656948 ], [ 116.318076196297014, 39.999577088943525 ], [ 116.318071574437937, 39.999585037479825 ], [ 116.318067971832249, 39.999593292024997 ], [ 116.318065422129351, 39.999601775480031 ], [ 116.318063949144346, 39.999610408607808 ], [ 116.318063566635601, 39.999619110773196 ], [ 116.318064278176237, 39.99962780069626 ], [ 116.318066077120776, 39.999636397211304 ], [ 116.318140269962953, 39.9999068716496 ], [ 116.318121386110903, 40.000211509840447 ], [ 116.318121377690218, 40.000211647910575 ], [ 116.31809607785506, 40.000633387213739 ], [ 116.317998720558649, 40.00065637277757 ], [ 116.317987721339776, 40.000659439648715 ], [ 116.317977174747853, 40.000663335002749 ], [ 116.317967185979313, 40.000668019985675 ], [ 116.317957854666744, 40.000673447867406 ], [ 116.31794927388502, 40.000679564507791 ], [ 116.317941529222892, 40.000686308896675 ], [ 116.317934697929402, 40.0006936137625 ], [ 116.317928848143339, 40.000701406243152 ], [ 116.317924038213448, 40.000709608612873 ], [ 116.317920316116613, 40.000718139057412 ], [ 116.317917718979174, 40.000726912490123 ], [ 116.317916272706611, 40.000735841400648 ], [ 116.317795962031838, 40.001984316988334 ], [ 116.317671616133225, 40.002656714497931 ], [ 116.317670840041885, 40.002662045233222 ], [ 116.317654139777034, 40.002818845214385 ], [ 116.317654054654497, 40.002819693663668 ], [ 116.317645459913436, 40.002910979477754 ], [ 116.316939501554828, 40.002881736219116 ], [ 116.31692806261627, 40.002881692457109 ], [ 116.316916672658806, 40.002882506850881 ], [ 116.316905440276997, 40.002884171635827 ], [ 116.316894472563121, 40.002886670939475 ], [ 116.316883874086031, 40.002889980932878 ], [ 116.316873745894242, 40.002894070057714 ], [ 116.316864184552514, 40.002898899327292 ], [ 116.316855281221152, 40.002904422698165 ], [ 116.316847120786903, 40.002910587509106 ], [ 116.316839781053588, 40.002917334983273 ], [ 116.316833332000357, 40.00292460078856 ], [ 116.316827835114395, 40.002932315650867 ], [ 116.316823342804781, 40.00294040601473 ], [ 116.316819897902761, 40.002948794744476 ], [ 116.316817533253328, 40.002957401859724 ], [ 116.316816271402047, 40.002966145297897 ], [ 116.316681668557933, 40.004641845139773 ], [ 116.316681446624116, 40.004647034778067 ], [ 116.316680330355183, 40.004858756678587 ], [ 116.3166954630574, 40.004858756678587 ], [ 116.3166954630574, 40.005186742410544 ], [ 116.316695508271792, 40.005186800958725 ], [ 116.316695508271792, 40.004857882528903 ], [ 116.316914646287614, 40.004857882528903 ], [ 116.316915739694153, 40.004650362382883 ], [ 116.317042962606834, 40.003066471861715 ] ] ], [ [ [ 116.321379571927935, 39.995075836407565 ], [ 116.321379571927935, 39.994786094291484 ], [ 116.321379526678825, 39.994786060972288 ], [ 116.321379526678825, 39.995076112282369 ], [ 116.321379571927935, 39.995075836407565 ] ] ], [ [ [ 116.321366113998664, 39.994777384281193 ], [ 116.321365310657569, 39.994776990611797 ], [ 116.321231659922802, 39.994776990611797 ], [ 116.321230007248914, 39.994777880577111 ], [ 116.321366936123155, 39.994777880577111 ], [ 116.321366113998664, 39.994777384281193 ] ] ], [ [ [ 116.316735228777503, 40.005217598543084 ], [ 116.316856782605413, 40.005217598543084 ], [ 116.316858700874405, 40.00521672246218 ], [ 116.316733345451922, 40.00521672246218 ], [ 116.316735228777503, 40.005217598543084 ] ] ] ] } },
{ "type": "Feature", "properties": { "arc_id": "(10, 12)", "length": 1091.4903657515567 }, "geometry": { "type": "MultiPolygon", "coordinates": [ [ [ [ 116.317042962606834, 40.003066471861715 ], [ 116.317747699499918, 40.003095663832099 ], [ 116.317759060966694, 40.00309571011077 ], [ 116.317770374832165, 40.00309490979452 ], [ 116.317781534682894, 40.003093270410794 ], [ 116.317792435554054, 40.003090807378932 ], [ 116.317802974916731, 40.003087543865171 ], [ 116.317813053642155, 40.003083510564736 ], [ 116.317822576934233, 40.003078745413134 ], [ 116.317831455221096, 40.00307329322932 ], [ 116.317839604997545, 40.003067205294194 ], [ 116.31784694961047, 40.003060538868255 ], [ 116.317853419979926, 40.003053356652984 ], [ 116.31785895524871, 40.003045726201165 ], [ 116.317863503354829, 40.003037719281465 ], [ 116.317867021521195, 40.003029411203407 ], [ 116.317869476657833, 40.003020880109062 ], [ 116.317870845673269, 40.00301220623809 ], [ 116.317887705414719, 40.002833130598049 ], [ 116.317904075168158, 40.002679428905395 ], [ 116.3180284827951, 40.002006685253399 ], [ 116.318029329435731, 40.0020006586197 ], [ 116.318144010751837, 40.000810558583801 ], [ 116.318243679728397, 40.000787027161707 ], [ 116.318254929665173, 40.000783878989424 ], [ 116.318265703081892, 40.000779864252479 ], [ 116.318275887469625, 40.000775024877598 ], [ 116.31828537647084, 40.000769411403368 ], [ 116.318294070990177, 40.000763082452409 ], [ 116.318301880229242, 40.000756104119226 ], [ 116.318308722634896, 40.000748549279947 ], [ 116.318314526750868, 40.000740496831206 ], [ 116.318319231964097, 40.000732030866246 ], [ 116.31832278913754, 40.000723239796748 ], [ 116.318325161123454, 40.000714215429397 ], [ 116.318326323151211, 40.000705052007334 ], [ 116.318355418184396, 40.000220021008779 ], [ 116.318375013367415, 39.99990389001745 ], [ 116.31837506367043, 39.999896217865455 ], [ 116.318374265041015, 39.999888570240728 ], [ 116.318372623271003, 39.999881002602969 ], [ 116.318324364858171, 39.999705076126233 ], [ 116.318329375698269, 39.999703465179323 ], [ 116.318339765371945, 39.999699132286636 ], [ 116.318349534486487, 39.999694016311373 ], [ 116.31835858360337, 39.999688169328415 ], [ 116.318366820612951, 39.999681650853496 ], [ 116.318374161672025, 39.999674527237303 ], [ 116.318380532057148, 39.999666870990239 ], [ 116.318385866925382, 39.999658760044213 ], [ 116.318390111974182, 39.999650276959414 ], [ 116.318393223994207, 39.999641508083997 ], [ 116.318395171309106, 39.999632542675073 ], [ 116.318395934097879, 39.999623471990219 ], [ 116.318404733279266, 39.999144171974585 ], [ 116.318404640422642, 39.999139094869385 ], [ 116.318367261345443, 39.998459047331572 ], [ 116.319314550340493, 39.998424493124496 ], [ 116.319325924009931, 39.998423649115971 ], [ 116.31933713665471, 39.998421956894134 ], [ 116.319348081591343, 39.998419432559729 ], [ 116.319358654683541, 39.998416100130719 ], [ 116.319368755332917, 39.998411991313745 ], [ 116.319378287436294, 39.998407145202385 ], [ 116.319387160299968, 39.998401607905265 ], [ 116.319395289502708, 39.998395432107358 ], [ 116.319402597698883, 39.998388676568666 ], [ 116.319409015354566, 39.998381405565127 ], [ 116.31941448140887, 39.99837368827712 ], [ 116.319418943855084, 39.998365598131151 ], [ 116.319422360235365, 39.998357212101332 ], [ 116.31942469804487, 39.998348609976894 ], [ 116.319425935040741, 39.998339873603122 ], [ 116.319426059454017, 39.998331086102567 ], [ 116.319403096627767, 39.997865356224231 ], [ 116.319397496850527, 39.997658274953032 ], [ 116.319163161333861, 39.997658274953032 ], [ 116.319168882532225, 39.997869873165179 ], [ 116.319168941332137, 39.997871413762823 ], [ 116.319187543866406, 39.998248735183964 ], [ 116.318239751067154, 39.99828330683529 ], [ 116.318228345840566, 39.998284154285258 ], [ 116.318217102825287, 39.998285854651336 ], [ 116.318206129590379, 39.998288391665071 ], [ 116.318195531123862, 39.998291741053208 ], [ 116.318185408828086, 39.998295870769986 ], [ 116.31817585954964, 39.998300741303758 ], [ 116.318166974652783, 39.998306306055007 ], [ 116.31815883914517, 39.998312511782139 ], [ 116.318151530864739, 39.998319299110968 ], [ 116.318145119734766, 39.998326603102662 ], [ 116.318139667095068, 39.99833435387518 ], [ 116.318135225114929, 39.998342477271784 ], [ 116.318131836294057, 39.998350895570582 ], [ 116.318129533055981, 39.998359528228107 ], [ 116.318128337437685, 39.998368292649964 ], [ 116.318128260878879, 39.998377104981088 ], [ 116.318170420096294, 39.999144167466127 ], [ 116.31816335848076, 39.999528749689453 ], [ 116.318153788946859, 39.999530115197963 ], [ 116.318142908771691, 39.999532522585589 ], [ 116.31813238157298, 39.999535726480602 ], [ 116.318122305676596, 39.999539696958095 ], [ 116.318112775193143, 39.999544396933096 ], [ 116.31810387913913, 39.999549782507053 ], [ 116.318095700605369, 39.999555803377795 ], [ 116.318088315981043, 39.999562403309255 ], [ 116.318081794240086, 39.999569520656948 ], [ 116.318076196297014, 39.999577088943525 ], [ 116.318071574437937, 39.999585037479825 ], [ 116.318067971832249, 39.999593292024997 ], [ 116.318065422129351, 39.999601775480031 ], [ 116.318063949144346, 39.999610408607808 ], [ 116.318063566635601, 39.999619110773196 ], [ 116.318064278176237, 39.99962780069626 ], [ 116.318066077120776, 39.999636397211304 ], [ 116.318140269962953, 39.9999068716496 ], [ 116.318121386110903, 40.000211509840447 ], [ 116.318121377690218, 40.000211647910575 ], [ 116.31809607785506, 40.000633387213739 ], [ 116.317998720558649, 40.00065637277757 ], [ 116.317987721339776, 40.000659439648715 ], [ 116.317977174747853, 40.000663335002749 ], [ 116.317967185979313, 40.000668019985675 ], [ 116.317957854666744, 40.000673447867406 ], [ 116.31794927388502, 40.000679564507791 ], [ 116.317941529222892, 40.000686308896675 ], [ 116.317934697929402, 40.0006936137625 ], [ 116.317928848143339, 40.000701406243152 ], [ 116.317924038213448, 40.000709608612873 ], [ 116.317920316116613, 40.000718139057412 ], [ 116.317917718979174, 40.000726912490123 ], [ 116.317916272706611, 40.000735841400648 ], [ 116.317795962031838, 40.001984316988334 ], [ 116.317671616133225, 40.002656714497931 ], [ 116.317670840041885, 40.002662045233222 ], [ 116.317654139777034, 40.002818845214385 ], [ 116.317654054654497, 40.002819693663668 ], [ 116.317645459913436, 40.002910979477754 ], [ 116.316939501554828, 40.002881736219116 ], [ 116.31692806261627, 40.002881692457109 ], [ 116.316916672658806, 40.002882506850881 ], [ 116.316905440276997, 40.002884171635827 ], [ 116.316894472563121, 40.002886670939475 ], [ 116.316883874086031, 40.002889980932878 ], [ 116.316873745894242, 40.002894070057714 ], [ 116.316864184552514, 40.002898899327292 ], [ 116.316855281221152, 40.002904422698165 ], [ 116.316847120786903, 40.002910587509106 ], [ 116.316839781053588, 40.002917334983273 ], [ 116.316833332000357, 40.00292460078856 ], [ 116.316827835114395, 40.002932315650867 ], [ 116.316823342804781, 40.00294040601473 ], [ 116.316819897902761, 40.002948794744476 ], [ 116.316817533253328, 40.002957401859724 ], [ 116.316816271402047, 40.002966145297897 ], [ 116.316681668557933, 40.004641845139773 ], [ 116.316681446624116, 40.004647034778067 ], [ 116.316680330355183, 40.004858756678587 ], [ 116.3166954630574, 40.004858756678587 ], [ 116.3166954630574, 40.005186742410544 ], [ 116.316695508271792, 40.005186800958725 ], [ 116.316695508271792, 40.004857882528903 ], [ 116.316914646287614, 40.004857882528903 ], [ 116.316915739694153, 40.004650362382883 ], [ 116.317042962606834, 40.003066471861715 ] ] ], [ [ [ 116.319414622285436, 39.997298558497818 ], [ 116.319178705988023, 39.997298558497818 ], [ 116.319178569968116, 39.997299443075086 ], [ 116.319414486268542, 39.997299443075086 ], [ 116.319414622285436, 39.997298558497818 ] ] ], [ [ [ 116.319462677293956, 39.996938842023468 ], [ 116.319234857299833, 39.996938842023468 ], [ 116.319234545199819, 39.99693972660085 ], [ 116.319462941617516, 39.99693972660085 ], [ 116.319462677293956, 39.996938842023468 ] ] ], [ [ [ 116.316735228777503, 40.005217598543084 ], [ 116.316856782605413, 40.005217598543084 ], [ 116.316858700874405, 40.00521672246218 ], [ 116.316733345451922, 40.00521672246218 ], [ 116.316735228777503, 40.005217598543084 ] ] ] ] } },
{ "type": "Feature", "properties": { "arc_id": "(10, 13)", "length": 1244.4647395626912 }, "geometry": { "type": "MultiPolygon", "coordinates": [ [ [ [ 116.31778560796019, 40.00479569909146 ], [ 116.318193633653308, 40.004822761004448 ], [ 116.318205318945303, 40.004823085594822 ], [ 116.318216988110052, 40.004822512793211 ], [ 116.31822852490437, 40.004821048305629 ], [ 116.318239814403597, 40.004818706720648 ], [ 116.318250744146582, 40.004815511364164 ], [ 116.318261205256007, 40.004811494066928 ], [ 116.318271093522839, 40.004806694847531 ], [ 116.318280310444592, 40.004801161513704 ], [ 116.318288764206443, 40.004794949186135 ], [ 116.318296370595931, 40.0047881197493 ], [ 116.318303053841831, 40.004780741235052 ], [ 116.318308747368846, 40.004772887144895 ], [ 116.318313394460972, 40.004764635717763 ], [ 116.318316948826379, 40.004756069150652 ], [ 116.318319375058479, 40.004747272779838 ], [ 116.31832064898866, 40.004738334230765 ], [ 116.318365090128722, 40.004162106308101 ], [ 116.319722592523348, 40.002958738768932 ], [ 116.319729577972623, 40.002951906582055 ], [ 116.319735674882821, 40.002944588550271 ], [ 116.319740826515002, 40.002936852776791 ], [ 116.319744984927297, 40.002928771252385 ], [ 116.319748111421006, 40.002920419185472 ], [ 116.319750176900669, 40.002911874302114 ], [ 116.319751162144925, 40.002903216122775 ], [ 116.319756419551013, 40.002799694478881 ], [ 116.320031852904421, 40.002815736974839 ], [ 116.320032477911667, 40.002815772084674 ], [ 116.320185878111488, 40.002824072097098 ], [ 116.32019705924435, 40.002824265502561 ], [ 116.320208213407327, 40.002823638072201 ], [ 116.320219238943693, 40.002822195524296 ], [ 116.320230035369079, 40.002819951005904 ], [ 116.32024050428717, 40.002816924973096 ], [ 116.320250550286559, 40.002813145004453 ], [ 116.320260081810204, 40.002808645549848 ], [ 116.320269011989993, 40.002803467616303 ], [ 116.320277259438328, 40.002797658394378 ], [ 116.320284748989991, 40.002791270828034 ], [ 116.320291412387078, 40.002784363132108 ], [ 116.320297188901151, 40.002776998261808 ], [ 116.320302025886676, 40.002769243338868 ], [ 116.320924424436143, 40.001635542753817 ], [ 116.320927954895453, 40.001628247298427 ], [ 116.320930653311407, 40.001620744701881 ], [ 116.320989235778043, 40.001425372404583 ], [ 116.321378757334841, 40.001444047258751 ], [ 116.321378757334841, 40.001263508994988 ], [ 116.320904689465053, 40.001240780302965 ], [ 116.320892926687151, 40.001240671425506 ], [ 116.320881209015454, 40.001241470344524 ], [ 116.320869654603968, 40.001243169004162 ], [ 116.320858379960441, 40.001245750276176 ], [ 116.32084749877167, 40.001249188132533 ], [ 116.320837120757105, 40.00125344790797 ], [ 116.320827350562595, 40.001258486649427 ], [ 116.320818286705091, 40.001264253549223 ], [ 116.320810020579344, 40.001270690457375 ], [ 116.320802635536353, 40.001277732467848 ], [ 116.320796206042857, 40.001285308573166 ], [ 116.320790796930396, 40.001293342380272 ], [ 116.320786462741751, 40.001301752880927 ], [ 116.320783247180728, 40.001310455268474 ], [ 116.32070462761682, 40.001572648635673 ], [ 116.320118757976488, 40.002639806543229 ], [ 116.320049234630218, 40.002636044825309 ], [ 116.319652947586718, 40.002612963057153 ], [ 116.319641187385557, 40.002612733602767 ], [ 116.31962945655404, 40.002613412345028 ], [ 116.319617873381361, 40.002614992439788 ], [ 116.319606554667672, 40.00261745795396 ], [ 116.319595614546515, 40.002620784026256 ], [ 116.319585163333855, 40.002624937117858 ], [ 116.3195753064158, 40.002629875350607 ], [ 116.31956614318581, 40.002635548929234 ], [ 116.319557766042564, 40.002641900643575 ], [ 116.319550259458268, 40.002648866445327 ], [ 116.319543699126726, 40.002656376094002 ], [ 116.319538151200163, 40.002664353865072 ], [ 116.319533671622182, 40.002672719313686 ], [ 116.319530305563617, 40.002681388085726 ], [ 116.319528086966955, 40.002690272768433 ], [ 116.319527038204242, 40.002699283771875 ], [ 116.319518643808664, 40.002864563952265 ], [ 116.318162007267546, 40.004067160116811 ], [ 116.318155217738891, 40.004073780658715 ], [ 116.318149262755412, 40.004080860324969 ], [ 116.318144194475067, 40.00408833710712 ], [ 116.31814005728954, 40.004096145518574 ], [ 116.318136887435358, 40.004104217168013 ], [ 116.318134712676596, 40.004112481358504 ], [ 116.318133552061667, 40.004120865706696 ], [ 116.318093875993412, 40.004635287535855 ], [ 116.317805166848814, 40.004616139032592 ], [ 116.317804016718156, 40.004616067135693 ], [ 116.316807518014542, 40.004557567222378 ], [ 116.316796204629938, 40.004557324649241 ], [ 116.316784913600543, 40.004557922720558 ], [ 116.316773750301635, 40.004559355854731 ], [ 116.31676281891643, 40.004561610676788 ], [ 116.316752221463858, 40.00456466614326 ], [ 116.316742056846337, 40.004568493738518 ], [ 116.316732419926879, 40.004573057740906 ], [ 116.316723400643696, 40.004578315556145 ], [ 116.316715083170877, 40.004584218114815 ], [ 116.316707545132772, 40.004590710330277 ], [ 116.316700856879621, 40.00459773161289 ], [ 116.316695080830954, 40.004605216435287 ], [ 116.316690270893062, 40.004613094944084 ], [ 116.31668647195589, 40.004621293611706 ], [ 116.316683719474042, 40.004629735922606 ], [ 116.316682039135969, 40.004638343087393 ], [ 116.316681446624116, 40.004647034778067 ], [ 116.316680330355183, 40.004858756678587 ], [ 116.3166954630574, 40.004858756678587 ], [ 116.3166954630574, 40.005186742410544 ], [ 116.316695508271792, 40.005186800958725 ], [ 116.316695508271792, 40.004857882528903 ], [ 116.31691464629246, 40.004857882528903 ], [ 116.316915243147605, 40.00474460438204 ], [ 116.31778560796019, 40.00479569909146 ] ] ], [ [ [ 116.321820974526744, 40.001250995135507 ], [ 116.321585783847453, 40.001250995135507 ], [ 116.321585682555707, 40.00125188624952 ], [ 116.321820873237897, 40.00125188624952 ], [ 116.321820974526744, 40.001250995135507 ] ] ], [ [ [ 116.32184870313408, 40.001007045761206 ], [ 116.321848965057612, 40.001004235529052 ], [ 116.321891764058606, 40.000416235478028 ], [ 116.321936428710998, 39.999801230746264 ], [ 116.324028036101836, 39.999866719810825 ], [ 116.324039650358174, 39.999866640164846 ], [ 116.324051197274187, 39.999865676391892 ], [ 116.324062563341471, 39.999863837966025 ], [ 116.324073636829368, 39.999861142959332 ], [ 116.324084308883414, 39.99985761786423 ], [ 116.324094474595313, 39.999853297333082 ], [ 116.324104034034363, 39.999848223837532 ], [ 116.324112893229568, 39.999842447250991 ], [ 116.32412096509357, 39.999836024358338 ], [ 116.324128170278726, 39.99982901829781 ], [ 116.324134437957056, 39.999821497940239 ], [ 116.324139706516476, 39.999813537212063 ], [ 116.324143924166464, 39.999805214368614 ], [ 116.32414704944722, 39.999796611224852 ], [ 116.324149051637107, 39.999787812351137 ], [ 116.324149911054704, 39.999778904241808 ], [ 116.324171888590385, 39.999088227244449 ], [ 116.323937528589241, 39.999088227244449 ], [ 116.323918602108193, 39.999682956464547 ], [ 116.321830666774815, 39.999617580301262 ], [ 116.321819281370836, 39.999617649595322 ], [ 116.32180795848943, 39.999618568603999 ], [ 116.321796805091736, 39.999620328645889 ], [ 116.321785926537814, 39.999622913094889 ], [ 116.321775425591483, 39.99962629753707 ], [ 116.321765401449539, 39.999630450001455 ], [ 116.321755948804736, 39.999635331261956 ], [ 116.32174715695119, 39.999640895207925 ], [ 116.321739108941046, 39.999647089279769 ], [ 116.321731880799703, 39.999653854965374 ], [ 116.321725540807847, 39.999661128352926 ], [ 116.321720148856286, 39.999668840734593 ], [ 116.321715755880305, 39.999676919255542 ], [ 116.321712403378399, 39.999685287602226 ], [ 116.321710123020281, 39.999693866723206 ], [ 116.321708936347719, 39.999702575575981 ], [ 116.321657835555868, 40.000406169959149 ], [ 116.321622459215135, 40.000892169994415 ], [ 116.321847025322072, 40.000892169994415 ], [ 116.321847025322072, 40.001021806732957 ], [ 116.32184870313408, 40.001007045761206 ] ] ], [ [ [ 116.323720352820445, 39.998839950584241 ], [ 116.323720352820445, 39.999020290475613 ], [ 116.323720398105479, 39.999020291902056 ], [ 116.323720398105479, 39.998839952010663 ], [ 116.323720352820445, 39.998839950584241 ] ] ], [ [ [ 116.316735228777503, 40.005217598543084 ], [ 116.316856782605413, 40.005217598543084 ], [ 116.316858700874405, 40.00521672246218 ], [ 116.316733345451922, 40.00521672246218 ], [ 116.316735228777503, 40.005217598543084 ] ] ] ] } },
{ "type": "Feature", "properties": { "arc_id": "(10, 14)", "length": 761.70923919309928 }, "geometry": { "type": "MultiPolygon", "coordinates": [ [ [ [ 116.31778560796019, 40.00479569909146 ], [ 116.318193633653308, 40.004822761004448 ], [ 116.318194421724968, 40.004822811211184 ], [ 116.318616713725319, 40.004848610726945 ], [ 116.319415706286208, 40.004897510280117 ], [ 116.319417534311611, 40.004897611092794 ], [ 116.320213061203376, 40.004936673142609 ], [ 116.320441763248439, 40.004950242499376 ], [ 116.320441763248439, 40.004850826317309 ], [ 116.320909989665111, 40.004850826317309 ], [ 116.320909989665111, 40.004969767972824 ], [ 116.32091003492863, 40.004969769812597 ], [ 116.32091003492863, 40.004849937583309 ], [ 116.321378259414161, 40.004849937583309 ], [ 116.321378259414161, 40.004987059686563 ], [ 116.321389234766883, 40.004985433215872 ], [ 116.321400157750276, 40.004982948140714 ], [ 116.321410715275391, 40.004979659049063 ], [ 116.32142080753475, 40.004975597034957 ], [ 116.321430339119416, 40.004970800499372 ], [ 116.32143921992089, 40.004965314787242 ], [ 116.321447365983076, 40.004959191758758 ], [ 116.321454700295973, 40.00495248929905 ], [ 116.321461153523529, 40.004945270770996 ], [ 116.321466664659354, 40.004937604416206 ], [ 116.321471181603314, 40.004929562709876 ], [ 116.321474661654065, 40.004921221675623 ], [ 116.321477071912753, 40.004912660166781 ], [ 116.32147838959402, 40.004903959120931 ], [ 116.321483280679317, 40.004848156506981 ], [ 116.321378349951615, 40.004848156506981 ], [ 116.321378349951615, 40.004489331582242 ], [ 116.321514731595116, 40.004489331582242 ], [ 116.321514809700986, 40.004488440468897 ], [ 116.32137839521927, 40.004488440468897 ], [ 116.32137839521927, 40.004129615521776 ], [ 116.32154626061876, 40.004129615521776 ], [ 116.321546388278833, 40.004128159042153 ], [ 116.321546411939593, 40.004127882766305 ], [ 116.321608610677984, 40.003384182693765 ], [ 116.321665801983229, 40.002689859944951 ], [ 116.321431030243332, 40.002689859944951 ], [ 116.321374785710461, 40.003372660625615 ], [ 116.321312599636627, 40.004116178964139 ], [ 116.321252376213693, 40.004803244975946 ], [ 116.320483399071236, 40.004771988900146 ], [ 116.320230312195548, 40.004756972744801 ], [ 116.320228764628169, 40.004756888845783 ], [ 116.319433380190588, 40.004717833813345 ], [ 116.318635294726391, 40.004668989789572 ], [ 116.318213372393899, 40.004643212867087 ], [ 116.317805166848814, 40.004616139032592 ], [ 116.317804016718156, 40.004616067135693 ], [ 116.316807518014542, 40.004557567222378 ], [ 116.316796204629938, 40.004557324649241 ], [ 116.316784913600543, 40.004557922720558 ], [ 116.316773750301635, 40.004559355854731 ], [ 116.31676281891643, 40.004561610676788 ], [ 116.316752221463858, 40.00456466614326 ], [ 116.316742056846337, 40.004568493738518 ], [ 116.316732419926879, 40.004573057740906 ], [ 116.316723400643696, 40.004578315556145 ], [ 116.316715083170877, 40.004584218114815 ], [ 116.316707545132772, 40.004590710330277 ], [ 116.316700856879621, 40.00459773161289 ], [ 116.316695080830954, 40.004605216435287 ], [ 116.316690270893062, 40.004613094944084 ], [ 116.31668647195589, 40.004621293611706 ], [ 116.316683719474042, 40.004629735922606 ], [ 116.316682039135969, 40.004638343087393 ], [ 116.316681446624116, 40.004647034778067 ], [ 116.316680330355183, 40.004858756678587 ], [ 116.3166954630574, 40.004858756678587 ], [ 116.3166954630574, 40.005186742410544 ], [ 116.316695508271792, 40.005186800958725 ], [ 116.316695508271792, 40.004857882528903 ], [ 116.31691464629246, 40.004857882528903 ], [ 116.316915243147605, 40.00474460438204 ], [ 116.31778560796019, 40.00479569909146 ] ] ], [ [ [ 116.321695431773307, 40.002330143774614 ], [ 116.321460661244785, 40.002330143774614 ], [ 116.321460587840818, 40.002331034888407 ], [ 116.321695358372338, 40.002331034888407 ], [ 116.321695431773307, 40.002330143774614 ] ] ], [ [ [ 116.321648312892265, 40.001970427582819 ], [ 116.321553267357032, 40.001970427582819 ], [ 116.321552318101851, 40.001970717915889 ], [ 116.321550805390956, 40.00197131869669 ], [ 116.321651001839172, 40.00197131869669 ], [ 116.321648312892265, 40.001970427582819 ] ] ], [ [ [ 116.316735228777503, 40.005217598543084 ], [ 116.316856782605413, 40.005217598543084 ], [ 116.316858700874405, 40.00521672246218 ], [ 116.316733345451922, 40.00521672246218 ], [ 116.316735228777503, 40.005217598543084 ] ] ] ] } },
{ "type": "Feature", "properties": { "arc_id": "(10, 15)", "length": 891.09082252105691 }, "geometry": { "type": "MultiPolygon", "coordinates": [ [ [ [ 116.31778560796019, 40.00479569909146 ], [ 116.318193633653308, 40.004822761004448 ], [ 116.318194421724968, 40.004822811211184 ], [ 116.318616713725319, 40.004848610726945 ], [ 116.319415706286208, 40.004897510280117 ], [ 116.319417534311611, 40.004897611092794 ], [ 116.320213061203376, 40.004936673142609 ], [ 116.320441763248439, 40.004950242499376 ], [ 116.320441763248439, 40.004850826317309 ], [ 116.320909989665111, 40.004850826317309 ], [ 116.320909989665111, 40.004969767972824 ], [ 116.32091003492863, 40.004969769812597 ], [ 116.32091003492863, 40.004849937583309 ], [ 116.321378259414161, 40.004849937583309 ], [ 116.321378259414161, 40.004987059686563 ], [ 116.321389234766883, 40.004985433215872 ], [ 116.321400157750276, 40.004982948140714 ], [ 116.321410715275391, 40.004979659049063 ], [ 116.32142080753475, 40.004975597034957 ], [ 116.321430339119416, 40.004970800499372 ], [ 116.32143921992089, 40.004965314787242 ], [ 116.321447365983076, 40.004959191758758 ], [ 116.321454700295973, 40.00495248929905 ], [ 116.321461153523529, 40.004945270770996 ], [ 116.321466664659354, 40.004937604416206 ], [ 116.321471181603314, 40.004929562709876 ], [ 116.321474661654065, 40.004921221675623 ], [ 116.321477071912753, 40.004912660166781 ], [ 116.32147838959402, 40.004903959120931 ], [ 116.321483280679317, 40.004848156506981 ], [ 116.321378349951615, 40.004848156506981 ], [ 116.321378349951615, 40.004489331582242 ], [ 116.321514731595116, 40.004489331582242 ], [ 116.321514809700986, 40.004488440468897 ], [ 116.32137839521927, 40.004488440468897 ], [ 116.32137839521927, 40.004129615521776 ], [ 116.32154626061876, 40.004129615521776 ], [ 116.321546388278833, 40.004128159042153 ], [ 116.321546411939593, 40.004127882766305 ], [ 116.321608610677984, 40.003384182693765 ], [ 116.321665802064217, 40.002689859944951 ], [ 116.321431030243332, 40.002689859944951 ], [ 116.321374785710461, 40.003372660625615 ], [ 116.321312599636627, 40.004116178964139 ], [ 116.321252376213693, 40.004803244975946 ], [ 116.320483399071236, 40.004771988900146 ], [ 116.320230312195548, 40.004756972744801 ], [ 116.320228764628169, 40.004756888845783 ], [ 116.319433380190588, 40.004717833813345 ], [ 116.318635294726391, 40.004668989789572 ], [ 116.318213372393899, 40.004643212867087 ], [ 116.317805166848814, 40.004616139032592 ], [ 116.317804016718156, 40.004616067135693 ], [ 116.316807518014542, 40.004557567222378 ], [ 116.316796204629938, 40.004557324649241 ], [ 116.316784913600543, 40.004557922720558 ], [ 116.316773750301635, 40.004559355854731 ], [ 116.31676281891643, 40.004561610676788 ], [ 116.316752221463858, 40.00456466614326 ], [ 116.316742056846337, 40.004568493738518 ], [ 116.316732419926879, 40.004573057740906 ], [ 116.316723400643696, 40.004578315556145 ], [ 116.316715083170877, 40.004584218114815 ], [ 116.316707545132772, 40.004590710330277 ], [ 116.316700856879621, 40.00459773161289 ], [ 116.316695080830954, 40.004605216435287 ], [ 116.316690270893062, 40.004613094944084 ], [ 116.31668647195589, 40.004621293611706 ], [ 116.316683719474042, 40.004629735922606 ], [ 116.316682039135969, 40.004638343087393 ], [ 116.316681446624116, 40.004647034778067 ], [ 116.316680330355183, 40.004858756678587 ], [ 116.3166954630574, 40.004858756678587 ], [ 116.3166954630574, 40.005186742410544 ], [ 116.316695508271792, 40.005186800958725 ], [ 116.316695508271792, 40.004857882528903 ], [ 116.31691464629246, 40.004857882528903 ], [ 116.316915243147605, 40.00474460438204 ], [ 116.31778560796019, 40.00479569909146 ] ] ], [ [ [ 116.321695431896259, 40.002330143774614 ], [ 116.321460661244785, 40.002330143774614 ], [ 116.321460587840818, 40.002331034888407 ], [ 116.321695358495191, 40.002331034888407 ], [ 116.321695431896259, 40.002330143774614 ] ] ], [ [ [ 116.322783465679763, 40.002165672281549 ], [ 116.322783465679763, 40.001985426737797 ], [ 116.321961014540321, 40.001969535397883 ], [ 116.321846980054531, 40.001969535397883 ], [ 116.321846980054531, 40.001967332032009 ], [ 116.321846934786294, 40.001967331157338 ], [ 116.321846934786294, 40.001970427582819 ], [ 116.321553466970329, 40.001970427582819 ], [ 116.321550771055698, 40.00197131869669 ], [ 116.321846889517346, 40.00197131869669 ], [ 116.321846889517346, 40.002147576260576 ], [ 116.322783465679763, 40.002165672281549 ] ] ], [ [ [ 116.316735228777503, 40.005217598543084 ], [ 116.316856782605413, 40.005217598543084 ], [ 116.316858700874405, 40.00521672246218 ], [ 116.316733345451922, 40.00521672246218 ], [ 116.316735228777503, 40.005217598543084 ] ] ] ] } },
{ "type": "Feature", "properties": { "arc_id": "(11, 12)", "length": 393.96277448474814 }, "geometry": { "type": "MultiPolygon", "coordinates": [ [ [ [ 116.321048669783409, 39.995636328318888 ], [ 116.321036921657182, 39.995699708388997 ], [ 116.320967615909481, 39.99604703310473 ], [ 116.320967251086245, 39.996049006795133 ], [ 116.320906050489157, 39.996408606729517 ], [ 116.320905395024752, 39.996413487563778 ], [ 116.320880274180666, 39.996668270243482 ], [ 116.320849331034466, 39.996665346935409 ], [ 116.31944466162706, 39.99647852341117 ], [ 116.319433080165823, 39.996477436503504 ], [ 116.319421415569792, 39.996477241082104 ], [ 116.319409783556736, 39.996477939085651 ], [ 116.319398299521154, 39.996479523589635 ], [ 116.31938707738955, 39.996481978875103 ], [ 116.319376228490256, 39.996485280584579 ], [ 116.319365860449025, 39.996489395963685 ], [ 116.31935607612138, 39.996494284186106 ], [ 116.319346972572177, 39.996499896758564 ], [ 116.319338640112733, 39.99650617800193 ], [ 116.319331161404875, 39.996513065603523 ], [ 116.319324610640919, 39.99652049123533 ], [ 116.319319052807657, 39.996528381231791 ], [ 116.319314543041571, 39.996536657320668 ], [ 116.319311126081956, 39.996545237399438 ], [ 116.319308835827002, 39.996554036349877 ], [ 116.319303809245156, 39.996580010107643 ], [ 116.31950620895546, 39.996580010107643 ], [ 116.31950620895546, 39.996758090212275 ], [ 116.319522909155666, 39.996671794211991 ], [ 116.320812240080954, 39.996843276837957 ], [ 116.320817918323755, 39.996843922254151 ], [ 116.320973518523132, 39.996858622274793 ], [ 116.320985324082329, 39.996859274224811 ], [ 116.320997154918601, 39.996859006595898 ], [ 116.321008890249118, 39.996857822120326 ], [ 116.321020410266158, 39.996855732890559 ], [ 116.321031597360118, 39.996852760235868 ], [ 116.321042337320378, 39.99684893450452 ], [ 116.321052520501183, 39.996844294753949 ], [ 116.321062042941065, 39.996838888352066 ], [ 116.321070807424263, 39.996832770493576 ], [ 116.321078724473111, 39.996826003636556 ], [ 116.321085713261652, 39.996818656864797 ], [ 116.321091702440697, 39.996810805182442 ], [ 116.321096630866279, 39.996802528748375 ], [ 116.321100448223888, 39.996793912057761 ], [ 116.321103115542016, 39.996785043079434 ], [ 116.321104605590179, 39.996776012357898 ], [ 116.321138763714188, 39.99642955960298 ], [ 116.32119938074311, 39.996073381486603 ], [ 116.321268583566692, 39.995726566706651 ], [ 116.321268766611865, 39.995725615533061 ], [ 116.3212806665058, 39.995661415520395 ], [ 116.321280790563392, 39.995660727242111 ], [ 116.321325590139395, 39.995404927194208 ], [ 116.321325717455011, 39.995404176402118 ], [ 116.321369587873676, 39.995136707197773 ], [ 116.321133454692685, 39.995136707197773 ], [ 116.321093344192974, 39.995381247879962 ], [ 116.321048669783409, 39.995636328318888 ] ] ], [ [ [ 116.319234194967208, 39.99693972660085 ], [ 116.319471058264298, 39.99693972660085 ], [ 116.319471229449746, 39.996938842023468 ], [ 116.319234366155399, 39.996938842023468 ], [ 116.319234194967208, 39.99693972660085 ] ] ], [ [ [ 116.321379571927935, 39.995075836407565 ], [ 116.321379571927935, 39.994786094291484 ], [ 116.321379526678825, 39.994786060972288 ], [ 116.321379526678825, 39.995076112282369 ], [ 116.321379571927935, 39.995075836407565 ] ] ], [ [ [ 116.321366113998664, 39.994777384281193 ], [ 116.321365310657569, 39.994776990611797 ], [ 116.321231659922802, 39.994776990611797 ], [ 116.321230007248914, 39.994777880577111 ], [ 116.321366936123155, 39.994777880577111 ], [ 116.321366113998664, 39.994777384281193 ] ] ] ] } },
{ "type": "Feature", "properties": { "arc_id": "(11, 13)", "length": 665.31774430052951 }, "geometry": { "type": "MultiPolygon", "coordinates": [ [ [ [ 116.322388363392719, 39.994982023607228 ], [ 116.322388954389623, 39.994990648672477 ], [ 116.322390616486132, 39.994999190577452 ], [ 116.32239333440738, 39.995007570818672 ], [ 116.322397083174948, 39.995015712378446 ], [ 116.322401828336552, 39.995023540432562 ], [ 116.322407526282561, 39.995030983038085 ], [ 116.322414124646869, 39.995037971794453 ], [ 116.32242156278808, 39.995044442472128 ], [ 116.322429772346837, 39.995050335602954 ], [ 116.322438677874132, 39.995055597026592 ], [ 116.322448197524579, 39.995060178388414 ], [ 116.322458243808796, 39.995064037583774 ], [ 116.32246872439724, 39.995067139145029 ], [ 116.322479542968949, 39.995069454567549 ], [ 116.322490600096799, 39.995070962571624 ], [ 116.322501794161056, 39.995071649298055 ], [ 116.322555120824376, 39.9950729475133 ], [ 116.323604505002251, 39.995099502466019 ], [ 116.323589570029668, 39.99549285319636 ], [ 116.323720760360132, 39.99549285319636 ], [ 116.323720760360132, 39.995851674823029 ], [ 116.323575946078464, 39.995851674823029 ], [ 116.3235759120995, 39.995852569746127 ], [ 116.323720715080796, 39.995852569746127 ], [ 116.323720715080796, 39.996211391354379 ], [ 116.323564054272182, 39.996211391354379 ], [ 116.323562123746257, 39.996239436910017 ], [ 116.323562065494414, 39.996240375928664 ], [ 116.323557297849675, 39.996326687498019 ], [ 116.323523239550852, 39.996797899409927 ], [ 116.323523168577182, 39.99679900354969 ], [ 116.323476333510413, 39.997631091604447 ], [ 116.323464968788784, 39.997631145775316 ], [ 116.323453420739938, 39.997632085101841 ], [ 116.323442050354686, 39.997633899173579 ], [ 116.323430969369014, 39.99763657016377 ], [ 116.323420286674974, 39.997640071824776 ], [ 116.323410107250766, 39.99764436974602 ], [ 116.323400531128968, 39.997649421692124 ], [ 116.323391652413633, 39.997655178017915 ], [ 116.323383558355516, 39.997661582156368 ], [ 116.32337632849466, 39.99766857117443 ], [ 116.323370033878717, 39.997676076391407 ], [ 116.32336473636488, 39.997684024053932 ], [ 116.323360488011886, 39.997692336060759 ], [ 116.32335733056847, 39.997700930730211 ], [ 116.323355295063081, 39.997709723602838 ], [ 116.323354401499017, 39.997718628271464 ], [ 116.323333100480767, 39.998315528241704 ], [ 116.323333327497025, 39.998324126060922 ], [ 116.323334619325394, 39.998332668066837 ], [ 116.323336964196557, 39.998341076434173 ], [ 116.323340340747009, 39.998349274555217 ], [ 116.323344718213733, 39.998357187737753 ], [ 116.323350056714432, 39.998364743885588 ], [ 116.323356307610894, 39.998371874155417 ], [ 116.323363413951995, 39.998378513584015 ], [ 116.323368275779174, 39.998382261731408 ], [ 116.323349360590328, 39.998730301465713 ], [ 116.323583853782239, 39.998730301465713 ], [ 116.323605941439197, 39.998323862305824 ], [ 116.323605868976344, 39.998315182267426 ], [ 116.323604710746537, 39.998306547878506 ], [ 116.323602477501439, 39.99829803928796 ], [ 116.323599189971631, 39.998289735476945 ], [ 116.323594878674015, 39.998281713525643 ], [ 116.323589583628561, 39.998274047897915 ], [ 116.323583353986891, 39.998266809749992 ], [ 116.323576247576014, 39.998260066269999 ], [ 116.323569639223635, 39.998254902750482 ], [ 116.323585336121312, 39.997815000292327 ], [ 116.323594715690476, 39.997814959142303 ], [ 116.323606150465764, 39.997814042210123 ], [ 116.323617413303324, 39.997812267615394 ], [ 116.323628395718288, 39.997809652451238 ], [ 116.323638991926785, 39.997806221907183 ], [ 116.323649099865008, 39.997802009026621 ], [ 116.323658622172275, 39.997797054388478 ], [ 116.323667467128843, 39.997791405716377 ], [ 116.323675549539288, 39.997785117418907 ], [ 116.323682791553239, 39.997778250065586 ], [ 116.323689123415164, 39.997770869803489 ], [ 116.323694484136183, 39.997763047719992 ], [ 116.323698822081695, 39.997754859158171 ], [ 116.32370209546859, 39.997746382990989 ], [ 116.323704272767714, 39.997737700861627 ], [ 116.323705333007553, 39.997728896397113 ], [ 116.323757200356766, 39.996807348569675 ], [ 116.323791259666379, 39.996336100431471 ], [ 116.323791334668215, 39.996334923959253 ], [ 116.323796108580893, 39.99624849357955 ], [ 116.323799676182801, 39.996196662967719 ], [ 116.32379983680832, 39.996191236231112 ], [ 116.323799352498426, 39.996140683301185 ], [ 116.323842088068503, 39.995015029655718 ], [ 116.323841861142625, 39.995006209720586 ], [ 116.323840513811518, 39.994997449135276 ], [ 116.323838058993076, 39.994988831891803 ], [ 116.323834520223286, 39.994980440607897 ], [ 116.323829931430438, 39.994972355734838 ], [ 116.323824336609832, 39.994964654786131 ], [ 116.323817789402014, 39.994957411594534 ], [ 116.323810352578477, 39.994950695603876 ], [ 116.323802097439767, 39.994944571203561 ], [ 116.323793103131976, 39.994939097111072 ], [ 116.32378345588792, 39.994934325809055 ], [ 116.323773248200283, 39.99493030304221 ], [ 116.323762577934957, 39.994927067378647 ], [ 116.32375154739276, 39.994924649840165 ], [ 116.323740262328585, 39.994923073604816 ], [ 116.323728830937512, 39.994922353784681 ], [ 116.323669241085, 39.9949208540407 ], [ 116.32263247088332, 39.994894618877709 ], [ 116.322631984532421, 39.994887998601342 ], [ 116.322630206755903, 39.994879240420602 ], [ 116.322627318579364, 39.994870658999389 ], [ 116.322623347961695, 39.994862337408712 ], [ 116.32261833334023, 39.994854356204343 ], [ 116.322612323258483, 39.994846792646939 ], [ 116.32260537589633, 39.994839719954207 ], [ 116.322597558506757, 39.994833206592112 ], [ 116.322588946764796, 39.994827315612049 ], [ 116.322579624035043, 39.994822104040544 ], [ 116.322569680564627, 39.994817622327311 ], [ 116.322559212609505, 39.994813913856667 ], [ 116.32254832150285, 39.994811014527791 ], [ 116.32253711267397, 39.99480895240707 ], [ 116.322525694627771, 39.994807747456463 ], [ 116.322475094693388, 39.994804347461404 ], [ 116.322470532904262, 39.994804109831414 ], [ 116.321847794760927, 39.99478104743951 ], [ 116.321847794760927, 39.994961445149329 ], [ 116.322388394777875, 39.994981465827415 ], [ 116.322388363392719, 39.994982023607228 ] ] ], [ [ [ 116.321714188808542, 39.994776099496512 ], [ 116.321379617176333, 39.994776099496512 ], [ 116.321379617176333, 39.994763709020376 ], [ 116.321379571927935, 39.994763707344653 ], [ 116.321379571927935, 39.994776990611797 ], [ 116.321231630942023, 39.994776990611797 ], [ 116.321229902837615, 39.994777880577111 ], [ 116.321379526678825, 39.994777880577111 ], [ 116.321379526678825, 39.994944103225109 ], [ 116.321379571927935, 39.994944104900874 ], [ 116.321379571927935, 39.994776990611804 ], [ 116.321738250991018, 39.994776990611804 ], [ 116.321714188808542, 39.994776099496512 ] ] ] ] } },
{ "type": "Feature", "properties": { "arc_id": "(11, 14)", "length": 902.2203373485346 }, "geometry": { "type": "MultiPolygon", "coordinates": [ [ [ [ 116.321048669783409, 39.995636328318888 ], [ 116.321036921657182, 39.995699708388997 ], [ 116.320967615909481, 39.99604703310473 ], [ 116.320967251086245, 39.996049006795133 ], [ 116.320906050489157, 39.996408606729517 ], [ 116.320905395024752, 39.996413487563778 ], [ 116.320870994434685, 39.996762387524583 ], [ 116.320870696720391, 39.996771484256818 ], [ 116.320871593598824, 39.996780557687515 ], [ 116.320873675921234, 39.996789515256836 ], [ 116.320876922445919, 39.996798265586904 ], [ 116.320881300054864, 39.996806719413868 ], [ 116.320886764091583, 39.996814790498497 ], [ 116.32089325881671, 39.996822396505991 ], [ 116.3209007179765, 39.996829459845877 ], [ 116.320909065478759, 39.996835908463531 ], [ 116.320918216169076, 39.996841676575187 ], [ 116.320928076699431, 39.996846705339074 ], [ 116.320938546480505, 39.996850943455669 ], [ 116.320949518707806, 39.996854347690991 ], [ 116.320960881451285, 39.996856883317648 ], [ 116.320972518797035, 39.996858524469154 ], [ 116.320984312029864, 39.996859254403752 ], [ 116.32204759924609, 39.996883610550867 ], [ 116.321923450255468, 39.997652598415911 ], [ 116.321923393317505, 39.997652956966135 ], [ 116.321825092267645, 39.998282456859876 ], [ 116.321824486794583, 39.998287552889501 ], [ 116.32170898439503, 39.999701952754329 ], [ 116.321708936347719, 39.999702575575981 ], [ 116.321657835555868, 40.000406169959149 ], [ 116.321622459215135, 40.000892169994415 ], [ 116.321847025322072, 40.000892169994415 ], [ 116.321847025322072, 40.001021806732957 ], [ 116.32184870313408, 40.001007045761206 ], [ 116.321848965057612, 40.001004235529052 ], [ 116.321891764058606, 40.000416235478028 ], [ 116.321942841050529, 39.999712935780977 ], [ 116.321993561566472, 39.999091805110353 ], [ 116.321847342174792, 39.999091805110353 ], [ 116.321847342174792, 39.998732980918362 ], [ 116.322022862563841, 39.998732980918362 ], [ 116.322058104624105, 39.998301401623017 ], [ 116.322155978719437, 39.997674622236694 ], [ 116.322296048338899, 39.996807001316817 ], [ 116.322296905386025, 39.996798121464629 ], [ 116.322296618555299, 39.996789219913879 ], [ 116.322295190648887, 39.99678038361435 ], [ 116.322292635614971, 39.996771698878341 ], [ 116.322288978411322, 39.996763250537768 ], [ 116.322284254761598, 39.996755121115342 ], [ 116.322278510806441, 39.996747390018605 ], [ 116.322271802652637, 39.996740132764259 ], [ 116.322264195825142, 39.996733420240552 ], [ 116.32225576462703, 39.99672731801477 ], [ 116.322246591413631, 39.996721885692914 ], [ 116.322236765788205, 39.996717176337377 ], [ 116.322226383726658, 39.996713235948683 ], [ 116.322215546639967, 39.996710103016127 ], [ 116.322204360383765, 39.996707808141927 ], [ 116.322192934224304, 39.996706373742107 ], [ 116.322181379771123, 39.996705813827809 ], [ 116.322134133315075, 39.996705323720043 ], [ 116.321113879184438, 39.996681954221444 ], [ 116.321138763714188, 39.99642955960298 ], [ 116.32119938074311, 39.996073381486603 ], [ 116.321268583566692, 39.995726566706651 ], [ 116.321268766611865, 39.995725615533061 ], [ 116.3212806665058, 39.995661415520395 ], [ 116.321280790563392, 39.995660727242111 ], [ 116.321325590139395, 39.995404927194208 ], [ 116.321325717455011, 39.995404176402118 ], [ 116.321369587873676, 39.995136707197773 ], [ 116.321133454692685, 39.995136707197773 ], [ 116.321093344192974, 39.995381247879962 ], [ 116.321048669783409, 39.995636328318888 ] ] ], [ [ [ 116.321585682515618, 40.00125188624952 ], [ 116.321820873237897, 40.00125188624952 ], [ 116.321820974526744, 40.001250995135507 ], [ 116.321585783807492, 40.001250995135507 ], [ 116.321585682515618, 40.00125188624952 ] ] ], [ [ [ 116.321540623144116, 40.001611602483671 ], [ 116.321776094353666, 40.001611602483671 ], [ 116.321776210431466, 40.001610711369722 ], [ 116.321540739224943, 40.001610711369722 ], [ 116.321540623144116, 40.001611602483671 ] ] ], [ [ [ 116.321493764762863, 40.00197131869669 ], [ 116.321729237194802, 40.00197131869669 ], [ 116.321729353272602, 40.001970427582819 ], [ 116.32149388084369, 40.001970427582819 ], [ 116.321493764762863, 40.00197131869669 ] ] ], [ [ [ 116.321379571927935, 39.995075836407565 ], [ 116.321379571927935, 39.994786094291484 ], [ 116.321379526678825, 39.994786060972288 ], [ 116.321379526678825, 39.995076112282369 ], [ 116.321379571927935, 39.995075836407565 ] ] ], [ [ [ 116.321366113998664, 39.994777384281193 ], [ 116.321365310657569, 39.994776990611797 ], [ 116.321231659922802, 39.994776990611797 ], [ 116.321230007248914, 39.994777880577111 ], [ 116.321366936123155, 39.994777880577111 ], [ 116.321366113998664, 39.994777384281193 ] ] ] ] } },
{ "type": "Feature", "properties": { "arc_id": "(11, 15)", "length": 1024.9078988353547 }, "geometry": { "type": "MultiPolygon", "coordinates": [ [ [ [ 116.321048669783409, 39.995636328318888 ], [ 116.321036921657182, 39.995699708388997 ], [ 116.320967615909481, 39.99604703310473 ], [ 116.320967251086245, 39.996049006795133 ], [ 116.320906050489157, 39.996408606729517 ], [ 116.320905395024752, 39.996413487563778 ], [ 116.320870994434685, 39.996762387524583 ], [ 116.320870696720391, 39.996771484256818 ], [ 116.320871593598824, 39.996780557687515 ], [ 116.320873675921234, 39.996789515256836 ], [ 116.320876922445919, 39.996798265586904 ], [ 116.320881300054864, 39.996806719413868 ], [ 116.320886764091583, 39.996814790498497 ], [ 116.32089325881671, 39.996822396505991 ], [ 116.3209007179765, 39.996829459845877 ], [ 116.320909065478759, 39.996835908463531 ], [ 116.320918216169076, 39.996841676575187 ], [ 116.320928076699431, 39.996846705339074 ], [ 116.320938546480505, 39.996850943455669 ], [ 116.320949518707806, 39.996854347690991 ], [ 116.320960881451285, 39.996856883317648 ], [ 116.320972518797035, 39.996858524469154 ], [ 116.320984312029864, 39.996859254403752 ], [ 116.32204759924609, 39.996883610550867 ], [ 116.321923450255468, 39.997652598415911 ], [ 116.321923393317505, 39.997652956966135 ], [ 116.321825092267645, 39.998282456859876 ], [ 116.321824486794583, 39.998287552889501 ], [ 116.32170898439503, 39.999701952754329 ], [ 116.321708936347719, 39.999702575575981 ], [ 116.321657835555868, 40.000406169959149 ], [ 116.321622459214325, 40.000892169994415 ], [ 116.321847025322072, 40.000892169994415 ], [ 116.321847025322072, 40.001093104308012 ], [ 116.322945089130926, 40.001128711563268 ], [ 116.322907339424177, 40.001541580470352 ], [ 116.322907151286117, 40.001544170553757 ], [ 116.322903662713898, 40.001608926007854 ], [ 116.323138162179703, 40.001608926007854 ], [ 116.323141178909324, 40.001552925411616 ], [ 116.323187259743122, 40.001048919358794 ], [ 116.323187496498775, 40.001039921908486 ], [ 116.323186564923475, 40.001030951179402 ], [ 116.323184474312512, 40.001022096677062 ], [ 116.323181245525362, 40.001013446747237 ], [ 116.32317691077769, 40.001005087694573 ], [ 116.323171513319807, 40.000997102921474 ], [ 116.323165107005124, 40.000989572095889 ], [ 116.323157755752874, 40.000982570356534 ], [ 116.323149532910364, 40.000976167563152 ], [ 116.323140520521022, 40.000970427599462 ], [ 116.323130808505937, 40.000965407735812 ], [ 116.32312049376668, 40.000961158057756 ], [ 116.323109679218305, 40.000957720966369 ], [ 116.323098472762794, 40.000955130755102 ], [ 116.323086986212203, 40.000953413267695 ], [ 116.32307533417324, 40.000952585640356 ], [ 116.321855603409077, 40.000913034340634 ], [ 116.321891764058606, 40.000416235478028 ], [ 116.321942841050529, 39.999712935780977 ], [ 116.321993561566472, 39.999091805110353 ], [ 116.321847342174792, 39.999091805110353 ], [ 116.321847342174792, 39.998732980918362 ], [ 116.322022862563841, 39.998732980918362 ], [ 116.322058104624105, 39.998301401623017 ], [ 116.322155978719437, 39.997674622236694 ], [ 116.322296048338899, 39.996807001316817 ], [ 116.322296905386025, 39.996798121464629 ], [ 116.322296618555299, 39.996789219913879 ], [ 116.322295190648887, 39.99678038361435 ], [ 116.322292635614971, 39.996771698878341 ], [ 116.322288978411322, 39.996763250537768 ], [ 116.322284254761598, 39.996755121115342 ], [ 116.322278510806441, 39.996747390018605 ], [ 116.322271802652637, 39.996740132764259 ], [ 116.322264195825142, 39.996733420240552 ], [ 116.32225576462703, 39.99672731801477 ], [ 116.322246591413631, 39.996721885692914 ], [ 116.322236765788205, 39.996717176337377 ], [ 116.322226383726658, 39.996713235948683 ], [ 116.322215546639967, 39.996710103016127 ], [ 116.322204360383765, 39.996707808141927 ], [ 116.322192934224304, 39.996706373742107 ], [ 116.322181379771123, 39.996705813827809 ], [ 116.322134133315075, 39.996705323720043 ], [ 116.321113879184438, 39.996681954221444 ], [ 116.321138763714188, 39.99642955960298 ], [ 116.32119938074311, 39.996073381486603 ], [ 116.321268583566692, 39.995726566706651 ], [ 116.321268766611865, 39.995725615533061 ], [ 116.3212806665058, 39.995661415520395 ], [ 116.321280790563392, 39.995660727242111 ], [ 116.321325590139395, 39.995404927194208 ], [ 116.321325717455011, 39.995404176402118 ], [ 116.321369587873676, 39.995136707197773 ], [ 116.321133454692685, 39.995136707197773 ], [ 116.321093344192974, 39.995381247879962 ], [ 116.321048669783409, 39.995636328318888 ] ] ], [ [ [ 116.322884283713208, 40.001968642221073 ], [ 116.323118784411861, 40.001968642221073 ], [ 116.323118832576085, 40.001967748131733 ], [ 116.322884331880516, 40.001967748131733 ], [ 116.322884283713208, 40.001968642221073 ] ] ], [ [ [ 116.321379571927935, 39.995075836407565 ], [ 116.321379571927935, 39.994786094291484 ], [ 116.321379526678825, 39.994786060972288 ], [ 116.321379526678825, 39.995076112282369 ], [ 116.321379571927935, 39.995075836407565 ] ] ], [ [ [ 116.321366113998664, 39.994777384281193 ], [ 116.321365310657569, 39.994776990611797 ], [ 116.321231659922802, 39.994776990611797 ], [ 116.321230007248914, 39.994777880577111 ], [ 116.321366936123155, 39.994777880577111 ], [ 116.321366113998664, 39.994777384281193 ] ] ] ] } },
{ "type": "Feature", "properties": { "arc_id": "(12, 13)", "length": 576.82980096204631 }, "geometry": { "type": "MultiPolygon", "coordinates": [ [ [ [ 116.319168882532225, 39.997869873165179 ], [ 116.319168941332137, 39.997871413762823 ], [ 116.319191940536001, 39.998337913779089 ], [ 116.319192896939555, 39.998346481601459 ], [ 116.319194911084068, 39.998354940267653 ], [ 116.319197964620372, 39.998363212716129 ], [ 116.319202029730008, 39.998371223581863 ], [ 116.319207069378621, 39.99837889988288 ], [ 116.319213037653469, 39.998386171685233 ], [ 116.31921988018162, 39.998392972740056 ], [ 116.319227534625298, 39.998399241087135 ], [ 116.319235931249793, 39.998404919619468 ], [ 116.319244993558797, 39.99840995660341 ], [ 116.319254638991367, 39.99841430615011 ], [ 116.319264779673873, 39.998417928633501 ], [ 116.319275323220893, 39.998420791051338 ], [ 116.3192861735766, 39.998422867325878 ], [ 116.319297231890033, 39.998424138541445 ], [ 116.319308397415583, 39.998424593116738 ], [ 116.319434793416505, 39.998425093102313 ], [ 116.31990899003452, 39.998426993093929 ], [ 116.31991182194578, 39.998426978107069 ], [ 116.3207272230173, 39.998415078100578 ], [ 116.32072957261866, 39.998415025661075 ], [ 116.320952207045579, 39.998408336647543 ], [ 116.321894942336826, 39.998384545860489 ], [ 116.321942983819739, 39.998383304260571 ], [ 116.322000132085009, 39.998383592403123 ], [ 116.322002372655845, 39.998383587219429 ], [ 116.322178172886893, 39.998381887219153 ], [ 116.322265618605769, 39.998381011799985 ], [ 116.323366973218555, 39.998406229068387 ], [ 116.323349360594378, 39.998730301465713 ], [ 116.323583853782239, 39.998730301465713 ], [ 116.323605941439197, 39.998323862305824 ], [ 116.323605868976344, 39.998315182267426 ], [ 116.323604710746537, 39.998306547878506 ], [ 116.323602477501439, 39.99829803928796 ], [ 116.323599189971631, 39.998289735476945 ], [ 116.323594878674015, 39.998281713525643 ], [ 116.323589583628561, 39.998274047897915 ], [ 116.323583353986891, 39.998266809749992 ], [ 116.323576247576014, 39.998260066269999 ], [ 116.323568330361397, 39.998253880054307 ], [ 116.323559675834758, 39.998248308526435 ], [ 116.323550364331908, 39.998243403404068 ], [ 116.323540482286944, 39.998239210218962 ], [ 116.323530121429897, 39.998235767894315 ], [ 116.323519377935455, 39.998233108383474 ], [ 116.323508351529966, 39.998231256373323 ], [ 116.323497144565906, 39.998230229055103 ], [ 116.323458444616307, 39.998228129058234 ], [ 116.323453685090371, 39.998227945524135 ], [ 116.322270086642874, 39.998200845572264 ], [ 116.322265075238917, 39.998200813288982 ], [ 116.322175201229101, 39.998201713029808 ], [ 116.322000547596744, 39.998203401947094 ], [ 116.321942167989505, 39.998203107596503 ], [ 116.321937465652283, 39.998203156487911 ], [ 116.321887211695497, 39.998204455298477 ], [ 116.320944158909967, 39.9982282541175 ], [ 116.320943427099039, 39.998228274343703 ], [ 116.320721601847097, 39.998234939052239 ], [ 116.319908793892694, 39.998246801233719 ], [ 116.319436010585349, 39.998244906912333 ], [ 116.319421807596285, 39.998244850736427 ], [ 116.319403096627767, 39.997865356224231 ], [ 116.319397496850527, 39.997658274953032 ], [ 116.319163161333861, 39.997658274953032 ], [ 116.319168882532225, 39.997869873165179 ] ] ], [ [ [ 116.319414622285436, 39.997298558497818 ], [ 116.319178705988023, 39.997298558497818 ], [ 116.319178569968116, 39.997299443075086 ], [ 116.319414486268542, 39.997299443075086 ], [ 116.319414622285436, 39.997298558497818 ] ] ], [ [ [ 116.319462677293956, 39.996938842023468 ], [ 116.319234857299833, 39.996938842023468 ], [ 116.319234545199819, 39.99693972660085 ], [ 116.319462941617516, 39.99693972660085 ], [ 116.319462677293956, 39.996938842023468 ] ] ] ] } },
{ "type": "Feature", "properties": { "arc_id": "(12, 14)", "length": 796.18277657033173 }, "geometry": { "type": "MultiPolygon", "coordinates": [ [ [ [ 116.319168882532225, 39.997869873165179 ], [ 116.319168941332137, 39.997871413762823 ], [ 116.319191940536001, 39.998337913779089 ], [ 116.319192896939555, 39.998346481601459 ], [ 116.319194911084068, 39.998354940267653 ], [ 116.319197964620372, 39.998363212716129 ], [ 116.319202029730008, 39.998371223581863 ], [ 116.319207069378621, 39.99837889988288 ], [ 116.319213037653469, 39.998386171685233 ], [ 116.31921988018162, 39.998392972740056 ], [ 116.319227534625298, 39.998399241087135 ], [ 116.319235931249793, 39.998404919619468 ], [ 116.319244993558797, 39.99840995660341 ], [ 116.319254638991367, 39.99841430615011 ], [ 116.319264779673873, 39.998417928633501 ], [ 116.319275323220893, 39.998420791051338 ], [ 116.3192861735766, 39.998422867325878 ], [ 116.319297231890033, 39.998424138541445 ], [ 116.319308397415583, 39.998424593116738 ], [ 116.319434793416505, 39.998425093102313 ], [ 116.31990899003452, 39.998426993093929 ], [ 116.31991182194578, 39.998426978107069 ], [ 116.3207272230173, 39.998415078100578 ], [ 116.32072957261866, 39.998415025661075 ], [ 116.320952207045579, 39.998408336647543 ], [ 116.32181640447088, 39.998386528128911 ], [ 116.32170898439503, 39.999701952754329 ], [ 116.321708936347719, 39.999702575575981 ], [ 116.321657835555868, 40.000406169959149 ], [ 116.321622459215135, 40.000892169994415 ], [ 116.321847025322072, 40.000892169994415 ], [ 116.321847025322072, 40.001021806732957 ], [ 116.32184870313408, 40.001007045761206 ], [ 116.321848965057612, 40.001004235529052 ], [ 116.321891764058606, 40.000416235478028 ], [ 116.321942841050529, 39.999712935780977 ], [ 116.321993561564398, 39.999091805110353 ], [ 116.321847342174792, 39.999091805110353 ], [ 116.321847342174792, 39.998732980918362 ], [ 116.322022862560573, 39.998732980918362 ], [ 116.322058313226336, 39.998298846992725 ], [ 116.322058470385045, 39.998290016238023 ], [ 116.32205750260475, 39.998281216076904 ], [ 116.322055419185347, 39.99827253107086 ], [ 116.32205224014703, 39.998264044674734 ], [ 116.322047996037796, 39.998255838434972 ], [ 116.322042727639968, 39.998247991205886 ], [ 116.322036485578266, 39.998240578392043 ], [ 116.322029329833342, 39.99823367122363 ], [ 116.322021329165523, 39.998227336072034 ], [ 116.322012560453842, 39.998221633812129 ], [ 116.322003107957542, 39.998216619237219 ], [ 116.321993062506309, 39.998212340532639 ], [ 116.321982520627486, 39.998208838812651 ], [ 116.321971583618577, 39.998206147725483 ], [ 116.321960356573868, 39.998204293129888 ], [ 116.321948947374608, 39.998203292846775 ], [ 116.321937465652283, 39.998203156487911 ], [ 116.321887211695497, 39.998204455298477 ], [ 116.320944158909967, 39.9982282541175 ], [ 116.320943427099039, 39.998228274343703 ], [ 116.320721601847097, 39.998234939052239 ], [ 116.319908793892694, 39.998246801233719 ], [ 116.319436010585349, 39.998244906912333 ], [ 116.319421807596285, 39.998244850736427 ], [ 116.319403096627767, 39.997865356224231 ], [ 116.319397496850527, 39.997658274953032 ], [ 116.319163161333861, 39.997658274953032 ], [ 116.319168882532225, 39.997869873165179 ] ] ], [ [ [ 116.321585682515618, 40.00125188624952 ], [ 116.321820873237897, 40.00125188624952 ], [ 116.321820974526744, 40.001250995135507 ], [ 116.321585783807492, 40.001250995135507 ], [ 116.321585682515618, 40.00125188624952 ] ] ], [ [ [ 116.321540623144116, 40.001611602483671 ], [ 116.321776094353666, 40.001611602483671 ], [ 116.321776210431466, 40.001610711369722 ], [ 116.321540739224943, 40.001610711369722 ], [ 116.321540623144116, 40.001611602483671 ] ] ], [ [ [ 116.321493764762863, 40.00197131869669 ], [ 116.321729237194802, 40.00197131869669 ], [ 116.321729353272602, 40.001970427582819 ], [ 116.32149388084369, 40.001970427582819 ], [ 116.321493764762863, 40.00197131869669 ] ] ], [ [ [ 116.319414622285436, 39.997298558497818 ], [ 116.319178705988023, 39.997298558497818 ], [ 116.319178569968116, 39.997299443075086 ], [ 116.319414486268542, 39.997299443075086 ], [ 116.319414622285436, 39.997298558497818 ] ] ], [ [ [ 116.319462677293956, 39.996938842023468 ], [ 116.319234857299833, 39.996938842023468 ], [ 116.319234545199819, 39.99693972660085 ], [ 116.319462941617516, 39.99693972660085 ], [ 116.319462677293956, 39.996938842023468 ] ] ] ] } },
{ "type": "Feature", "properties": { "arc_id": "(12, 15)", "length": 918.87033805715203 }, "geometry": { "type": "MultiPolygon", "coordinates": [ [ [ [ 116.319168882532225, 39.997869873165179 ], [ 116.319168941332137, 39.997871413762823 ], [ 116.319191940536001, 39.998337913779089 ], [ 116.319192896939555, 39.998346481601459 ], [ 116.319194911084068, 39.998354940267653 ], [ 116.319197964620372, 39.998363212716129 ], [ 116.319202029730008, 39.998371223581863 ], [ 116.319207069378621, 39.99837889988288 ], [ 116.319213037653469, 39.998386171685233 ], [ 116.31921988018162, 39.998392972740056 ], [ 116.319227534625298, 39.998399241087135 ], [ 116.319235931249793, 39.998404919619468 ], [ 116.319244993558797, 39.99840995660341 ], [ 116.319254638991367, 39.99841430615011 ], [ 116.319264779673873, 39.998417928633501 ], [ 116.319275323220893, 39.998420791051338 ], [ 116.3192861735766, 39.998422867325878 ], [ 116.319297231890033, 39.998424138541445 ], [ 116.319308397415583, 39.998424593116738 ], [ 116.319434793416505, 39.998425093102313 ], [ 116.31990899003452, 39.998426993093929 ], [ 116.31991182194578, 39.998426978107069 ], [ 116.3207272230173, 39.998415078100578 ], [ 116.32072957261866, 39.998415025661075 ], [ 116.320952207045579, 39.998408336647543 ], [ 116.32181640447088, 39.998386528128911 ], [ 116.32170898439503, 39.999701952754329 ], [ 116.321708936347719, 39.999702575575981 ], [ 116.321657835555868, 40.000406169959149 ], [ 116.321622459214325, 40.000892169994415 ], [ 116.321847025322072, 40.000892169994415 ], [ 116.321847025322072, 40.001093104308012 ], [ 116.322945089130926, 40.001128711563268 ], [ 116.322907339424177, 40.001541580470352 ], [ 116.322907151286117, 40.001544170553757 ], [ 116.322903662713898, 40.001608926007854 ], [ 116.323138162179703, 40.001608926007854 ], [ 116.323141178909324, 40.001552925411616 ], [ 116.323187259743122, 40.001048919358794 ], [ 116.323187496498775, 40.001039921908486 ], [ 116.323186564923475, 40.001030951179402 ], [ 116.323184474312512, 40.001022096677062 ], [ 116.323181245525362, 40.001013446747237 ], [ 116.32317691077769, 40.001005087694573 ], [ 116.323171513319807, 40.000997102921474 ], [ 116.323165107005124, 40.000989572095889 ], [ 116.323157755752874, 40.000982570356534 ], [ 116.323149532910364, 40.000976167563152 ], [ 116.323140520521022, 40.000970427599462 ], [ 116.323130808505937, 40.000965407735812 ], [ 116.32312049376668, 40.000961158057756 ], [ 116.323109679218305, 40.000957720966369 ], [ 116.323098472762794, 40.000955130755102 ], [ 116.323086986212203, 40.000953413267695 ], [ 116.32307533417324, 40.000952585640356 ], [ 116.321855603409077, 40.000913034340634 ], [ 116.321891764058606, 40.000416235478028 ], [ 116.321942841050529, 39.999712935780977 ], [ 116.321993561564398, 39.999091805110353 ], [ 116.321847342174792, 39.999091805110353 ], [ 116.321847342174792, 39.998732980918362 ], [ 116.322022862560573, 39.998732980918362 ], [ 116.322058313226336, 39.998298846992725 ], [ 116.322058470385045, 39.998290016238023 ], [ 116.32205750260475, 39.998281216076904 ], [ 116.322055419185347, 39.99827253107086 ], [ 116.32205224014703, 39.998264044674734 ], [ 116.322047996037796, 39.998255838434972 ], [ 116.322042727639968, 39.998247991205886 ], [ 116.322036485578266, 39.998240578392043 ], [ 116.322029329833342, 39.99823367122363 ], [ 116.322021329165523, 39.998227336072034 ], [ 116.322012560453842, 39.998221633812129 ], [ 116.322003107957542, 39.998216619237219 ], [ 116.321993062506309, 39.998212340532639 ], [ 116.321982520627486, 39.998208838812651 ], [ 116.321971583618577, 39.998206147725483 ], [ 116.321960356573868, 39.998204293129888 ], [ 116.321948947374608, 39.998203292846775 ], [ 116.321937465652283, 39.998203156487911 ], [ 116.321887211695497, 39.998204455298477 ], [ 116.320944158909967, 39.9982282541175 ], [ 116.320943427099039, 39.998228274343703 ], [ 116.320721601847097, 39.998234939052239 ], [ 116.319908793892694, 39.998246801233719 ], [ 116.319436010585349, 39.998244906912333 ], [ 116.319421807596285, 39.998244850736427 ], [ 116.319403096627767, 39.997865356224231 ], [ 116.319397496850527, 39.997658274953032 ], [ 116.319163161333861, 39.997658274953032 ], [ 116.319168882532225, 39.997869873165179 ] ] ], [ [ [ 116.322884283713208, 40.001968642221073 ], [ 116.323118784411861, 40.001968642221073 ], [ 116.323118832576085, 40.001967748131733 ], [ 116.322884331880516, 40.001967748131733 ], [ 116.322884283713208, 40.001968642221073 ] ] ], [ [ [ 116.319414622285436, 39.997298558497818 ], [ 116.319178705988023, 39.997298558497818 ], [ 116.319178569968116, 39.997299443075086 ], [ 116.319414486268542, 39.997299443075086 ], [ 116.319414622285436, 39.997298558497818 ] ] ], [ [ [ 116.319462677293956, 39.996938842023468 ], [ 116.319234857299833, 39.996938842023468 ], [ 116.319234545199819, 39.99693972660085 ], [ 116.319462941617516, 39.99693972660085 ], [ 116.319462677293956, 39.996938842023468 ] ] ] ] } },
{ "type": "Feature", "properties": { "arc_id": "(13, 14)", "length": 593.94246799580992 }, "geometry": { "type": "MultiPolygon", "coordinates": [ [ [ [ 116.323918602108193, 39.999682956464547 ], [ 116.321830666774815, 39.999617580301262 ], [ 116.321819281370836, 39.999617649595322 ], [ 116.32180795848943, 39.999618568603999 ], [ 116.321796805091736, 39.999620328645889 ], [ 116.321785926537814, 39.999622913094889 ], [ 116.321775425591483, 39.99962629753707 ], [ 116.321765401449539, 39.999630450001455 ], [ 116.321755948804736, 39.999635331261956 ], [ 116.32174715695119, 39.999640895207925 ], [ 116.321739108941046, 39.999647089279769 ], [ 116.321731880799703, 39.999653854965374 ], [ 116.321725540807847, 39.999661128352926 ], [ 116.321720148856286, 39.999668840734593 ], [ 116.321715755880305, 39.999676919255542 ], [ 116.321712403378399, 39.999685287602226 ], [ 116.321710123020281, 39.999693866723206 ], [ 116.321708936347719, 39.999702575575981 ], [ 116.321657835555868, 40.000406169959149 ], [ 116.321622459215135, 40.000892169994415 ], [ 116.321847025322072, 40.000892169994415 ], [ 116.321847025322072, 40.001021806732957 ], [ 116.32184870313408, 40.001007045761206 ], [ 116.321848965057612, 40.001004235529052 ], [ 116.321891764058606, 40.000416235478028 ], [ 116.321936428710998, 39.999801230746264 ], [ 116.324028036101836, 39.999866719810825 ], [ 116.324039650358174, 39.999866640164846 ], [ 116.324051197274187, 39.999865676391892 ], [ 116.324062563341471, 39.999863837966025 ], [ 116.324073636829368, 39.999861142959332 ], [ 116.324084308883414, 39.99985761786423 ], [ 116.324094474595313, 39.999853297333082 ], [ 116.324104034034363, 39.999848223837532 ], [ 116.324112893229568, 39.999842447250991 ], [ 116.32412096509357, 39.999836024358338 ], [ 116.324128170278726, 39.99982901829781 ], [ 116.324134437957056, 39.999821497940239 ], [ 116.324139706516476, 39.999813537212063 ], [ 116.324143924166464, 39.999805214368614 ], [ 116.32414704944722, 39.999796611224852 ], [ 116.324149051637107, 39.999787812351137 ], [ 116.324149911054704, 39.999778904241808 ], [ 116.324171888590385, 39.999088227244449 ], [ 116.323937528589241, 39.999088227244449 ], [ 116.323918602108193, 39.999682956464547 ] ] ], [ [ [ 116.321585682515618, 40.00125188624952 ], [ 116.321820873237897, 40.00125188624952 ], [ 116.321820974526744, 40.001250995135507 ], [ 116.321585783807492, 40.001250995135507 ], [ 116.321585682515618, 40.00125188624952 ] ] ], [ [ [ 116.321540623144116, 40.001611602483671 ], [ 116.321776094353666, 40.001611602483671 ], [ 116.321776210431466, 40.001610711369722 ], [ 116.321540739224943, 40.001610711369722 ], [ 116.321540623144116, 40.001611602483671 ] ] ], [ [ [ 116.321493764762863, 40.00197131869669 ], [ 116.321729237194802, 40.00197131869669 ], [ 116.321729353272602, 40.001970427582819 ], [ 116.32149388084369, 40.001970427582819 ], [ 116.321493764762863, 40.00197131869669 ] ] ], [ [ [ 116.323720352820445, 39.998839950584241 ], [ 116.323720352820445, 39.999020290475613 ], [ 116.323720398105479, 39.999020291902056 ], [ 116.323720398105479, 39.998839952010663 ], [ 116.323720352820445, 39.998839950584241 ] ] ] ] } },
{ "type": "Feature", "properties": { "arc_id": "(13, 15)", "length": 490.26336558607869 }, "geometry": { "type": "MultiPolygon", "coordinates": [ [ [ [ 116.323118832576085, 40.001967748131733 ], [ 116.322884331880516, 40.001967748131733 ], [ 116.322884283713208, 40.001968642221073 ], [ 116.323118784411861, 40.001968642221073 ], [ 116.323118832576085, 40.001967748131733 ] ] ], [ [ [ 116.323141178909324, 40.001552925411616 ], [ 116.323179188065396, 40.00113720337815 ], [ 116.323947469023977, 40.001168170850015 ], [ 116.323959006274677, 40.001168198328067 ], [ 116.323970491088701, 40.00116735289425 ], [ 116.323981812072262, 40.001165642748617 ], [ 116.323992859420613, 40.001163084478222 ], [ 116.324003525983031, 40.001159702896331 ], [ 116.324013708302232, 40.00115553080164 ], [ 116.32402330761775, 40.001150608660225 ], [ 116.324032230823804, 40.001144984213006 ], [ 116.324040391372449, 40.00113871201274 ], [ 116.324047710112993, 40.001131852894829 ], [ 116.324054116059699, 40.001124473387307 ], [ 116.324059547080196, 40.001116645065579 ], [ 116.324063950498285, 40.001108443858179 ], [ 116.324067283604634, 40.001099949310216 ], [ 116.324069514071226, 40.00109124381207 ], [ 116.324070620264749, 40.001082411800034 ], [ 116.324149818049975, 39.999780911702572 ], [ 116.324149911054704, 39.999778904241808 ], [ 116.324171888590385, 39.999088227244449 ], [ 116.3239375285861, 39.999088227244449 ], [ 116.323915720910023, 39.999773491510901 ], [ 116.32384208723073, 40.000983487559921 ], [ 116.323076532113049, 40.000952629203937 ], [ 116.323065166224538, 40.000952595649267 ], [ 116.323053849602999, 40.000953409332745 ], [ 116.323042688775004, 40.000955062594997 ], [ 116.323031788800506, 40.000957539873376 ], [ 116.323021252284036, 40.000960817848544 ], [ 116.323011178408876, 40.000964865664038 ], [ 116.323001662003321, 40.000969645216593 ], [ 116.322992792648108, 40.000975111514933 ], [ 116.322984653833174, 40.000981213103238 ], [ 116.322977322171724, 40.000987892545474 ], [ 116.3229708666791, 40.000995086966121 ], [ 116.322965348122963, 40.001002728641986 ], [ 116.32296081845152, 40.001010745639697 ], [ 116.322957320304198, 40.00101906249283 ], [ 116.322954886610574, 40.001027600912366 ], [ 116.322953540280096, 40.001036280523522 ], [ 116.322907339424177, 40.001541580470352 ], [ 116.322907151286117, 40.001544170553757 ], [ 116.322903662713898, 40.001608926007854 ], [ 116.323138162179703, 40.001608926007854 ], [ 116.323141178909324, 40.001552925411616 ] ] ], [ [ [ 116.323720352820445, 39.998839950584241 ], [ 116.323720352820445, 39.999020290475613 ], [ 116.323720398105479, 39.999020291902056 ], [ 116.323720398105479, 39.998839952010663 ], [ 116.323720352820445, 39.998839950584241 ] ] ] ] } },
{ "type": "Feature", "properties": { "arc_id": "(14, 15)", "length": 129.38158332795757 }, "geometry": { "type": "Polygon", "coordinates": [ [ [ 116.321961014540321, 40.001969535397883 ], [ 116.321846980054531, 40.001969535397883 ], [ 116.321846980054531, 40.001967332032009 ], [ 116.321846934786294, 40.001967331157338 ], [ 116.321846934786294, 40.001970427582819 ], [ 116.321553502434369, 40.001970427582819 ], [ 116.321550884284676, 40.00197131869669 ], [ 116.321846889517346, 40.00197131869669 ], [ 116.321846889517346, 40.002147575704186 ], [ 116.322783465679763, 40.002165672181135 ], [ 116.322783465679763, 40.001985426737797 ], [ 116.321961014540321, 40.001969535397883 ] ] ] } }
]
}
